language,category,policy_author,tier,max_selected,max_total,work_key,work_title,work_authors,author_score,first_publish_year,edition_key,edition_title,edition_subtitle,edition_languages,edition_title_score,isbn,publisher,publish_date,page_count,cover_id,cover_state,cover_width,cover_height,cover_format,cover_local_path,collection_flag,suspicious_flag,pre_cover_score,final_score,classification,classification_reason,selection_state
EN,CONTEMPORARY,Chimamanda Ngozi Adichie,1,7,10,/works/OL25172750W,"Half of a Yellow Sun, Americanah, Purple Hibiscus",Chimamanda Ngozi Adichie,1.0000,2014,/books/OL42407553M,Americanah / Half of a Yellow Sun / Purple Hibiscus,3 Books Collection Set,eng,0.7660,9783200302686,Fourth Estate,"Dec 02, 2015",,13286449,NOT_PROBED,,,,,NO,NO,162.3191,171.3191,REVIEW,Edition/work title match below AUTO_ACCEPT threshold.,
EN,CONTEMPORARY,Louise Erdrich,1,8,12,/works/OL479018W,"Range Eternal, The",Louise Erdrich | Steve Johnson | Lou Fancher,1.0000,2002,/books/OL17137977M,The range eternal,,eng,0.7647,0786802200,Hyperion Books for Children,2002,,9250709,NOT_PROBED,,,,,NO,NO,162.2941,171.2941,REVIEW,Edition/work title match below AUTO_ACCEPT threshold.,
EN,CONTEMPORARY,Ian McEwan,1,9,13,/works/OL1855933W,"In between the sheets, and other stories",Ian McEwan,1.0000,1978,/books/OL9513188M,In Between the Sheets (Picador Books),,eng,0.7568,9780330256650,Alpha Book Dist,April 1988,,10442404,NOT_PROBED,,,,,NO,NO,162.1351,171.1351,REVIEW,Edition/work title match below AUTO_ACCEPT threshold.,
EN,CONTEMPORARY,Louise Erdrich,1,8,12,/works/OL7948415W,Prentice Hall Literature [Grade Ten],"Kevin Feldman | Chinua Achebe | Rudolfo A. Anaya | Maya Angelou | Lucius Apuleius | Dave Barry | Bei Dao | Stephen Vincent Benét | Sally Benson | Elizabeth Bishop | Ray Bradbury | Emily Brontë | Gwendolyn Brooks | Robert Browning | Anatole Broyard | Jay Burreson | Italo Calvino | Rachel Carson | Miguel de Cervantes Saavedra | Антон Павлович Чехов | C. J. Cherryh | Sandra Cisneros | Olivia E. Coolidge | Lynne Cox | Anita Desai | Emily Dickinson | Annie Dillard | Ann Douglas | Dianne L. Durante | Cornelius Eady | Umberto Eco | Louise Erdrich | Joseph D. Exline | Jack Finney | Robert Frost | Federico García Lorca | Jacob Grimm | Wilhelm Grimm | Lorraine Hansberry | O. Henry | Thomas A. Hill | Langston Hughes | David Henry Hwang | Henrik Ibsen | W. W. Jacobs | Priest Jakuzen | Joel, Billy. | James Weldon Johnson | John Keats | William Melvin Kelley | Tsurayuki Ki | Rudyard Kipling | Komachi Ono | Yusef Komunyakaa | Mamadou Kouyaté | Penny LeCouteur | Denise Levertov | Guy de Maupassant | Frank McCourt | McCrae, John | Edna St. Vincent Millay | Pat Mora | Richard Mühlberger | Saki | Matthew Murray | Rasipuram Krishnaswamy Narayan | Blackfeet Tribe of the Blackfeet Indian Reservation of Montana. | DjiBril Tamsir Niane | Josephina Niggli | Naomi Shihab Nye | Jay M. Pasachoff | Alexander Petrunkevitch | Edgar Allan Poe | Александр Сергеевич Пушкин | Carl Sandburg | John Phillip Santos | William Shakespeare | Karl Jay Shapiro | Shu, Ting | Dava Sobel | Александр Солженицын | Elyse Sommers | Sophocles | Nigel Strudwick | Alfred Lord Tennyson | Dylan Thomas | James Thurber | Лев Толстой | Jean Toomer | Mark Twain | Yoshiko Uchida | Luisa Valenzuela | Susan Vreeland | Erik Weihenmayer | Dorothy West | T. H. White | Theodore H White | Elie Wiesel | William Carlos Williams | Kate Kinsella",1.0000,2007,/books/OL10082441M,Illinois,Prentice Hall Literature,eng,0.7164,9780131652484,Pearson Prentice Hall,2007,,14597326,NOT_PROBED,,,,,NO,NO,161.3284,170.3284,REVIEW,Edition/work title match below AUTO_ACCEPT threshold.,
EN,CONTEMPORARY,Louise Erdrich,1,8,12,/works/OL478996W,"Beet Queen,the",Louise Erdrich,1.0000,1986,/books/OL24968487M,The beet queen,a novel,eng,0.7143,0553347233,Bantam Books,1989,,6963053,NOT_PROBED,,,,,NO,NO,161.2857,170.2857,REVIEW,Edition/work title match below AUTO_ACCEPT threshold.,
EN,CONTEMPORARY,Chimamanda Ngozi Adichie,1,7,10,/works/OL36531591W,The Norton Anthology of English Literature -- The Major Authors -- Tenth Edition -- Volume 2,Stephen Greenblatt | Chinua Achebe | Chimamanda Ngozi Adichie | Margaret Atwood | Jane Austen | J. M. Coetzee | Charles Dickens,1.0000,2019,/books/OL28696436M,The Norton Anthology of English Literature,The Major Authors: Tenth Edition: Volume 2,eng,1.0000,9780393603095,W. W. Norton & Company,2019,,14423366,NOT_PROBED,,,,,YES,NO,147.0000,156.0000,REVIEW,Collected/omnibus work requires review.,
EN,CONTEMPORARY,Margaret Atwood,1,10,15,/works/OL10342685W,Margaret Atwood Omnibus. Wilderness Tips/Cat's Eye,Margaret Atwood,1.0000,1987,/books/OL10446301M,MARGARET ATWOOD OMNIBUS,Wilderness Tips/Cat's Eye,eng,1.0000,9780316853712,Little Brown and Company,1999,,12507651,NOT_PROBED,,,,,YES,NO,147.0000,156.0000,REVIEW,Collected/omnibus work requires review.,
EN,CONTEMPORARY,Margaret Atwood,1,10,15,/works/OL48186W,The Scribner Anthology of Contemporary Short Fiction,Michael Martone | Lex Williford | Margaret Atwood | Williford,1.0000,1999,/books/OL7722386M,The Scribner Anthology of Contemporary Short Fiction,Fifty North American American Stories Since 1970,eng,1.0000,9780684857961,Scribner Paperback Fiction,1999,,14616327,NOT_PROBED,,,,,YES,NO,147.0000,156.0000,REVIEW,Collected/omnibus work requires review.,
EN,CONTEMPORARY,Chimamanda Ngozi Adichie,1,7,10,/works/OL36423722W,"Literature, A Portable Anthology -- Fifth edition",Janet E. Gardner | Beverly Lawn | Jack Ridl | Peter Schakel | Chimamanda Ngozi Adichie | Margaret Atwood | Ambrose Bierce | Антон Павлович Чехов | Kate Chopin,1.0000,2021,/books/OL30128203M,Literature,A Portable Anthology,eng,0.9600,9781319215033,Bedford/St. Martin's,2021,,14393918,NOT_PROBED,,,,,YES,NO,146.2000,155.2000,REVIEW,Collected/omnibus work requires review.,
EN,CONTEMPORARY,Chimamanda Ngozi Adichie,1,7,10,/works/OL36423719W,"Literature, A Portable Anthology--Third edition",Janet E. Gardner | Beverly Lawn | Jack Ridl | Peter Schakel | Chimamanda Ngozi Adichie | Margaret Atwood | Антон Павлович Чехов | Kate Chopin,1.0000,2013,/books/OL27999850M,Literature,A Portable Anthology,eng,0.9600,9781457606502,Brand: Bedford/St. Martin's,2013,,14393912,NOT_PROBED,,,,,YES,NO,146.2000,155.2000,REVIEW,Collected/omnibus work requires review.,
EN,CONTEMPORARY,Chimamanda Ngozi Adichie,1,7,10,/works/OL36531597W,The Norton anthology of English literature -- Tenth Edition -- Volume F,Jahan Ramazani | Chinua Achebe | Chimamanda Ngozi Adichie | J. M. Coetzee,1.0000,2018,/books/OL49379241M,The Norton Anthology of English Literature,Tenth Edition: Volume F: The twentieth and twenty-first centuries,eng,0.9600,9780393603071,W. W. Norton & Company,2018,,14423390,NOT_PROBED,,,,,YES,NO,146.2000,155.2000,REVIEW,Collected/omnibus work requires review.,
EN,CONTEMPORARY,Martin Amis,1,8,12,/works/OL29343127W,Amis Omnibus,Martin Amis,1.0000,1999,/books/OL40340101M,Amis Omnibus,,eng,1.0000,9780224031431,Penguin Random House,1999,,,NOT_PROBED,,,,,YES,NO,135.0000,144.0000,REVIEW,Collected/omnibus work requires review.,
EN,CONTEMPORARY,Paul Auster,1,9,13,/works/OL39006820W,A little anthology of surrealist poems,Paul Auster,1.0000,1972,/books/OL53111914M,A little anthology of surrealist poems,,eng,1.0000,,Siamese Banana Press,1972,,,NOT_PROBED,,,,,YES,NO,129.0000,133.0000,REVIEW,Collected/omnibus work requires review.,
EN,CONTEMPORARY,Michael Chabon,2,7,10,/works/OL17442722W,The Ecco Anthology of Contemporary American Short Fiction,Joyce Carol Oates | Michael Chabon,1.0000,2008,/books/OL49952943M,The Ecco Anthology of Contemporary American Short Fiction,,eng,1.0000,9780061661587,Harper Perennial,2009,,14547953,NOT_PROBED,,,,,YES,NO,127.0000,136.0000,REVIEW,Collected/omnibus work requires review.,
EN,CONTEMPORARY,Roddy Doyle,2,7,10,/works/OL39116753W,Roddy Doyle Omnibus,Roddy Doyle,1.0000,2001,/books/OL53236519M,Roddy Doyle Omnibus,,eng,1.0000,9780099428268,Hodder & Stoughton,2001,,,NOT_PROBED,,,,,YES,NO,115.0000,124.0000,REVIEW,Collected/omnibus work requires review.,
EN,CONTEMPORARY,Sebastian Barry,2,6,9,/works/OL36026513W,Methuen Drama Anthology of Irish Plays,Brendan Behan | Patrick Lonergan | Christina Reid | Martin McDonagh | Sebastian Barry,1.0000,2008,/books/OL48643229M,Methuen Drama Anthology of Irish Plays,Hostage; Bailegangaire; Belle of the Belfast City; Steward of Christendom; Cripple of Inishmaan,eng,1.0000,9781408149461,Bloomsbury Publishing Plc,2008,,,NOT_PROBED,,,,,YES,NO,115.0000,124.0000,REVIEW,Collected/omnibus work requires review.,
EN,ENGLISH_LANGUAGE_CANON,Daniel Defoe,1,7,10,/works/OL45286W,The Military Memoirs of Capt. George Carleton,Daniel Defoe,1.0000,1728,/books/OL9840999M,Military Memoirs of Capt. George Carleton (Large Print Edition),,eng,0.7692,9781426480614,BiblioBazaar,"January 31, 2007",,1846741,NOT_PROBED,,,,,NO,NO,162.3846,171.3846,REVIEW,Edition/work title match below AUTO_ACCEPT threshold.,
EN,ENGLISH_LANGUAGE_CANON,Edgar Allan Poe,1,8,12,/works/OL41071W,"The Complete Tales and Poems of Edgar Allan Poe [67 stories, 52 poems, 4 essays]",Edgar Allan Poe,1.0000,1938,/books/OL1743118M,The collected tales and poems of Edgar Allan Poe.,,eng,0.7258,0679600078,Modern Library,1992,,419353,NOT_PROBED,,,,,NO,NO,161.5161,170.5161,REVIEW,Edition/work title match below AUTO_ACCEPT threshold.,
EN,ENGLISH_LANGUAGE_CANON,Herman Melville,1,7,10,/works/OL14953511W,"Novels (Bartleby, the Scrivener / Benito Cereno)",Herman Melville,1.0000,1990,/books/OL32062758M,Bartleby and Benito Cereno,,eng,0.6957,9780486264738,Dover Publications,1990,,10720536,NOT_PROBED,,,,,NO,NO,160.9130,169.9130,REVIEW,Edition/work title match below AUTO_ACCEPT threshold.,
EN,ENGLISH_LANGUAGE_CANON,Jane Austen,1,10,14,/works/OL15080247W,Novels (Sanditon / Watsons),Jane Austen,1.0000,1978,/books/OL10344603M,Sanditon and The Watsons,Austen's Unfinished Novels,eng,0.6809,9780486457932,Dover Publications,"June 26, 2007",,2427458,NOT_PROBED,,,,,NO,NO,160.6170,169.6170,REVIEW,Edition/work title match below AUTO_ACCEPT threshold.,
EN,ENGLISH_LANGUAGE_CANON,Nathaniel Hawthorne,1,7,10,/works/OL455331W,The Magic Pitcher,Nathaniel Hawthorne,1.0000,1958,/books/OL32483948M,The Miraculous Pitcher,"(From: ""A Wonder-Book for Girls and Boys"")",eng,0.7692,,Project Gutenberg,2005-11-01,,11139139,NOT_PROBED,,,,,NO,NO,156.3846,160.3846,REVIEW,Edition/work title match below AUTO_ACCEPT threshold.,
EN,ENGLISH_LANGUAGE_CANON,Edith Wharton,1,7,10,/works/OL13131348W,Works (Ethan Frome / Hermit and the Wild Woman and other stories),Edith Wharton,1.0000,1914,/books/OL24654714M,The Hermit and the Wild Women and other stories / Ethan Frome,,eng,0.7667,,C. Scribner's Sons,1914,,9256389,NOT_PROBED,,,,,NO,NO,156.3333,160.3333,REVIEW,Edition/work title match below AUTO_ACCEPT threshold.,
EN,ENGLISH_LANGUAGE_CANON,Edgar Allan Poe,1,8,12,/works/OL273544W,The Works of Edgar Allan Poe in Five Volumes - Volume Five,Edgar Allan Poe,1.0000,1903,/books/OL33119373M,"The Works of Edgar Allan Poe, Raven Edition, Volume 5",,eng,0.7664,,LibriVox,2013-11-23,,11823347,NOT_PROBED,,,,,NO,NO,156.3271,160.3271,REVIEW,Edition/work title match below AUTO_ACCEPT threshold.,
EN,ENGLISH_LANGUAGE_CANON,Jane Austen,1,10,14,/works/OL66600W,Novels (Lady Susan / Watsons),Jane Austen | James Edward Austen-Leigh,1.0000,1871,/books/OL26250205M,"Lady Susan, The Watsons",With a Memoir,eng,0.7660,,"Little, Brown, and company",1905,,12641534,NOT_PROBED,,,,,NO,NO,156.3191,160.3191,REVIEW,Edition/work title match below AUTO_ACCEPT threshold.,
EN,ENGLISH_LANGUAGE_CANON,Nathaniel Hawthorne,1,7,10,/works/OL455600W,Works (Tanglewood Tales / Wonder-Book for Girls and Boys),Nathaniel Hawthorne,1.0000,1868,/books/OL32476521M,"A Wonder Book and Tanglewood Tales, for Girls and Boys",,eng,0.7547,,Project Gutenberg,2011-02-23,,11132393,NOT_PROBED,,,,,NO,NO,156.0943,160.0943,REVIEW,Edition/work title match below AUTO_ACCEPT threshold.,
EN,ENGLISH_LANGUAGE_CANON,Nathaniel Hawthorne,1,7,10,/works/OL25479797W,Marble Faun Annotated,Nathaniel Hawthorne,1.0000,1892,/books/OL36890920M,Marble Faun (Illustrated),,eng,0.7727,9798775042479,Independently Published,2021,,,NOT_PROBED,,,,,NO,NO,150.4545,159.4545,REVIEW,Edition/work title match below AUTO_ACCEPT threshold.,
EN,ENGLISH_LANGUAGE_CANON,Mark Twain,1,10,15,/works/OL54117W,The Million Pound Bank-Note,Mark Twain,1.0000,1917,/books/OL31938586M,"The 1,000,000 Pound Bank-Note",,eng,0.7143,,Harper & Brothers Publishers,1917-05,,10620871,NOT_PROBED,,,,,NO,NO,155.2857,159.2857,REVIEW,Edition/work title match below AUTO_ACCEPT threshold.,
EN,ENGLISH_LANGUAGE_CANON,Edgar Allan Poe,1,8,12,/works/OL273515W,"Ten Great Mysteries [10 stories, 5 poems]","Edgar Allan Poe | Conklin, Groff",1.0000,1960,/books/OL45644386M,Ten Great Mysteries By Edgar Allen Poe,,eng,0.7105,,"Scholastic, Incorporated",1962-01-01,,15076138,NOT_PROBED,,,,,NO,NO,155.2105,159.2105,REVIEW,Edition/work title match below AUTO_ACCEPT threshold.,
EN,ENGLISH_LANGUAGE_CANON,Mark Twain,1,10,15,/works/OL20393827W,"A  Tramp  Abroad,  Part 7",Mark Twain,1.0000,2012,/books/OL34268366M,"Tramp Abroad, Part 7 Annotated",,eng,0.7600,9798519529846,Independently Published,2021,,,NOT_PROBED,,,,,NO,NO,150.2000,159.2000,REVIEW,Edition/work title match below AUTO_ACCEPT threshold.,
EN,ENGLISH_LANGUAGE_CANON,Mark Twain,1,10,15,/works/OL53922W,Novels (Adventures of Huckleberry Finn / Adventures of Tom Sawyer / Prince and the Pauper),Mark Twain,1.0000,1978,/books/OL27901006M,Adventures of Tom Sawyer / Adventures of Huckleberry Finn / The Prince and the Pauper,,eng,0.7030,,Mustard,1999,,9255586,NOT_PROBED,,,,,NO,NO,155.0606,159.0606,REVIEW,Edition/work title match below AUTO_ACCEPT threshold.,
EN,ENGLISH_LANGUAGE_CANON,Nathaniel Hawthorne,1,7,10,/works/OL28606881W,A Wonder Book and Tanglewood Tales,Nathaniel Hawthorne,1.0000,1909,/books/OL55995814M,"Wonder Book and Tanglewood Tales, for Girls and Boys",,eng,0.7529,9781718679504,CreateSpace Independent Publishing Platform,2018,,,NOT_PROBED,,,,,NO,NO,150.0588,159.0588,REVIEW,Edition/work title match below AUTO_ACCEPT threshold.,
EN,ENGLISH_LANGUAGE_CANON,Edgar Allan Poe,1,8,12,/works/OL20638774W,El escarabajo de oro,Edgar Allan Poe,1.0000,1997,/books/OL37501635M,Escarabajo de Oro Illustrated,,eng,0.6939,9798734301173,Independently Published,2021,,,NOT_PROBED,,,,,NO,NO,148.8776,157.8776,REVIEW,Edition/work title match below AUTO_ACCEPT threshold.,
EN,ENGLISH_LANGUAGE_CANON,Charles Dickens,1,12,18,/works/OL20343103W,The Schoolboy's Story,Charles Dickens,1.0000,2014,/books/OL38469807M,Schoolboy's Story Illustrated,,eng,0.6800,9798411437348,Independently Published,2022,,,NOT_PROBED,,,,,NO,NO,148.6000,157.6000,REVIEW,Edition/work title match below AUTO_ACCEPT threshold.,
EN,ENGLISH_LANGUAGE_CANON,Emily Brontë,1,5,7,/works/OL16277160W,The Broadview anthology of Victorian poetry and poetic theory,Thomas J. Collins | Emily Brontë | Lewis Carroll,1.0000,1999,/books/OL6820761M,The Broadview anthology of Victorian poetry and poetic theory,,eng,1.0000,1551111004,Broadview Press,1999,,13773138,NOT_PROBED,,,,,YES,NO,147.0000,156.0000,REVIEW,Collected/omnibus work requires review.,
EN,ENGLISH_LANGUAGE_CANON,Oscar Wilde,1,8,12,/works/OL14877867W,Complete Works of Oscar Wilde,Oscar Wilde,1.0000,1907,/books/OL2218275M,Complete works of Oscar Wilde,,eng,1.0000,0060551704,Perennial Library,1989,,4095558,NOT_PROBED,,,,,YES,NO,147.0000,156.0000,REVIEW,Collected/omnibus work requires review.,
EN,ENGLISH_LANGUAGE_CANON,Edith Wharton,1,7,10,/works/OL98499W,The Edith Wharton Omnibus (Age of Innocence / Ethan Frome / Old New York),Edith Wharton,1.0000,1978,/books/OL4725047M,The Edith Wharton Omnibus,,eng,0.9600,9780684159737,Charles Scribner's Sons,1978,,9219023,NOT_PROBED,,,,,YES,NO,146.2000,155.2000,REVIEW,Collected/omnibus work requires review.,
EN,ENGLISH_LANGUAGE_CANON,William Shakespeare,1,12,18,/works/OL8027045W,"The Complete Works of Shakespeare [38 plays, 4 poems, sonnets]",William Shakespeare,1.0000,1991,/books/OL3684540M,The Complete Works of Shakespeare,,eng,0.9600,9780321093332,Pearson Longman,2006,,12492905,NOT_PROBED,,,,,YES,NO,146.2000,155.2000,REVIEW,Collected/omnibus work requires review.,
EN,ENGLISH_LANGUAGE_CANON,Charlotte Brontë,1,7,10,/works/OL1095422W,The complete works of Charlotte Brontë and her sisters,Charlotte Brontë,1.0000,1903,/books/OL14001506M,The complete works of Charlotte Brontë and her sisters.,With illus. from photographs.,eng,1.0000,,T.Y. Crowell,1903,,5732985,NOT_PROBED,,,,,YES,NO,141.0000,145.0000,REVIEW,Collected/omnibus work requires review.,
EN,ENGLISH_LANGUAGE_CANON,Edgar Allan Poe,1,8,12,/works/OL41075W,The complete works of Edgar Allan Poe,Edgar Allan Poe,1.0000,1902,/books/OL17745771M,The complete works of Edgar Allan Poe,,eng,1.0000,,AMS Press.,1965,,9823495,NOT_PROBED,,,,,YES,NO,141.0000,145.0000,REVIEW,Collected/omnibus work requires review.,
EN,ENGLISH_LANGUAGE_CANON,Emily Brontë,1,5,7,/works/OL2026364W,The Norton Anthology of English Literature -- Volume 2,M. H. Abrams | Emily Brontë | Lewis Carroll | M.H. Abrams,1.0000,1962,/books/OL43049175M,The Norton Anthology of English Literature,Volume 2,eng,1.0000,,W. W. Norton & Company,1962,,14423387,NOT_PROBED,,,,,YES,NO,141.0000,145.0000,REVIEW,Collected/omnibus work requires review.,
EN,ENGLISH_LANGUAGE_CANON,Oscar Wilde,1,8,12,/works/OL14877856W,Collected works,Oscar Wilde,1.0000,1909,/books/OL7222024M,Collected works.,Authorized ed.  Edited by Robert Ross,eng,1.0000,,Musson Book Co.,1909,,5692287,NOT_PROBED,,,,,YES,NO,141.0000,145.0000,REVIEW,Collected/omnibus work requires review.,
EN,ENGLISH_LANGUAGE_CANON,Rudyard Kipling,1,8,12,/works/OL15127479W,Many Inventions (Collected Works of Rudyard Kipling),Rudyard Kipling,1.0000,1893,/books/OL23306835M,Many inventions,,eng,0.9600,,"Doubleday, Page & Co.",1912,,6040810,NOT_PROBED,,,,,YES,NO,140.2000,144.2000,REVIEW,Collected/omnibus work requires review.,
EN,ENGLISH_LANGUAGE_CANON,Emily Brontë,1,5,7,/works/OL29338882W,Longman Anthology of British Literature Vol. 2,Emily Brontë,1.0000,1999,/books/OL40334837M,Longman Anthology of British Literature Vol. 2,Wuthering Heights,eng,1.0000,9780201675993,"Pearson Education, Limited",1999,,,NOT_PROBED,,,,,YES,NO,135.0000,144.0000,REVIEW,Collected/omnibus work requires review.,
EN,ENGLISH_LANGUAGE_CANON,Emily Brontë,1,5,7,/works/OL21167W,The complete works of Emily Bronte,Emily Brontë,1.0000,1910,/books/OL26569193M,The complete poems of Emily Jane Brontë,,eng,0.8493,,Hodder and Stoughton,1923,,14839276,NOT_PROBED,,,,,YES,NO,137.9863,141.9863,REVIEW,Collected/omnibus work requires review.,
EN,ENGLISH_LANGUAGE_CANON,Nathaniel Hawthorne,1,7,10,/works/OL455654W,The complete works of Nathaniel Hawthorne,Nathaniel Hawthorne,1.0000,1882,/books/OL13536988M,The complete works of Nathaniel Hawthorne,,eng,1.0000,,"Houghton, Mifflin",1882,,,NOT_PROBED,,,,,YES,NO,129.0000,133.0000,REVIEW,Collected/omnibus work requires review.,
EN,ENGLISH_LANGUAGE_CANON,Edgar Allan Poe,1,8,12,/works/OL41020W,Complete Works of Edgar Allen Poe,Edgar Allan Poe,1.0000,1902,/books/OL17638052M,The Complete works of Edgar Allen Poe,,eng,0.9600,,Fred de Fau,1902,,,NOT_PROBED,,,,,YES,NO,128.2000,132.2000,REVIEW,Collected/omnibus work requires review.,
EN,ENGLISH_LANGUAGE_CANON,Kate Chopin,2,5,8,/works/OL65439W,The Complete Works of Kate Chopin,Kate Chopin | Edmund Wilson | Per Seyersted,1.0000,1969,/books/OL18360683M,The Complete Works of Kate Chopin,,eng,1.0000,9780807108499,Louisiana State University Press,1988,,10367197,NOT_PROBED,,,,,YES,NO,127.0000,136.0000,REVIEW,Collected/omnibus work requires review.,
EN,ENGLISH_LANGUAGE_CANON,Kate Chopin,2,5,8,/works/OL36890595W,The Norton anthology of American literature -- Ninth Edition -- Volume C,Robert S. Levine | Ambrose Bierce | Kate Chopin,1.0000,2017,/books/OL52910590M,The Norton anthology of American literature,Volume C: 1865-1914,eng,0.9600,9780393264487,W. W. Norton & Company,2017,,14650479,NOT_PROBED,,,,,YES,NO,126.2000,135.2000,REVIEW,Collected/omnibus work requires review.,
EN,ENGLISH_LANGUAGE_CANON,Kate Chopin,2,5,8,/works/OL38909152W,"The Norton anthology of American literature. Volume 2, 1865 to present--shorter tenth edition",Robert S. Levine | Ambrose Bierce | Kate Chopin,1.0000,2023,/books/OL52978784M,The Norton anthology of American literature,Volume 2: 1865 to presen,eng,0.9600,9780393696844,W. W. Norton & Company,2023,,14652325,NOT_PROBED,,,,,YES,NO,126.2000,135.2000,REVIEW,Collected/omnibus work requires review.,
EN,ENGLISH_LANGUAGE_CANON,Kate Chopin,2,5,8,/works/OL36417225W,The Norton Anthology of Short Fiction--Shorter Eighth Edition,Richard Bausch | R. V. Cassill | Margaret Atwood | Ambrose Bierce | Jorge Luis Borges | Антон Павлович Чехов | Kate Chopin,1.0000,2015,/books/OL28556273M,The Norton Anthology of Short Fiction,,eng,0.9600,9780393937763,W. W. Norton & Company,2015,,15246880,NOT_PROBED,,,,,YES,NO,126.2000,135.2000,REVIEW,Collected/omnibus work requires review.,
EN,ENGLISH_LANGUAGE_CANON,Henry Fielding,2,5,8,/works/OL45657W,Life of Mr. Jonathan Wild the great,Henry Fielding,1.0000,1754,/books/OL17033793M,The history of Jonathan Wild the Great,"By Henry Fielding, Esq.",eng,0.7778,,printed for Harrison and Co.,1782,,,NOT_PROBED,,,,,NO,NO,124.5556,128.5556,REVIEW,Edition/work title match below AUTO_ACCEPT threshold.,
EN,ENGLISH_LANGUAGE_CANON,Henry Fielding,2,5,8,/works/OL45676W,"The complete works of Henry Fielding, esq",Henry Fielding,1.0000,1902,/books/OL23290151M,"The complete works of Henry Fielding, esq.","with an essay on the life, genius and achievement of the author",eng,1.0000,,Printed for subscribers only by Croscup & Sterling co,1902,,6031248,NOT_PROBED,,,,,YES,NO,121.0000,125.0000,REVIEW,Collected/omnibus work requires review.,
EN,ENGLISH_LANGUAGE_CANON,Laurence Sterne,2,5,8,/works/OL679222W,The complete works and life of Laurence Sterne,Laurence Sterne,1.0000,1899,/books/OL14001503M,The complete works and life of Laurence Sterne (Volume III),A Sentimental Journey Through France and Italy; The Letters of Laurence Stern to His Most Intimate Friends (Volume I),eng,0.9600,,Clonmel Society,1899,,5780152,NOT_PROBED,,,,,YES,NO,120.2000,124.2000,REVIEW,Collected/omnibus work requires review.,
EN,ENGLISH_LANGUAGE_CANON,Anne Brontë,2,5,8,/works/OL32391374W,Anthology of Poems by Anne Bronte,Anne Brontë,1.0000,2009,/books/OL44231215M,Anthology of Poems by Anne Bronte,,eng,1.0000,9781442935280,"ReadHowYouWant.com, Limited",2009,,,NOT_PROBED,,,,,YES,NO,115.0000,124.0000,REVIEW,Collected/omnibus work requires review.,
EN,ESSAYS_PHILOSOPHY,John Stuart Mill,1,7,10,/works/OL1068116W,Essays on politics and society,John Stuart Mill,1.0000,1963,/books/OL5214914M,John Stuart Mill on politics and society,,eng,0.7429,0800201698,International Publications Service,1976,,12536050,NOT_PROBED,,,,,NO,NO,161.8571,170.8571,REVIEW,Edition/work title match below AUTO_ACCEPT threshold.,
EN,ESSAYS_PHILOSOPHY,David Hume,1,7,10,/works/OL93547W,Philosophical essays concerning human understanding,David Hume,1.0000,1900,/books/OL24613305M,An enquiry concerning human understanding,,eng,0.7609,,"The Open court publishing co.; [etc., etc.]",1900,,6711163,NOT_PROBED,,,,,NO,NO,156.2174,160.2174,REVIEW,Edition/work title match below AUTO_ACCEPT threshold.,
EN,ESSAYS_PHILOSOPHY,John Stuart Mill,1,7,10,/works/OL1068155W,Essays (Nature / Theism / Utility of Religion),John Stuart Mill,1.0000,1874,/books/OL24437189M,"Nature, the Utility of religion, and Theism",,eng,0.7407,,"Longmans, Green, Reader, and Dyer",1874,,7207190,NOT_PROBED,,,,,NO,NO,155.8148,159.8148,REVIEW,Edition/work title match below AUTO_ACCEPT threshold.,
EN,GRAPHIC,Alan Moore,1,8,12,/works/OL8913443W,The Extraordinary Works of Alan Moore,George Khoury | Neil Gaiman | Alan Moore,1.0000,2003,/books/OL28741797M,Extraordinary Works of Alan Moore : Indispensable Edition,Indispensable Edition,eng,0.7174,9781605490090,TwoMorrows Publishing,2008,,12985784,NOT_PROBED,,,,,NO,NO,161.3478,170.3478,REVIEW,Edition/work title match below AUTO_ACCEPT threshold.,
EN,GRAPHIC,Alan Moore,1,8,12,/works/OL21208374W,The Tempest (The League of Extraordinary Gentlemen),Alan Moore | Kevin O'Neill,1.0000,2019,/books/OL29440454M,League of Extraordinary Gentleman - The Tempest,,eng,0.6809,9780861662821,Knockabout Comics,2019,,13809746,NOT_PROBED,,,,,NO,NO,160.6170,169.6170,REVIEW,Edition/work title match below AUTO_ACCEPT threshold.,
EN,GRAPHIC,Art Spiegelman,1,5,8,/works/OL8860942W,"An Anthology of Graphic Fiction, Cartoons, and True Stories",Ivan Brunetti | Robert Crumb | Kim Deitch | Art Spiegelman | Chris Ware | Ben Katchor | Charles Burns | Gary Panter | Seth | Phoebe Gloeckner | Daniel Clowes | Lynda Barry | Joe Sacco | Jaime Hernandez | Gilbert Hernandez,1.0000,2006,/books/OL27111070M,"An anthology of graphic fiction, cartoons, & true stories",,eng,0.9636,9780300126716,Yale University Press,2008,,12191892,NOT_PROBED,,,,,YES,NO,146.2727,155.2727,REVIEW,Collected/omnibus work requires review.,
EN,GRAPHIC,Brian K. Vaughan,2,8,12,/works/OL15425019W,"Y The Last Man - Deluxe Edition, Book 4",Brian K. Vaughan,1.0000,2010,/books/OL24393800M,"Y: The Last Man, Book 4",,eng,0.7368,9781401228880,Vertigo,2010,,6648288,NOT_PROBED,,,,,NO,NO,141.7368,150.7368,REVIEW,Edition/work title match below AUTO_ACCEPT threshold.,
EN,GRAPHIC,Brian K. Vaughan,2,8,12,/works/OL26307231W,Y The Last Man Omnibus,Brian K. Vaughan,1.0000,2019,/books/OL35478513M,Y: The Last Man Omnibus,,eng,1.0000,9781401298159,DC Comics,2019,,12358927,NOT_PROBED,,,,,YES,NO,127.0000,136.0000,REVIEW,Collected/omnibus work requires review.,
EN,HISTORY_SOCIETY,Jill Lepore,1,6,9,/works/OL17081272W,The Secret History of Wonder Woman,Jill Lepore,1.0000,2014,/books/OL27477523M,Secret History of Wonder Woman by Jill Lapore,,eng,0.7595,9781101946879,Alfred A. Knopf,2014,,8935675,NOT_PROBED,,,,,NO,NO,162.1899,171.1899,REVIEW,Edition/work title match below AUTO_ACCEPT threshold.,
EN,SCIENCE_CULTURE,Oliver Sacks,1,9,13,/works/OL37539735W,"Oliver Sacks Omnibus (A 4-in-1 book) (: AWAKENINGS, A LEG TO STAND ON, THE MAN WHO MISTOOK HIS WIFE FOR A HAT, SEEING VOICES) (: AWAKENINGS, A LEG TO STAND ON, THE MAN WHO MISTOOK HIS WIFE FOR A HAT, SEEING VOICES)",Oliver Sacks,1.0000,1990,/books/OL50565780M,"Oliver Sacks Omnibus (A 4-in-1 book) (: AWAKENINGS, A LEG TO STAND ON, THE MAN WHO MISTOOK HIS WIFE FOR A HAT, SEEING VOICES) (: AWAKENINGS, A LEG TO STAND ON, THE MAN WHO MISTOOK HIS WIFE FOR A HAT, SEEING VOICES)",,eng,1.0000,,Quality Paperback Book Club,1990,,15029556,NOT_PROBED,,,,,YES,NO,141.0000,145.0000,REVIEW,Collected/omnibus work requires review.,
EN,SCIENCE_CULTURE,Stephen Jay Gould,1,8,12,/works/OL6595597W,Complete Works of Vladimir Kovalevsky,Stephen Jay Gould,1.0000,1980,/books/OL7477127M,Complete Works of Vladimir Kovalevsky,Original Anthology (History of Paleontology),eng,1.0000,9780405127502,Arno Press,June 1980,,,NOT_PROBED,,,,,YES,NO,135.0000,144.0000,REVIEW,Collected/omnibus work requires review.,
EN,SCIENCE_CULTURE,Richard Dawkins,2,8,12,/works/OL1966483W,Climbing Mount Improbable,Richard Dawkins,1.0000,1996,/books/OL26177190M,The View From Mount Improbable,,eng,0.6909,9780141022192,Penguin,2005,,7849066,NOT_PROBED,,,,,NO,NO,140.8182,149.8182,REVIEW,Edition/work title match below AUTO_ACCEPT threshold.,
EN,TWENTIETH_CENTURY,James Joyce,1,8,12,/works/OL86334W,The Portable James Joyce,James Joyce,1.0000,1947,/books/OL7882837M,The Essential James Joyce,,eng,0.7755,9780586044742,Granada,1982,,9214537,NOT_PROBED,,,,,NO,NO,162.5102,171.5102,REVIEW,Edition/work title match below AUTO_ACCEPT threshold.,
EN,TWENTIETH_CENTURY,William Golding,1,7,10,/works/OL2430137W,"Double Tongue, the",William Golding | Meg Rosoff,1.0000,1995,/books/OL563039M,The double tongue,,eng,0.7647,0571175260,Faber and Faber,1995,,11622013,NOT_PROBED,,,,,NO,NO,162.2941,171.2941,REVIEW,Edition/work title match below AUTO_ACCEPT threshold.,
EN,TWENTIETH_CENTURY,Toni Morrison,1,9,13,/works/OL15059414W,My Book of Mean People Journal,Toni Morrison | Slade Morrison,1.0000,2002,/books/OL3778469M,The book of mean people,,eng,0.7547,0786805404,Hyperion Books for Children,2002,,12638418,NOT_PROBED,,,,,NO,NO,162.0943,171.0943,REVIEW,Edition/work title match below AUTO_ACCEPT threshold.,
EN,TWENTIETH_CENTURY,Iris Murdoch,1,9,13,/works/OL1326327W,Le message à la planète,Iris Murdoch,1.0000,1989,/books/OL1805055M,The message to the planet,,eng,0.7500,0701134798,Chatto & Windus,1989,,11679400,NOT_PROBED,,,,,NO,NO,162.0000,171.0000,REVIEW,Edition/work title match below AUTO_ACCEPT threshold.,
EN,TWENTIETH_CENTURY,Muriel Spark,1,7,10,/works/OL26402W,"Only Problem, the",Muriel Spark,1.0000,1984,/books/OL3183456M,The only problem,,eng,0.7500,9780399129872,Putnam,1984,,6802391,NOT_PROBED,,,,,NO,NO,162.0000,171.0000,REVIEW,Edition/work title match below AUTO_ACCEPT threshold.,
EN,TWENTIETH_CENTURY,Muriel Spark,1,7,10,/works/OL26403W,"Public Image, the",Muriel Spark,1.0000,1968,/books/OL28128135M,The Public Image,,eng,0.7500,9780333090183,Macmillan Company,"May 22, 1968",,9988218,NOT_PROBED,,,,,NO,NO,162.0000,171.0000,REVIEW,Edition/work title match below AUTO_ACCEPT threshold.,
EN,TWENTIETH_CENTURY,Samuel Beckett,1,7,10,/works/OL15210953W,Company,Samuel Beckett,1.0000,1980,/books/OL4133109M,Compagnie,,fre | eng,0.7500,2707302961,Éditions de minuit,1980,,983823,NOT_PROBED,,,,,NO,NO,162.0000,171.0000,REVIEW,Edition/work title match below AUTO_ACCEPT threshold.,
EN,TWENTIETH_CENTURY,William Golding,1,7,10,/works/OL2430184W,"Scorpion God, the",William Golding | Craig Raine,1.0000,1971,/books/OL22578953M,The scorpion God,three short novels,eng,0.7500,0571102328,Faber and Faber,1973,,11406430,NOT_PROBED,,,,,NO,NO,162.0000,171.0000,REVIEW,Edition/work title match below AUTO_ACCEPT threshold.,
EN,TWENTIETH_CENTURY,John Steinbeck,1,10,15,/works/OL7966128W,Novels (Pearl / Red Pony),John Steinbeck,1.0000,1965,/books/OL2709703M,The pearl ; The red pony,,eng,0.7442,0140042326,Penguin Books,1986,,9189471,NOT_PROBED,,,,,NO,NO,161.8837,170.8837,REVIEW,Edition/work title match below AUTO_ACCEPT threshold.,
EN,TWENTIETH_CENTURY,Evelyn Waugh,1,8,12,/works/OL5721475W,Sword of Honor a Trilogy,Evelyn Waugh,1.0000,1955,/books/OL40375156M,Sword of Honour,,eng,0.7179,9780141193557,"Penguin Books, Limited",2011,,14523277,NOT_PROBED,,,,,NO,NO,161.3590,170.3590,REVIEW,Edition/work title match below AUTO_ACCEPT threshold.,
EN,TWENTIETH_CENTURY,Kurt Vonnegut,1,9,13,/works/OL17582372W,Slapstick / Jailbird / Deadeye Dick / Galápagos,Kurt Vonnegut,1.0000,2014,/books/OL26185531M,Kurt Vonnegut Novels 1976-1985,Slapstick Jailbird Deadeye Dick Galpagos,eng,0.7143,9781598533040,Library of America,2014,,14823360,NOT_PROBED,,,,,NO,NO,161.2857,170.2857,REVIEW,Edition/work title match below AUTO_ACCEPT threshold.,
EN,TWENTIETH_CENTURY,George Orwell,1,8,12,/works/OL1167993W,"All propaganda is lies, 1941-1942",George Orwell,1.0000,1998,/books/OL7509437M,All Propaganda Is Lies (Complete Orwell),,eng,0.6857,9780436404054,"Martin Secker & Warburg, Limited","May 22, 2001",,275396,NOT_PROBED,,,,,NO,NO,160.7143,169.7143,REVIEW,Edition/work title match below AUTO_ACCEPT threshold.,
EN,TWENTIETH_CENTURY,Kurt Vonnegut,1,9,13,/works/OL98460W,Welcome to the Monkeyhouse / Palm Sunday,Kurt Vonnegut,1.0000,1994,/books/OL7317259M,Palm Sunday / Welcome to the Monkeyhouse,,eng,0.6842,9780099387817,Vintage,1994-07-21,,15239215,NOT_PROBED,,,,,NO,NO,160.6842,169.6842,REVIEW,Edition/work title match below AUTO_ACCEPT threshold.,
EN,TWENTIETH_CENTURY,Graham Greene,1,10,15,/works/OL106000W,A Gun for Sale / The Confidential Agent / The Ministry of Fear,Graham Greene,1.0000,1900,/books/OL45605228M,3 By Graham Greene,"This Gun For Hire, The Confidential Agent, The Ministry Of F",eng,0.7704,,"Viking , New York",1943-01-01,,14862542,NOT_PROBED,,,,,NO,NO,156.4074,160.4074,REVIEW,Edition/work title match below AUTO_ACCEPT threshold.,
EN,TWENTIETH_CENTURY,William Faulkner,1,10,15,/works/OL82914W,The Portable Faulkner,William Faulkner | Malcom Cowley,1.0000,1950,/books/OL26571620M,The Indispensable Faulkner,,eng,0.7660,,Book Society,1950,,9204635,NOT_PROBED,,,,,NO,NO,156.3191,160.3191,REVIEW,Edition/work title match below AUTO_ACCEPT threshold.,
EN,TWENTIETH_CENTURY,Toni Morrison,1,9,13,/works/OL15688347W,Novels (Song of Solomon / Sula / Tar Baby),Toni Morrison,1.0000,1987,/books/OL24616285M,Song of Solomon; Tar baby; Sula,,eng,0.7385,,Quality Paperback Book Club,1987,,6874466,NOT_PROBED,,,,,NO,NO,155.7692,159.7692,REVIEW,Edition/work title match below AUTO_ACCEPT threshold.,
EN,TWENTIETH_CENTURY,James Baldwin,1,8,12,/works/OL1090055W,A guide to systematic readings in the Encyclopædia Britannica,James Baldwin,1.0000,1897,/books/OL25082889M,A guide to systematic readings in the new Werner twentieth century edition of the Encyclopædia britannica,,eng,0.7349,,The Werner company,1905,,6963124,NOT_PROBED,,,,,NO,NO,155.6988,159.6988,REVIEW,Edition/work title match below AUTO_ACCEPT threshold.,
EN,TWENTIETH_CENTURY,Ray Bradbury,1,8,12,/works/OL103136W,Medicine for Melancholy and Other Stories,Ray Bradbury,1.0000,1959,/books/OL13546813M,A medicine for melancholy,,eng,0.6970,,Bantam Books,1960,,14828124,NOT_PROBED,,,,,NO,NO,154.9394,158.9394,REVIEW,Edition/work title match below AUTO_ACCEPT threshold.,
EN,TWENTIETH_CENTURY,Ursula K. Le Guin,1,10,15,/works/OL59811W,Solomon Leviathan's nine hundred and thirty-first trip around the world,Ursula K. Le Guin,1.0000,1983,/books/OL8442561M,Solomon Leviathan's 931st Trip Around the World,,eng,0.7458,9780941826037,Cheap Street,October 1983,,,NOT_PROBED,,,,,NO,NO,149.9153,158.9153,REVIEW,Edition/work title match below AUTO_ACCEPT threshold.,
EN,TWENTIETH_CENTURY,Samuel Beckett,1,7,10,/works/OL15210980W,Malone meurt,Samuel Beckett,1.0000,1947,/books/OL6199619M,Malone dies,,eng | fre,0.6957,,Grove Press,1956,,10035233,NOT_PROBED,,,,,NO,NO,154.9130,158.9130,REVIEW,Edition/work title match below AUTO_ACCEPT threshold.,
EN,TWENTIETH_CENTURY,Toni Morrison,1,9,13,/works/OL15059455W,Novels (Beloved / Jazz / Song of Solomon),Toni Morrison,1.0000,1994,/books/OL7589988M,Toni Morrison,Jazz/Beloved/Song of Solomon,eng,0.7013,9780452154551,Plume Books,October 1994,,,NOT_PROBED,,,,,NO,NO,149.0260,158.0260,REVIEW,Edition/work title match below AUTO_ACCEPT threshold.,
EN,TWENTIETH_CENTURY,Flannery O'Connor,1,6,9,/works/OL16335338W,Collected works,Flannery O'Connor,1.0000,1988,/books/OL2406461M,Collected works,,eng,1.0000,0940450372,Library of America,1988,,14819634,NOT_PROBED,,,,,YES,NO,147.0000,156.0000,REVIEW,Collected/omnibus work requires review.,
EN,TWENTIETH_CENTURY,George Orwell,1,8,12,/works/OL1168166W,The Complete Works of George Orwell,George Orwell | P H Davidson,1.0000,1997,/books/OL13568270M,The complete works of George Orwell,,eng,1.0000,0436203774,Secker & Warburg,1997,,275371,NOT_PROBED,,,,,YES,NO,147.0000,156.0000,REVIEW,Collected/omnibus work requires review.,
EN,TWENTIETH_CENTURY,Muriel Spark,1,7,10,/works/OL11637062W,Muriel Spark omnibus,Muriel Spark,1.0000,1997,/books/OL22040492M,Muriel Spark omnibus.,,eng,1.0000,0094761906,Constable,1997,,12800776,NOT_PROBED,,,,,YES,NO,147.0000,156.0000,REVIEW,Collected/omnibus work requires review.,
EN,TWENTIETH_CENTURY,D.H. Lawrence,1,8,12,/works/OL35304686W,Imagist Anthology 1930,"Foreword by Ford Madox Ford and Glenn Hughes - Aldington, Cournos, H.D., John Gould Fletcher, F. S. Flint, James Joyce, D.H. Lawrence, William Carlos",0.9600,1930,/books/OL47717325M,Imagist Anthology 1930,New Poetry by the Imagists,eng,1.0000,,"Covici Friede,",1930-01-01,,14985886,NOT_PROBED,,,,,YES,NO,140.2000,144.2000,REVIEW,Collected/omnibus work requires review.,
EN,TWENTIETH_CENTURY,Iris Murdoch,1,9,13,/works/OL29333937W,Iris Murdoch Omnibus,Iris Murdoch,1.0000,2000,/books/OL40329640M,Iris Murdoch Omnibus,Under the Net; The Sandcastle; The Bell,eng,1.0000,9780701139872,Penguin Random House,2000,,,NOT_PROBED,,,,,YES,NO,135.0000,144.0000,REVIEW,Collected/omnibus work requires review.,
EN,TWENTIETH_CENTURY,William Faulkner,1,10,15,/works/OL25085409W,Collected Works of William Morris,William Faulkner,1.0000,1991,/books/OL33352540M,Collected Works of William Morris,,eng,1.0000,9780415449762,Taylor & Francis Group,1991,,,NOT_PROBED,,,,,YES,NO,135.0000,144.0000,REVIEW,Collected/omnibus work requires review.,
EN,TWENTIETH_CENTURY,Muriel Spark,1,7,10,/works/OL26400W,Muriel Spark Omnibus 2,Muriel Spark,1.0000,1994,/books/OL18286939M,Omnibus 2,,eng,0.9600,0094727805,Constable,1994,,,NOT_PROBED,,,,,YES,NO,134.2000,143.2000,REVIEW,Collected/omnibus work requires review.,
EN,TWENTIETH_CENTURY,Kingsley Amis,2,7,10,/works/OL1863521W,"Egyptologists, The",Kingsley Amis,1.0000,1965,/books/OL6000783M,The Egyptologists.,,eng,0.7647,,J. Cape,1965,,9784238,NOT_PROBED,,,,,NO,NO,136.2941,140.2941,REVIEW,Edition/work title match below AUTO_ACCEPT threshold.,
EN,TWENTIETH_CENTURY,Kingsley Amis,2,7,10,/works/OL24836617W,A Kingsley Amis omnibus,Kingsley Amis,1.0000,1987,/books/OL7313568M,OMNIBUS,,eng,0.9600,9780091727192,HUTCHINSON,1987,,11661527,NOT_PROBED,,,,,YES,NO,126.2000,135.2000,REVIEW,Collected/omnibus work requires review.,
EN,TWENTIETH_CENTURY,Kingsley Amis,2,7,10,/works/OL1863549W,The Amis Anthology,Kingsley Amis,1.0000,1989,/books/OL7319685M,The Amis Anthology,,eng,1.0000,9780099659501,Arena,1989,,,NOT_PROBED,,,,,YES,NO,115.0000,124.0000,REVIEW,Collected/omnibus work requires review.,
EN,YOUTH,J.R.R. Tolkien,1,10,15,/works/OL14926084W,The Silmarillion. 3/3,J.R.R. Tolkien,1.0000,1998,/books/OL7827496M,The Silmarillion (Volume III),,eng,0.7660,9780553455847,Random House Audio,"September 1, 1998",,370442,NOT_PROBED,,,,,NO,NO,162.3191,171.3191,REVIEW,Edition/work title match below AUTO_ACCEPT threshold.,
EN,YOUTH,Roald Dahl,1,12,18,/works/OL10561689W,Collected Short Stories [51 stories],Roald Dahl,1.0000,1991,/books/OL46524905M,The Collected Short Stories,,eng,0.7541,9780140158076,Penguin Books,1992,,13152052,NOT_PROBED,,,,,NO,NO,162.0820,171.0820,REVIEW,Edition/work title match below AUTO_ACCEPT threshold.,
EN,YOUTH,Roald Dahl,1,12,18,/works/OL15091156W,Novels (BFG / George's Marvellous Medicine / Matilda),Roald Dahl,1.0000,1992,/books/OL18540742M,The BFG,Matilda ; George's marvellous medicine,eng,0.7473,0091811112,Ted Smart,1996,,12605755,NOT_PROBED,,,,,NO,NO,161.9451,170.9451,REVIEW,Edition/work title match below AUTO_ACCEPT threshold.,
EN,YOUTH,Roald Dahl,1,12,18,/works/OL15091235W,Works (Boy / Going Solo),Roald Dahl,1.0000,1992,/books/OL28592329M,Boy and Going Solo,,eng,0.7368,9780141365541,"Penguin Books, Limited",2016,,13153004,NOT_PROBED,,,,,NO,NO,161.7368,170.7368,REVIEW,Edition/work title match below AUTO_ACCEPT threshold.,
EN,YOUTH,Katherine Paterson,1,6,9,/works/OL27086W,The Great Gilly Hopkins (M Books),Katherine Paterson,1.0000,1978,/books/OL10251950M,"The Great Gilly Hopkins (Scholastic Book Guides, Grades 3-5)",,eng,0.6818,9780439572668,Scholastic Teaching Resources,2003,,2420273,NOT_PROBED,,,,,NO,NO,160.6364,169.6364,REVIEW,Edition/work title match below AUTO_ACCEPT threshold.,
EN,YOUTH,Roald Dahl,1,12,18,/works/OL15091154W,The Roald Dahl Omnibus,Roald Dahl,1.0000,1986,/books/OL39485460M,The Roald Dahl Omnibus,,eng,1.0000,9780880291231,Barnes & Noble Books,1993,,12891464,NOT_PROBED,,,,,YES,NO,147.0000,156.0000,REVIEW,Collected/omnibus work requires review.,
EN,YOUTH,Lewis Carroll,1,7,10,/works/OL151444W,The Complete Works of Lewis Carroll,Lewis Carroll,1.0000,1900,/books/OL24785925M,The Complete Works of Lewis Carroll,,eng,1.0000,,Random House,19xx?,,12735871,NOT_PROBED,,,,,YES,NO,141.0000,145.0000,REVIEW,Collected/omnibus work requires review.,
EN,YOUTH,Katherine Paterson,1,6,9,/works/OL32477939W,Omnibus,Katherine Paterson,1.0000,1999,/books/OL44264380M,Omnibus,,eng,1.0000,9780452274860,Penguin Publishing Group,1999,,,NOT_PROBED,,,,,YES,NO,135.0000,144.0000,REVIEW,Collected/omnibus work requires review.,
EN,YOUTH,Rick Riordan,2,10,15,/works/OL20165756W,The Red Pyramid / The Throne of Fire / The Serpent's Shadow,Rick Riordan,1.0000,2012,/books/OL52635758M,The Kane Chronicles Series,"Red Pyramid, Throne of Fire and Serpent's Shadow",eng,0.7442,9781637994269,Disney Hyperion,2018,,14858984,NOT_PROBED,,,,,NO,NO,141.8837,150.8837,REVIEW,Edition/work title match below AUTO_ACCEPT threshold.,
EN,YOUTH,Rick Riordan,2,10,15,/works/OL22567792W,The Hidden Oracle / The Dark Prophecy / The Burning Maze / The Tyrant's Tomb,Rick Riordan,1.0000,2019,/books/OL36696444M,The Trials of Apollo Collection,"Hidden Oracle, Dark Prophecy, Burning Maze & Tyrant's Tomb",eng,0.7436,9780241534281,Penguin,2021-01-26,,12584707,NOT_PROBED,,,,,NO,NO,141.8718,150.8718,REVIEW,Edition/work title match below AUTO_ACCEPT threshold.,
EN,YOUTH,Beverly Cleary,2,8,12,/works/OL19759588W,Henry Huggins (Henry and Beezus / Henry and Ribsy / Henry and the Paper Route / Henry Huggins),Beverly Cleary,1.0000,1992,/books/OL10753451M,Henry Huggins: Henry Huggins : Henry and Beezus : Henry and the Paper Route,Henry and Ribsy/Boxed,eng,0.7303,9780380721245,Avon Books (P),December 1992,,2411865,NOT_PROBED,,,,,NO,NO,141.6067,150.6067,REVIEW,Edition/work title match below AUTO_ACCEPT threshold.,
