source_key,title,subtitle,authors,publication_year,isbn,publisher,genres,review_group,decision,reason
/books/OL12996436M,Poder y Opinion Publica,,Adrian Ventura,2004,9789507275265,Rubinzal y Asociados Editores,,ES_FINAL_BATCH_01,KEEP_CORE,Socle hispanophone validé lors de la revue éditoriale ES.
/books/OL12954505M,Geopoliticas de Ficcion,,Adriana G. Culasso,2006,9789500516389,Corregidor,,ES_FINAL_BATCH_01,KEEP_CORE,Socle hispanophone validé lors de la revue éditoriale ES.
/books/OL16303770M,La ciudad de los elegidos,"crecimiento urbano, jerarquización social y poder político, Bogotá (1910-1950)",Adriana María Suárez Mayorga,2006,9789583390661,Adriana María Suárez Mayorga,Histoire | Politique,ES_FINAL_BATCH_01,KEEP_CORE,Socle hispanophone validé lors de la revue éditoriale ES.
/books/OL4465364M,La Orestía,,Aeschylus,1979,9788471627896,Bosch,Théâtre,ES_FINAL_BATCH_01,KEEP_TRANSLATION,Édition ou traduction espagnole validée lors de la revue éditoriale ES.
/books/OL13188399M,"Bunuel, Lorca, Dali, El Enigma Sin Fin",,Agustín Sánchez,1996,9788408018070,Planeta Pub Corp,,ES_FINAL_BATCH_01,KEEP_CORE,Socle hispanophone validé lors de la revue éditoriale ES.
/books/OL13192091M,"Ciencia, Cine E Historia",De Melies a 2001 (Libros Singulares (Ls)),Alberto Elena Diaz,2005,9788420641409,Alianza Editorial,,ES_FINAL_BATCH_01,KEEP_CORE,Socle hispanophone validé lors de la revue éditoriale ES.
/books/OL12991019M,Iglesias Brickles,,Alberto Petrina,2005,9789505330096,Asunto Impreso,,ES_FINAL_BATCH_01,REVIEW,"Notice conservée en revue: langue, édition, attribution, métadonnées, doublon ou pertinence éditoriale restant à confirmer."
/books/OL142534M,Los trazos de mercurio,"afiches publicitarios en Uruguay, 1875-1930",Alcides Beretta Curi,1998,9789974653306,Aguilar,Histoire,ES_FINAL_BATCH_01,KEEP_CORE,Socle hispanophone validé lors de la revue éditoriale ES.
/books/OL16283083M,El Latino,vanguardia educativa desde los años 50 : testimonios e historias de medio siglo de vida,Alejandro Giménez Rodríguez,2006,9789974559776,Colegio y Liceo Latinoamericano,Histoire,ES_FINAL_BATCH_01,KEEP_CORE,Socle hispanophone validé lors de la revue éditoriale ES.
/books/OL3979283M,"Montevideo, genio y figura",,Alejandro Giménez Rodríguez,2001,9789974553279,Ediciones El Galeón,Histoire,ES_FINAL_BATCH_01,KEEP_CORE,Socle hispanophone validé lors de la revue éditoriale ES.
/books/OL3979218M,El escudo de plata,,Alejandro Paternain,2001,9789974671164,Alfaguara,Fiction | Histoire,ES_FINAL_BATCH_01,KEEP_CORE,Socle hispanophone validé lors de la revue éditoriale ES.
/books/OL20977670M,La cacería,,Alejandro Paternain,1999,9788420429939,Alfaguara,Fiction | Histoire,ES_FINAL_BATCH_01,KEEP_CORE,Socle hispanophone validé lors de la revue éditoriale ES.
/books/OL13198928M,Tratado de Fileteado Porteno,,Alfredo Genovese,2006,9789872295806,Ediciones Portenas,,ES_FINAL_BATCH_01,KEEP_CORE,Socle hispanophone validé lors de la revue éditoriale ES.
/books/OL16622954M,Callejones y mansiones,espacios de opinión pública y redes sociales y políticas en la Lima del 900,Alicia del Aguila Peralta,1997,9789972400872,"Pontificia Universidad Católica del Perú, Fondo Editorial",Histoire | Politique,ES_FINAL_BATCH_01,KEEP_CORE,Socle hispanophone validé lors de la revue éditoriale ES.
/books/OL17020714M,El testimonio peruano oral y las ciencias sociales,una problemática postmoderna,Alicia G Andreu,2000,9780970492333,"Centro de Estudios Literarios Antonio Cornejo Polar (CELACP), Latinoamericana Editores",Sciences sociales,ES_FINAL_BATCH_01,KEEP_CORE,Socle hispanophone validé lors de la revue éditoriale ES.
/books/OL12955929M,Regina y Marcelo,Un Duetto de Amor (Employment & Social Affairs),Ana Maria Cabrera,2001,9789500720045,Sudamericana,Fiction,ES_FINAL_BATCH_01,KEEP_CORE,Socle hispanophone validé lors de la revue éditoriale ES.
/books/OL12995069M,Imagineria y piedad privada en el interior del Virreinato rioplatense,,Ana María Martínez de Sánchez,1996,9789506920470,PRHISCO-CONICET,,ES_FINAL_BATCH_01,KEEP_CORE,Socle hispanophone validé lors de la revue éditoriale ES.
/books/OL17061018M,La seducción de un orden,las elites y la construcción de Chile en las polémicas culturales y políticas del siglo XIX,Ana María Stuven,2000,9789561405950,Ediciones Universidad Católica de Chile,Histoire | Politique,ES_FINAL_BATCH_01,KEEP_CORE,Socle hispanophone validé lors de la revue éditoriale ES.
/books/OL13002089M,Izquierda y Derecha En El Electorado Brasileno,,Andres Singer,2004,9789509231771,Clacso,Politique,ES_FINAL_BATCH_01,KEEP_CORE,Socle hispanophone validé lors de la revue éditoriale ES.
/books/OL13229887M,Introduccion a la Quimica Industrial,,Angel Vian Ortuno,1995,9788429179330,Reverte,,ES_FINAL_BATCH_01,KEEP_CORE,Socle hispanophone validé lors de la revue éditoriale ES.
/books/OL13307375M,Entre El Liberalismo y La Socialdemocracia,,Angeles J. Perona,1999,9788476583944,Anthropos Research & Publications,,ES_FINAL_BATCH_01,KEEP_CORE,Socle hispanophone validé lors de la revue éditoriale ES.
/books/OL13272703M,"Galileo, Ciencia Y Religion",,Antoni Beltran Mari,2001,9788449309731,Ediciones Paidos Iberica,Histoire | Philosophie | Sciences,ES_FINAL_BATCH_01,KEEP_CORE,Socle hispanophone validé lors de la revue éditoriale ES.
/books/OL40214646M,La habitación adoptiva,,Antonia Michaelis,2006,9789507532009,Cántaro,,ES_FINAL_BATCH_01,KEEP_TRANSLATION,Édition ou traduction espagnole validée lors de la revue éditoriale ES.
/books/OL3798072M,Volavérunt,novela,Antonio Larreta,1980,9788432055355,Planeta,Fiction,ES_FINAL_BATCH_01,KEEP_CORE,Socle hispanophone validé lors de la revue éditoriale ES.
/books/OL4130005M,Cría ojos,,Ariel Dorfman,1979,9789684291027,Editorial Nueva Imagen,,ES_FINAL_BATCH_01,KEEP_CORE,Socle hispanophone validé lors de la revue éditoriale ES.
/books/OL11379675M,Hacia LA Liberacion Del Lector Latinoamericano,,Ariel Dorfman,1984,9780910061216,Ediciones Del Norte,,ES_FINAL_BATCH_01,KEEP_CORE,Socle hispanophone validé lors de la revue éditoriale ES.
/books/OL22922211M,Konfidenz,,Ariel Dorfman,1995,9780679763338,Alfaguara,Fiction,ES_FINAL_BATCH_01,KEEP_CORE,Socle hispanophone validé lors de la revue éditoriale ES.
/books/OL851984M,La muerte y la doncella,,Ariel Dorfman,1992,9789505154173,Ediciones de la Flor,Fiction | Théâtre,ES_FINAL_BATCH_01,KEEP_CORE,Socle hispanophone validé lors de la revue éditoriale ES.
/books/OL1762910M,Los sueños nucleares de Reagan,,Ariel Dorfman,1986,9789506000738,Editorial Legasa,Politique,ES_FINAL_BATCH_01,KEEP_CORE,Socle hispanophone validé lors de la revue éditoriale ES.
/books/OL3819926M,Reader's nuestro que estás en la tierra,ensayos sobre el imperialismo cultural,Ariel Dorfman,1980,9789684291690,Editorial Nueva Imagen,,ES_FINAL_BATCH_01,KEEP_CORE,Socle hispanophone validé lors de la revue éditoriale ES.
/books/OL6789809M,Terapia,una novela,Ariel Dorfman,2001,9781583220719,Siete Cuentos Editorial,Fiction,ES_FINAL_BATCH_02,KEEP_CORE,Socle hispanophone validé lors de la revue éditoriale ES.
/books/OL32964690M,Para leer al pato Donald,,Ariel Dorfmann | Armand Mattelart | Ariel Dorfman | Ariel Dorfman,1971,,Ediciones Universitarias de Valparaiso,Politique,ES_FINAL_BATCH_02,REVIEW,"Notice conservée en revue: langue, édition, attribution, métadonnées, doublon ou pertinence éditoriale restant à confirmer."
/books/OL16496234M,Conflictos por el poder,Sinaloa de 1831 a 1880,Arturo Carrillo Rojas,2000,9789686608854,"Fondo Estatal para la Cultura y las Artes, Dirección de Investigación y Fomento de Cultura Regional",Histoire | Politique,ES_FINAL_BATCH_02,KEEP_CORE,Socle hispanophone validé lors de la revue éditoriale ES.
/books/OL18489538M,Pragmatismo y voluntad,"la idea de nación de las élites en Colombia y Argentina, 1880-1910",Arturo Claudio Laguado Duca,2004,9789587013672,"Universidad Nacional de Colombia, Facultad de Ciencias Humanas",Histoire | Politique | Sciences sociales,ES_FINAL_BATCH_02,KEEP_CORE,Socle hispanophone validé lors de la revue éditoriale ES.
/books/OL13111301M,"Plegarias de Rosh Hashana, Wolfsberg, 5705. Campo de Trabajo, Alemania, 1944.",,B. (ed). GUTTERMAN,2001,9789653081277,"Yad Vashem,",,ES_FINAL_BATCH_02,REVIEW,"Notice conservée en revue: langue, édition, attribution, métadonnées, doublon ou pertinence éditoriale restant à confirmer."
/books/OL18592428M,"De las partes de la tierra y de diversas provincias, o, las versiones castellanas del libro XV de ""De proprietatibus rerum""",,Bartholomaeus Anglicus,2007,9788496915046,Academia del Hispanismo,Histoire | Sciences,ES_FINAL_BATCH_02,KEEP_CORE,Socle hispanophone validé lors de la revue éditoriale ES.
/books/OL13241042M,de Rabelais a Dali - La Imagen Grotesca del Cuerpo,,Beatriz Fernandez Ruiz,2006,9788437060200,Universidad de Valencia,Histoire,ES_FINAL_BATCH_02,KEEP_CORE,Socle hispanophone validé lors de la revue éditoriale ES.
/books/OL3608537M,A construção intelectual do Brasil contemporâneo,da resistência à ditadura ao governo FHC,Bernardo Sorj,2001,9788571105461,Jorge Zahar Editor,Histoire | Politique | Sciences sociales,ES_FINAL_BATCH_02,REPLACE,"Notice à remplacer: langue étrangère, classement linguistique inadéquat ou qualité bibliographique insuffisante pour le socle ES."
/books/OL13115373M,Autoridad E Individuo,,Bertrand Russell,1997,9789681638535,Fondo de Cultura Economica USA,Philosophie | Politique,ES_FINAL_BATCH_02,KEEP_TRANSLATION,Édition ou traduction espagnole validée lors de la revue éditoriale ES.
/books/OL23213419M,Introducción a los accidentes geográficos,,Bobbie Kalman,2010,9780778782599,Crabtree,Jeunesse,ES_FINAL_BATCH_02,KEEP_TRANSLATION,Édition ou traduction espagnole validée lors de la revue éditoriale ES.
/books/OL142347M,"Don Pedro I de Brasil, posible rey de España",una conspiración liberal,Braz Augusto Aquino Brancato,1999,9788574300559,EDIPUCRS,Histoire,ES_FINAL_BATCH_02,KEEP_CORE,Socle hispanophone validé lors de la revue éditoriale ES.
/books/OL21441304M,Texto y sociedad,problemas de historia literaria,"Bridget, Edward Baker y John Beverley Aldaraca",1990,9789051830798,Rodopi,,ES_FINAL_BATCH_02,REVIEW,"Notice conservée en revue: langue, édition, attribution, métadonnées, doublon ou pertinence éditoriale restant à confirmer."
/books/OL13219637M,Guia Practica Para Invitar a Casa,,C. Alvo Alonso,1994,9788423958368,"Espasa Calpe Mexicana, S.A.",,ES_FINAL_BATCH_02,KEEP_CORE,Socle hispanophone validé lors de la revue éditoriale ES.
/books/OL13196409M,Borges y La Ciencia Ficcion,,Carlos Abraham,2005,9789871139644,Quadrata,Science-fiction,ES_FINAL_BATCH_02,KEEP_CORE,Socle hispanophone validé lors de la revue éditoriale ES.
/books/OL13117590M,Introduccion a la historia del arte,,Carlos Alvear,2004,9789681858186,Editorial Limusa S.A. De C.V.,Histoire,ES_FINAL_BATCH_02,KEEP_CORE,Socle hispanophone validé lors de la revue éditoriale ES.
/books/OL13116335M,La Patria en el Paseo de la Reforma,,Carlos Martinez Assad,2005,9789681674564,Fondo de Cultura Economica USA,Histoire,ES_FINAL_BATCH_02,KEEP_CORE,Socle hispanophone validé lors de la revue éditoriale ES.
/books/OL18489572M,Desde el corazón de América,el pensamiento boliviano en el siglo XX,Carlos Pineiro Iniguez,2004,9789990575491,Plural Editores,Histoire | Politique,ES_FINAL_BATCH_02,KEEP_CORE,Socle hispanophone validé lors de la revue éditoriale ES.
/books/OL12956192M,El Evangelio De Evita (Narrativas Historicas del Siglo XX),,Carlos R. Balmaceda,2003,9789500724081,Sudamericana,Fiction,ES_FINAL_BATCH_02,KEEP_CORE,Socle hispanophone validé lors de la revue éditoriale ES.
/books/OL12804903M,Escritura e identidad criollas,Modialidades discursivas en la prosa hispanoamericana del siglo XVII (Portada Hispanica 12) (Portada Hispanica),Carmen de Mora,2001,9789042015272,Editions Rodopi B.V.,,ES_FINAL_BATCH_02,KEEP_CORE,Socle hispanophone validé lors de la revue éditoriale ES.
/books/OL13220267M,Enciclopedia De Las Ciencias,,Catherine Headlam,1994,9788424121334,Everest De Ediciones Y Distribucion,Sciences,ES_FINAL_BATCH_02,KEEP_TRANSLATION,Édition ou traduction espagnole validée lors de la revue éditoriale ES.
/books/OL13197664M,Trabajos de La Memoria,,Cecilia Macon,2006,9789872040253,Ladosur,Histoire | Philosophie,ES_FINAL_BATCH_02,KEEP_CORE,Socle hispanophone validé lors de la revue éditoriale ES.
/books/OL12207976M,Mujeres del Mundo,Leyes y Políticas que Afectan sus Vidas Reproductivas - América Latina y el Caribe,Centro Legal Para Derechos Reproductivos | Centro Legal para Derechos Reproductivos Políticas Públicas Center for Reproductive Law; Policy),1997,9781890671020,Women Ink,,ES_FINAL_BATCH_02,REVIEW,"Notice conservée en revue: langue, édition, attribution, métadonnées, doublon ou pertinence éditoriale restant à confirmer."
/books/OL13196691M,Historias de La Ciencia Argentina II,,Cesa Lorenzano,2006,9789871172092,Eduntref,Histoire | Sciences,ES_FINAL_BATCH_02,KEEP_CORE,Socle hispanophone validé lors de la revue éditoriale ES.
/books/OL13193576M,El arte del Islam,,Clara Delgado,1991,9788420743448,ANAYA INFANTIL Y JUVENIL,,ES_FINAL_BATCH_02,KEEP_CORE,Socle hispanophone validé lors de la revue éditoriale ES.
/books/OL13361629M,Descubre los sentidos,,D. Suzuki,2002,9788497540322,Ediciones Paidos Iberica,Jeunesse | Sciences,ES_FINAL_BATCH_02,KEEP_TRANSLATION,Édition ou traduction espagnole validée lors de la revue éditoriale ES.
/books/OL13197726M,Buenos Aires Arte Publico,Esculturas y Monumentos de La Ciudad,Daniel Gonzalo Tejo,2004,9789872053338,Trejo Ediciones,,ES_FINAL_BATCH_02,KEEP_CORE,Socle hispanophone validé lors de la revue éditoriale ES.
/books/OL32817808M,El zoo humano,,Desmond Morris,1985,9788476343241,Orbis,Sciences | Sciences sociales,ES_FINAL_BATCH_02,KEEP_TRANSLATION,Édition ou traduction espagnole validée lors de la revue éditoriale ES.
/books/OL13196604M,Historias Del Arte/art Histories,Diccionario De Certezas E Intuiciones (Los Sentidos),Diana Aisenberg,2004,9789871156078,Adriana Hidalgo Editora,Arts,ES_FINAL_BATCH_02,KEEP_CORE,Socle hispanophone validé lors de la revue éditoriale ES.
/books/OL23108419M,María de Sanabria,,Diego Bracco,2007,9788497633772,Ediciones Nowtilus,Fiction | Histoire,ES_FINAL_BATCH_02,KEEP_CORE,Socle hispanophone validé lors de la revue éditoriale ES.
/books/OL13199051M,Edgardo Gimenez - Rustica,,Edgardo Gimenez,2002,9789874329745,Author-Publishers,,ES_FINAL_BATCH_02,REVIEW,"Notice conservée en revue: langue, édition, attribution, métadonnées, doublon ou pertinence éditoriale restant à confirmer."
/books/OL16290204M,Escritos,propuestas para una sociedad comprometida,Edgardo Juan Trucco,2003,9789875082137,Universidad Nacional del Litoral,Politique,ES_FINAL_BATCH_03,KEEP_CORE,Socle hispanophone validé lors de la revue éditoriale ES.
/books/OL22971270M,Manualidades con Marina,,Editores | Marina Orcoyen,1998,9789500819985,Atlántida,,ES_FINAL_BATCH_03,KEEP_CORE,Socle hispanophone validé lors de la revue éditoriale ES.
/books/OL12959580M,"La Cosa Politica, O, El Acecho de Lo Real",,Eduardo Gruner,2005,9789501265453,Ediciones Paidos Iberica,Philosophie | Politique,ES_FINAL_BATCH_03,KEEP_CORE,Socle hispanophone validé lors de la revue éditoriale ES.
/books/OL12963660M,Taekwondo - Itf,,Eduardo Kuper,1991,9789502404721,Albatros,,ES_FINAL_BATCH_03,KEEP_CORE,Socle hispanophone validé lors de la revue éditoriale ES.
/books/OL13122584M,Ruptura y Oposicion,"El Movimiento Henriquista, 1945-1954",Elisa Servin,2001,9789684933798,Cal y Arena,Politique,ES_FINAL_BATCH_03,KEEP_CORE,Socle hispanophone validé lors de la revue éditoriale ES.
/books/OL13155642M,Vanguardias y Neovanguardias Artisticas,Un Balance de Fin de Siglo (Coleccion Polifonia),Elizabeth Sanchez Garay,2003,9789707221833,Plaza y Valdes,Histoire,ES_FINAL_BATCH_03,KEEP_CORE,Socle hispanophone validé lors de la revue éditoriale ES.
/books/OL22497651M,Calamarí,,Emilio Ruiz Barrachina,2000,9788423998272,Espasa Calpe,Fiction,ES_FINAL_BATCH_03,KEEP_CORE,Socle hispanophone validé lors de la revue éditoriale ES.
/books/OL13273110M,"Plano, El",En El Origen Del Cine,Emmanuel Siety,2004,9788449315756,Ediciones Paidos Iberica,,ES_FINAL_BATCH_03,KEEP_TRANSLATION,Édition ou traduction espagnole validée lors de la revue éditoriale ES.
/books/OL19012273M,La máscara de los poderosos,,Enrique González Duro,1999,9788479544980,Ediciones Libertarias,,ES_FINAL_BATCH_03,KEEP_CORE,Socle hispanophone validé lors de la revue éditoriale ES.
/books/OL16295422M,Kohunlich,emplazamiento y desarrollo histórico,Enrique Nalda,2004,9789703503117,Instituto Nacional de Antropología e Historia,,ES_FINAL_BATCH_03,KEEP_CORE,Socle hispanophone validé lors de la revue éditoriale ES.
/books/OL13120189M,Nacar En Manos Otomies,,Enriqueta M. Olguin,2004,9789683699992,Universidad Nacional Autonoma,,ES_FINAL_BATCH_03,KEEP_CORE,Socle hispanophone validé lors de la revue éditoriale ES.
/books/OL25558182M,Marx y su concepto del hombre,Karl Marx : manuscritos econo mico-filoso ficos,Erich Fromm,2000,9789681601881,Fondo de Cultura Económica,Économie et entreprise,ES_FINAL_BATCH_03,KEEP_TRANSLATION,Édition ou traduction espagnole validée lors de la revue éditoriale ES.
/books/OL13191095M,¿Qué es una nación?,Cartas a Strauss,Ernest Renan,1992,9788420602943,Alianza,,ES_FINAL_BATCH_03,KEEP_TRANSLATION,Édition ou traduction espagnole validée lors de la revue éditoriale ES.
/books/OL13321693M,La Naturaleza Y Los Griegos,,Erwin Schrödinger | Roger Penrose,2002,9788483105337,TusQuets,Philosophie | Sciences,ES_FINAL_BATCH_03,KEEP_TRANSLATION,Édition ou traduction espagnole validée lors de la revue éditoriale ES.
/books/OL13206692M,Buenos Aires,Arquitectura y Patrimonio,Fabio Grementieri | Xavier Verstraeten | Mimi Bohm,2001,9789879811634,Ediciones X. Verstraeten,,ES_FINAL_BATCH_03,KEEP_CORE,Socle hispanophone validé lors de la revue éditoriale ES.
/books/OL20801184M,El fantasma del populismo,aproximación a un tema (siempre) actual,Felipe De Lara Burbano,1998,9789803171346,Nueva Sociedad,Politique,ES_FINAL_BATCH_03,KEEP_CORE,Socle hispanophone validé lors de la revue éditoriale ES.
/books/OL22499910M,Edén,,Felipe Hernández,2000,9788432210709,Seix Barral,,ES_FINAL_BATCH_03,KEEP_CORE,Socle hispanophone validé lors de la revue éditoriale ES.
/books/OL13057398M,"Iconografia, Identidad Nacional y Cambio de Siglo XIX-XX",Jornadas de Historia del Arte En Chile,Fernando Guzman Schiappacasse,2003,9789562842938,RIL,,ES_FINAL_BATCH_03,KEEP_CORE,Socle hispanophone validé lors de la revue éditoriale ES.
/books/OL13318831M,Ciencia Politica y Teoria Politica Contemporaneas,Una Relacion Problematica,Fernando Harto De Vera,2006,9788481648225,Trotta,Histoire | Politique,ES_FINAL_BATCH_03,KEEP_CORE,Socle hispanophone validé lors de la revue éditoriale ES.
/books/OL2630683M,En torno al estado y al desarrollo,,Fernando Henrique Cardoso,1982,9789684293472,Centro de Estudios Económicos y Sociales del Tercer Mundo,Économie et entreprise,ES_FINAL_BATCH_03,KEEP_CORE,Socle hispanophone validé lors de la revue éditoriale ES.
/books/OL20735513M,Teoría del poema,la enunciación lírica,Fernando y German GULLON CABO ASEGUINOLAZA,1998,9789042003781,Rodopi,,ES_FINAL_BATCH_03,KEEP_CORE,Socle hispanophone validé lors de la revue éditoriale ES.
/books/OL13003720M,Arte Argentino del Siglo XX,,Fiaar,2000,9789509971660,Fiaar,,ES_FINAL_BATCH_03,KEEP_CORE,Socle hispanophone validé lors de la revue éditoriale ES.
/books/OL23199168M,"Hombre, política, y sociedad en nuestro mundo",,Francisco Rodríguez Adrados,2008,9788467028805,Espasa,Politique | Sciences sociales,ES_FINAL_BATCH_03,KEEP_CORE,Socle hispanophone validé lors de la revue éditoriale ES.
/books/OL12807174M,Ibero-America y el Cine (Foro Hispanico 10),,Francisco Y Guido Podestá Lasarte,1996,9789051839883,Rodopi Bv Editions,Histoire,ES_FINAL_BATCH_03,KEEP_CORE,Socle hispanophone validé lors de la revue éditoriale ES.
/books/OL13071847M,El Sol del Poder,Simbologia y Politica Entre Los Muiscas del Norte de Los Andes (Coleccion Sede),Francois Correa Rubio,2004,9789587013955,Universidad Nacional de Colombia Facultad de,Politique,ES_FINAL_BATCH_03,KEEP_CORE,Socle hispanophone validé lors de la revue éditoriale ES.
/books/OL12955800M,Y Ahora Traeme... (Caminadores),,G. Keselman Porter,2000,9789500718462,Sudamericana,Fiction,ES_FINAL_BATCH_03,KEEP_CORE,Socle hispanophone validé lors de la revue éditoriale ES.
/books/OL13202420M,Impecable-Implacable,,Gabriel F. Gutnisky,2006,9789875910225,Editorial Brujas,,ES_FINAL_BATCH_03,KEEP_CORE,Socle hispanophone validé lors de la revue éditoriale ES.
/books/OL23057558M,Muñecos y animales de tela,,Gabriela Caporale | Norberto Alayón,1999,9789500820738,Editorial Atlántida,,ES_FINAL_BATCH_03,KEEP_CORE,Socle hispanophone validé lors de la revue éditoriale ES.
/books/OL22587045M,La noche se hizo para los hombres,sexualidad en los procesos de cortejo entre jóvenes campesinos y campesinas,Gabriela Rodriguez | Benno De Keijzer,2002,9789706611680,Population Council,,ES_FINAL_BATCH_03,KEEP_CORE,Socle hispanophone validé lors de la revue éditoriale ES.
/books/OL13362737M,Técnicas de investigación en ciencias humanas,,Gemma Muñoz-Alonso López,2003,9788497720809,Dykinson,Sciences sociales,ES_FINAL_BATCH_03,KEEP_CORE,Socle hispanophone validé lors de la revue éditoriale ES.
/books/OL12994171M,Filosofia del Derecho - Rustico,,Georg Wilhelm Hgel,1998,9789506200206,Claridad,Philosophie | Politique,ES_FINAL_BATCH_04,REVIEW,"Notice conservée en revue: langue, édition, attribution, métadonnées, doublon ou pertinence éditoriale restant à confirmer."
/books/OL13240501M,Psicologia del arte (COLECCION PSICOLOGIA) (Coleccion Psicologia / Ediciones Piramide),,Gisele Marty,2007,9788436813401,Piramide,Arts,ES_FINAL_BATCH_04,KEEP_CORE,Socle hispanophone validé lors de la revue éditoriale ES.
/books/OL12954455M,Groria Da Comtla,,Gloria Da Cunha,2005,9789500515542,Corregidor,,ES_FINAL_BATCH_04,REVIEW,"Notice conservée en revue: langue, édition, attribution, métadonnées, doublon ou pertinence éditoriale restant à confirmer."
/books/OL13002126M,Educacion Artistica En El Siglo XXI,,Graciela Blasi,2003,9789509262188,Ediciones FEPAI,,ES_FINAL_BATCH_04,KEEP_CORE,Socle hispanophone validé lors de la revue éditoriale ES.
/books/OL13202888M,Arte Envidia y Politica En Los Aos 60 (Cultura Argentina),,Guillermo Fantoni,1998,9789879035139,Ediciones El Cielo Por Asalto,Histoire,ES_FINAL_BATCH_04,REVIEW,"Notice conservée en revue: langue, édition, attribution, métadonnées, doublon ou pertinence éditoriale restant à confirmer."
/books/OL13270009M,"Arbol del Verano, El",,Guy Gavriel Kay,2000,9788448031923,Timun Mas,,ES_FINAL_BATCH_04,KEEP_TRANSLATION,Édition ou traduction espagnole validée lors de la revue éditoriale ES.
/books/OL18309810M,De la razón antropofágica y otros ensayos,,Haroldo de Campos,2000,9789682322211,Siglo XXI,,ES_FINAL_BATCH_04,KEEP_TRANSLATION,Édition ou traduction espagnole validée lors de la revue éditoriale ES.
/books/OL13126515M,Serie Por Que/Why? Series (Serie Por Que?/Why Series),,Hector Campillo Cuqutli,1996,9789700300610,Fernandez USA Pub Co,Jeunesse | Sciences,ES_FINAL_BATCH_04,REVIEW,"Notice conservée en revue: langue, édition, attribution, métadonnées, doublon ou pertinence éditoriale restant à confirmer."
/books/OL13120683M,Oratoria De 3 En 3,,Hector Nogue,2006,9789683814821,Panorama Mexico,,ES_FINAL_BATCH_04,KEEP_CORE,Socle hispanophone validé lors de la revue éditoriale ES.
/books/OL26478934M,Diablillo,,Heike Hohlbein | Wolfgang Hohlbein,2001,9788420449227,Alfaguara,,ES_FINAL_BATCH_04,KEEP_TRANSLATION,Édition ou traduction espagnole validée lors de la revue éditoriale ES.
/books/OL38574734M,Moby Dick,,Herman Melville,2008,9789706277138,Época,Fiction | Histoire | Théâtre,ES_FINAL_BATCH_04,KEEP_TRANSLATION,Édition ou traduction espagnole validée lors de la revue éditoriale ES.
/books/OL13124273M,Herve Di Rosa En Mexico,Decima Etapa,Herve Di Rosa,2002,9789686842333,Trilce,,ES_FINAL_BATCH_04,KEEP_CORE,Socle hispanophone validé lors de la revue éditoriale ES.
/books/OL12963242M,Las Instituciones Politicas de Gobierno (Temas--Politica),,Hipolito Orlandi,1998,9789502307756,Eudeba,Politique,ES_FINAL_BATCH_04,KEEP_CORE,Socle hispanophone validé lors de la revue éditoriale ES.
/books/OL12954480M,La Reformulacion de La Identidad Generica En La Narrativa de Mujeresargentinas del Siglo XX (Nueva Critica Hispanoamericana),,Holmfridur Gardarsdottir,2005,9789500515924,Corregidor,,ES_FINAL_BATCH_04,KEEP_CORE,Socle hispanophone validé lors de la revue éditoriale ES.
/books/OL22163247M,Las ciencias naturales en México,,Hugo Arechiga,1999,9789681656683,Fondo de Estudios e Investigaciones Ricardo J. Zevada,Histoire,ES_FINAL_BATCH_04,KEEP_CORE,Socle hispanophone validé lors de la revue éditoriale ES.
/books/OL13003200M,Tradicion Sibilina y Las Sibalas de San Telmo,,Hugo F. Bauza,1999,9789509807433,Fondo Nacional de Las Artes,,ES_FINAL_BATCH_04,REVIEW,"Notice conservée en revue: langue, édition, attribution, métadonnées, doublon ou pertinence éditoriale restant à confirmer."
/books/OL13330440M,Veneno (Llibres de La Nostra Terra),,Hugo Fontana,2000,9788489618510,Grupo Oceano,Fiction,ES_FINAL_BATCH_04,KEEP_CORE,Socle hispanophone validé lors de la revue éditoriale ES.
/books/OL13166614M,Determinismos Y Alternativas En Las Ciencias Sociales De America Latina,,Hugo Merino Zemelman,1995,9789803170752,Nueva Sociedad,Sciences sociales,ES_FINAL_BATCH_04,KEEP_CORE,Socle hispanophone validé lors de la revue éditoriale ES.
/books/OL13307409M,Sujeto,Existencia y Potencia,Hugo Zemelman Merino,2001,9788476585320,Anthropos Research & Publications,Philosophie | Sciences sociales,ES_FINAL_BATCH_04,KEEP_CORE,Socle hispanophone validé lors de la revue éditoriale ES.
/books/OL17526030M,"Retorica, induccion y ciencia en Aristoteles",epistemologia de la epauoue,Héctor Zagal Arreguín,1993,9789686828016,Universidad Panamericana,Philosophie | Sciences,ES_FINAL_BATCH_04,KEEP_CORE,Socle hispanophone validé lors de la revue éditoriale ES.
/books/OL15420731M,El día en que murió Allende,,Ignacio González Camus,1988,,CESOC,Biographie | Politique,ES_FINAL_BATCH_04,KEEP_CORE,Socle hispanophone validé lors de la revue éditoriale ES.
/books/OL18486991M,De historiografía lingüística e historia de las lenguas,,Ignacio Guzman Betancourt,2004,9789682325151,Siglo Veintiuno Editores,Histoire,ES_FINAL_BATCH_04,KEEP_CORE,Socle hispanophone validé lors de la revue éditoriale ES.
/books/OL13155670M,Integrar La Educacion Artistica,"Politica Educativa, Integracion Curricular Y Formacion Docente Colectiva",Irma Fuentes Mata,2004,9789707222694,Universidad Autónoma de Zacatecas,Arts,ES_FINAL_BATCH_04,KEEP_CORE,Socle hispanophone validé lors de la revue éditoriale ES.
/books/OL13237396M,Las Claves Del Arte Precolombino,,J. Alcina,1995,9788434404564,Planeta Pub Corp,,ES_FINAL_BATCH_04,KEEP_CORE,Socle hispanophone validé lors de la revue éditoriale ES.
/books/OL22104377M,La Ilustración y las ciencias,para una historia de la objetividad,"J. L., J. Moscoso, J. Primentel (Eds.) Barona",2003,9788437055039,Universitat València,Histoire | Sciences,ES_FINAL_BATCH_04,KEEP_CORE,Socle hispanophone validé lors de la revue éditoriale ES.
/books/OL13232351M,La filosofia aristotelica del lenguaje,,Jaime Araos San Martin,1999,9788431316648,Ediciones Universidad de Navarra,Philosophie | Sciences,ES_FINAL_BATCH_04,KEEP_CORE,Socle hispanophone validé lors de la revue éditoriale ES.
/books/OL16952764M,Calderón y la máquina barroca,"escenografía, religión y cultura en El José de las mujeres",Javier Aparicio Maydeu,1999,9789042007956,Rodopi,,ES_FINAL_BATCH_04,KEEP_CORE,Socle hispanophone validé lors de la revue éditoriale ES.
/books/OL13154117M,El Teatro Principal de Guadalajara,La Leyenda-- Olvidada,Javier Hernandez Larraanaga,2004,9789706571373,J. Hernandez Larra~naga,Histoire,ES_FINAL_BATCH_04,KEEP_CORE,Socle hispanophone validé lors de la revue éditoriale ES.
/books/OL12806834M,"El Teatro Español A Fines Del Siglo Xvii. Historia, cultura y teatro en la espana de Carlos II. Volumen II",Dramaturgos y generos de las postrimerias. (Dialogos Hispanicos 8/II),"Javier, Harm den BOER y Fermin SIERRA MARTINEZ HUERTA CALVO",1989,9789051831047,Rodopi Bv Editions,Histoire,ES_FINAL_BATCH_04,REVIEW,"Notice conservée en revue: langue, édition, attribution, métadonnées, doublon ou pertinence éditoriale restant à confirmer."
/books/OL12806832M,"El Teatro EspaÑOL A FINES DEL SIGLO XVII. Historia, cultura y teatro en la España de Carlos II. Volumen III",y fiestas.,"Javier, Harm den BOER y Fermín SIERRA MARTÍNEZ Huerta Calvo",1989,9789051831023,Editions Rodopi,Histoire,ES_FINAL_BATCH_04,REVIEW,"Notice conservée en revue: langue, édition, attribution, métadonnées, doublon ou pertinence éditoriale restant à confirmer."
/books/OL20337810M,Obras maestras españolas del Museo Goya de Castres,,Jean-Louis Augé,2002,9788495163714,Fundación BBVA,Arts,ES_FINAL_BATCH_05,KEEP_CORE,Socle hispanophone validé lors de la revue éditoriale ES.
/books/OL13322024M,El trabajo de campo en la educacion primaria,Situacion en Asturias,Jesus Garcia Alba,1999,9788483171240,"Universidad de Oviedo, Servicio de Publicaciones",Sciences | Sciences sociales,ES_FINAL_BATCH_05,KEEP_CORE,Socle hispanophone validé lors de la revue éditoriale ES.
/books/OL13307478M,La Politica Del Consenso,Una Lectura Critica De «el Liberalismo Politico» De John Rawls,Jesus Rodriguez Zepeda,2003,9788476586471,Anthropos Research & Publications,Philosophie | Politique,ES_FINAL_BATCH_05,KEEP_CORE,Socle hispanophone validé lors de la revue éditoriale ES.
/books/OL13324701M,Comerciantes Españoles En La Lima Borbonica,Anatomia De Una Elite De Poder 1701-1761,Jesus Turiso Sebastian,2002,9788484481515,Universidad de Valladolid,Biographie | Histoire,ES_FINAL_BATCH_05,KEEP_CORE,Socle hispanophone validé lors de la revue éditoriale ES.
/books/OL12804743M,La Generacion Del 98 Frente Al Nuevo Fin De Siglo.,,Jesús Torrecilla,2000,9789042012547,Rodopi Bv Editions,,ES_FINAL_BATCH_05,KEEP_CORE,Socle hispanophone validé lors de la revue éditoriale ES.
/books/OL16804731M,James Ensor,grabador (1860-1949),Joachim Heusinger von Waldegg | Rudolf Schmitz | Xavier Tricot | James Ensor,2007,9788498440737,"Fundación Mapfre, Instituto de Cultura",Arts | Biographie,ES_FINAL_BATCH_05,REVIEW,"Notice conservée en revue: langue, édition, attribution, métadonnées, doublon ou pertinence éditoriale restant à confirmer."
/books/OL11740945M,Historia del Futuro que Nos Pertenece,,Joherdi Hernandez | Ottilia Robers,2001,9780966347210,Terra Incognito Inc,Politique | Sciences sociales | Économie et entreprise,ES_FINAL_BATCH_05,REVIEW,"Notice conservée en revue: langue, édition, attribution, métadonnées, doublon ou pertinence éditoriale restant à confirmer."
/books/OL26424729M,Mindhunter,,John E. Douglas | Mark Olshaker,2017,9788417067595,Crítica,Biographie | Sciences sociales,ES_FINAL_BATCH_05,KEEP_TRANSLATION,Édition ou traduction espagnole validée lors de la revue éditoriale ES.
/books/OL13264724M,Donde Esta Carmen Sandiego?,,John Peel,1998,9788440642103,Ediciones B,Histoire | Jeunesse,ES_FINAL_BATCH_05,KEEP_TRANSLATION,Édition ou traduction espagnole validée lors de la revue éditoriale ES.
/books/OL13283739M,Hay Alguien Ahi (Quintaesencia),,Jordi Urmeneta | Antoni Navarrete,2002,9788475561585,Grupo Oceano,Sciences,ES_FINAL_BATCH_05,KEEP_CORE,Socle hispanophone validé lors de la revue éditoriale ES.
/books/OL319249M,Responsabilidad de la poesía,,Jorge Arbeleche,1997,9789974440654,Ediciones Rosgal,,ES_FINAL_BATCH_05,KEEP_CORE,Socle hispanophone validé lors de la revue éditoriale ES.
/books/OL2499192M,Fictions,,Jorge Luis Borges,1985,9780714540832,J. Calder,Fiction,ES_FINAL_BATCH_05,REPLACE,"Notice à remplacer: langue étrangère, classement linguistique inadéquat ou qualité bibliographique insuffisante pour le socle ES."
/books/OL16783606M,El espacio público de las ciencias sociales y humanas,"el papel político y los paradigmas : estudio comparativo Francia-América Latina : Jornadas Internacionales, 2006","Jornadas Internacionales ""El espacio público de las ciencias sociales y humanas"" (2006 Buenos Aires, Argentina?)",2007,9789879120996,Editores Del Puerto,Sciences sociales,ES_FINAL_BATCH_05,KEEP_CORE,Socle hispanophone validé lors de la revue éditoriale ES.
/books/OL13118235M,El Sonido Y La Furia,La Persuasion Multicultural en Mexico Y Estados Unidos,Jose Antonio Aguilar Rivera,2004,9789681909642,Aguilar Editor,,ES_FINAL_BATCH_05,REVIEW,"Notice conservée en revue: langue, édition, attribution, métadonnées, doublon ou pertinence éditoriale restant à confirmer."
/books/OL13154039M,Periodismo Cientifico En El Siglo XVIII,Jose Antonio de Alzate y Ramirez (Coleccion CSH),Jose Antonio de Alzate y. Ramirez,2001,9789706547897,Universidad Autonoma Metropolitana Unidad Xoc,Histoire | Sciences,ES_FINAL_BATCH_05,KEEP_CORE,Socle hispanophone validé lors de la revue éditoriale ES.
/books/OL12956259M,Nacion Y Estado En Iberoamerica (Sudamericana Pensamiento),,Jose C. Chiaramonte,2004,9789500725071,Sudamericana,Histoire | Politique,ES_FINAL_BATCH_05,KEEP_CORE,Socle hispanophone validé lors de la revue éditoriale ES.
/books/OL22554044M,Tendencias en desvertebración social y en políticas de solidaridad,sexto foro sobre tendencias sociales,Jose Felix Tezanos,2003,9788486497590,Editorial Sistema,Sciences,ES_FINAL_BATCH_05,KEEP_CORE,Socle hispanophone validé lors de la revue éditoriale ES.
/books/OL12999271M,La Izquierda Argentina Que No Fue,Estudios de Historia Ideologica,Jose Gabriel Vazeilles,2003,9789507863431,Editorial Biblos,Histoire | Politique,ES_FINAL_BATCH_05,KEEP_CORE,Socle hispanophone validé lors de la revue éditoriale ES.
/books/OL13073252M,El Museo Nacional De Bellas Artes,,Jose Linares,2004,9789597030799,Museo Nacional de Bellas Artes,,ES_FINAL_BATCH_05,KEEP_CORE,Socle hispanophone validé lors de la revue éditoriale ES.
/books/OL13193031M,El Circulo De Bellas Artes,"Madrid, De 1939 a Nuestros Dias (Libros Singulares (Ls))",Jose Luis Temes,2005,9788420677453,Alianza Editorial,Histoire,ES_FINAL_BATCH_05,KEEP_CORE,Socle hispanophone validé lors de la revue éditoriale ES.
/books/OL12807109M,Montajes Y Fragmentos: Una Aproximacion A La Narrativa Espanola De Vanguardia.,Teoria Literaria 15),Jose M. Del Pino,1995,9789051838275,Rodopi Bv Editions,,ES_FINAL_BATCH_05,KEEP_CORE,Socle hispanophone validé lors de la revue éditoriale ES.
/books/OL13203821M,El Fin de La Inocencia,Ensayos Sobre La Corrupcion y La Ilegalidad del Poder,Jose Maria Simonetti,2002,9789879173831,Universidad Nacional de Quilmes,,ES_FINAL_BATCH_05,KEEP_CORE,Socle hispanophone validé lors de la revue éditoriale ES.
/books/OL13116533M,"Revelaciones Las artes en America Latina, 1492-1820 (Arte Universal) (Arte Universal)",,Joseph Rishel,2007,9789681684297,Fondo de Cultura Economica,,ES_FINAL_BATCH_05,KEEP_CORE,Socle hispanophone validé lors de la revue éditoriale ES.
/books/OL141552M,Os inimigos de Machado de Assis,,Josué Montello,1998,9788520909645,Editora Nova Fronteira,Biographie | Histoire,ES_FINAL_BATCH_05,REPLACE,"Notice à remplacer: langue étrangère, classement linguistique inadéquat ou qualité bibliographique insuffisante pour le socle ES."
/books/OL12955436M,Cuyano alborotador,,José Ignacio García Hamilton,1998,9789500712507,Sudamericana,Fiction,ES_FINAL_BATCH_05,KEEP_CORE,Socle hispanophone validé lors de la revue éditoriale ES.
/books/OL4464122M,Antimperialismo y nación,,José Ingenieros,1979,9789682305085,Siglo Veintiuno,Politique,ES_FINAL_BATCH_05,KEEP_CORE,Socle hispanophone validé lors de la revue éditoriale ES.
/books/OL12807136M,Semiotica del Quijote. Teoria y practica de la ficcion narrativa.,,José Maria PAZ GAGO,1996,9789051838787,Rodopi Bv Editions,Fiction,ES_FINAL_BATCH_05,KEEP_CORE,Socle hispanophone validé lors de la revue éditoriale ES.
/books/OL3805476M,La obra de José Medina Echavarría,,José Medina Echavarría,1980,9788472322783,Ediciones Cultura Hispánica del Instituto de Cooperación Iberoamericana,Histoire | Politique,ES_FINAL_BATCH_05,KEEP_CORE,Socle hispanophone validé lors de la revue éditoriale ES.
/books/OL487112M,La formación de las almas,el imaginario de la República en el Brasil,José Murilo de Carvalho,1997,9789879173107,Universidad Nacional de Quilmes,Histoire | Politique,ES_FINAL_BATCH_05,KEEP_TRANSLATION,Édition ou traduction espagnole validée lors de la revue éditoriale ES.
/books/OL13122830M,Los Cristos de Querétaro,,José Rodolfo Anaya Larios,2002,9789685131032,Ediciones Vieira,Arts,ES_FINAL_BATCH_05,KEEP_CORE,Socle hispanophone validé lors de la revue éditoriale ES.
/books/OL23073791M,Atlas básico de biología,,José Tola,2002,9788434224605,Parramón,,ES_FINAL_BATCH_06,KEEP_CORE,Socle hispanophone validé lors de la revue éditoriale ES.
/books/OL13196630M,Lord (Narrativas),,João Gilberto Noll,2006,9789871156511,Adriana Hidalgo Editora,Fiction,ES_FINAL_BATCH_06,REVIEW,"Notice conservée en revue: langue, édition, attribution, métadonnées, doublon ou pertinence éditoriale restant à confirmer."
/books/OL282764M,Escritos póstumos de Juan Bautista Alberdi.,,Juan Bautista Alberdi,1996,9789879173855,Universidad Nacional de Quilmes,Politique | Sciences sociales | Économie et entreprise,ES_FINAL_BATCH_06,KEEP_CORE,Socle hispanophone validé lors de la revue éditoriale ES.
/books/OL16312420M,Obras completas de J. B. Alberdi ...,,Juan Bautista Alberdi,1886,,"Imp. de ""La Tribuna nacional""",Politique | Sciences sociales,ES_FINAL_BATCH_06,KEEP_CORE,Socle hispanophone validé lors de la revue éditoriale ES.
/books/OL23281395M,Biografía de José Félix Ribas,época de la guerra a muerte,Juan Vicente González,1913,,Casa Editorial Garnier Hermanos,Biographie | Histoire,ES_FINAL_BATCH_06,KEEP_CORE,Socle hispanophone validé lors de la revue éditoriale ES.
/books/OL12954361M,Kosice,Un Visionario del Arte Contemporaneo,Juan-Jacobo Bajarlia,2001,9789500513449,Corregidor,,ES_FINAL_BATCH_06,KEEP_CORE,Socle hispanophone validé lors de la revue éditoriale ES.
/books/OL13222676M,Barcelona Design Guide/Spanish/English,,Juliet Pomes Leiz,1992,9788425214479,Gustavo Gili,,ES_FINAL_BATCH_06,KEEP_CORE,Socle hispanophone validé lors de la revue éditoriale ES.
/books/OL13115588M,Saguairu,,Julio Emilio Braz,2003,9789681647513,"Fondo de Cultura Economica, Mexico",,ES_FINAL_BATCH_06,REVIEW,"Notice conservée en revue: langue, édition, attribution, métadonnées, doublon ou pertinence éditoriale restant à confirmer."
/books/OL57353418M,Por siempre Ambar,,Kathleen Winsor,1969,,Círculo de Lectores,Biographie | Fiction | Histoire,ES_FINAL_BATCH_06,KEEP_TRANSLATION,Édition ou traduction espagnole validée lors de la revue éditoriale ES.
/books/OL21472671M,"La plaza mayor, centro de la metrópoli?",etnografía del Zócalo de la ciudad de México,Kathrin Wildner,2005,9789706548207,Universidad Autónoma Metropolitana,Histoire,ES_FINAL_BATCH_06,KEEP_CORE,Socle hispanophone validé lors de la revue éditoriale ES.
/books/OL13326293M,Narrativa de la rebelion zapatista. Los relatos del Subcomandante Marcos. (Coleccion Nexos y Diferencias) (Coleccion Nexos y Diferencias),,Kristine Vanden Berghe,2005,9788484891772,Iberoamericana Vervuert,Fiction | Histoire,ES_FINAL_BATCH_06,KEEP_CORE,Socle hispanophone validé lors de la revue éditoriale ES.
/books/OL13198778M,Isidro Miranda - Sus Artistas,,Laura Messing,2006,9789872246006,Isidro Miranda Ediciones,,ES_FINAL_BATCH_06,KEEP_CORE,Socle hispanophone validé lors de la revue éditoriale ES.
/books/OL13307503M,Signos Esteticos y Teoria,,Lluis X. Alvarez,2006,9788476587379,Anthropos Research & Publications,,ES_FINAL_BATCH_06,KEEP_CORE,Socle hispanophone validé lors de la revue éditoriale ES.
/books/OL13198248M,Christenvolk,Historia y Etnografia de una Colonia Menonita,Lorenzo Canas Bottos,2005,9789872138769,Antropofagia,Histoire,ES_FINAL_BATCH_06,REVIEW,"Notice conservée en revue: langue, édition, attribution, métadonnées, doublon ou pertinence éditoriale restant à confirmer."
/books/OL17868882M,Seis personajes en busca de autor,comedia a escenificar,Luigi Pirandello,1900,,Sempere,Théâtre,ES_FINAL_BATCH_06,KEEP_TRANSLATION,Édition ou traduction espagnole validée lors de la revue éditoriale ES.
/books/OL12660289M,"Asclepiades De Samos, Epigramas Y Fragmentos","Estudio Introductorio, Revision Del Texto, Traduccion Y Comentario (Sapheneia. Beitrage Zur Klassischen Philologie)",Luis Arturo Guichard,2004,9783039103959,Peter Lang Publishing,,ES_FINAL_BATCH_06,KEEP_CORE,Socle hispanophone validé lors de la revue éditoriale ES.
/books/OL20041694M,Ciranda de pedra.,,Lygia Fagundes Telles,1974,,José Olympia,,ES_FINAL_BATCH_06,REPLACE,"Notice à remplacer: langue étrangère, classement linguistique inadéquat ou qualité bibliographique insuffisante pour le socle ES."
/books/OL13222637M,El Siglo XVII,,M. Mainstone,1995,9788425212383,Editorial Gustavo Gili,,ES_FINAL_BATCH_06,KEEP_TRANSLATION,Édition ou traduction espagnole validée lors de la revue éditoriale ES.
/books/OL13307437M,"Ciencia, Tecnologia/Naturaleza, Cultura En El Siglo XXI",,M. Medina,2000,9788476585870,Anthropos Research & Publications,Sciences,ES_FINAL_BATCH_06,KEEP_CORE,Socle hispanophone validé lors de la revue éditoriale ES.
/books/OL12806896M,"Sociocriticas Practicas Textuales: Cultura De Fronteras (Teoria Literaria : Texto Y Teoria, 7)",,M. Pierrete Malcuzynski,1991,9789051832945,Editions Rodopi,Histoire,ES_FINAL_BATCH_06,KEEP_CORE,Socle hispanophone validé lors de la revue éditoriale ES.
/books/OL13116267M,Gravedad Artificial,,M. T. Anderson,2004,9789681672775,Fondo de Cultura Economica USA,Fiction | Science-fiction | Technologie,ES_FINAL_BATCH_06,KEEP_TRANSLATION,Édition ou traduction espagnole validée lors de la revue éditoriale ES.
/books/OL16288686M,Contrabando y sociedad en el Río de la Plata colonial,,Macarena Perusset,2006,9789870219965,Editorial Dunken,Histoire | Économie et entreprise,ES_FINAL_BATCH_06,KEEP_CORE,Socle hispanophone validé lors de la revue éditoriale ES.
/books/OL13073280M,Indagaciones,El Nuevo Arte Cubano y Su Estetica (Coleccion Saturno),Magaly Espinosa,2003,9789597150091,Ediciones de Almargen,,ES_FINAL_BATCH_06,KEEP_CORE,Socle hispanophone validé lors de la revue éditoriale ES.
/books/OL14726243M,Escritos politicos y sociales,,Manuel García-Pelayo,1989,9788425908439,Centro de Estudios Constitucionales,Politique,ES_FINAL_BATCH_06,KEEP_CORE,Socle hispanophone validé lors de la revue éditoriale ES.
/books/OL19527839M,Medio siglo de cultura (1939-1989),,Manuel L. AbellÁN,1990,9789051832242,Rodopi,Histoire,ES_FINAL_BATCH_06,KEEP_CORE,Socle hispanophone validé lors de la revue éditoriale ES.
/books/OL12955468M,LA Mamama/Mamama,UN Amor Voraz/a Voracious Love,Manuel Lopez De Tejada,1999,9789500713085,Sudamericana,Fiction,ES_FINAL_BATCH_06,KEEP_CORE,Socle hispanophone validé lors de la revue éditoriale ES.
/books/OL13115224M,Los Reyes Taumaturgos,,Marc Bloch | Dr. Antonio Fontoura,1996,9789681627003,Fondo de Cultura Economica USA,Histoire,ES_FINAL_BATCH_06,KEEP_TRANSLATION,Édition ou traduction espagnole validée lors de la revue éditoriale ES.
/books/OL12999170M,"Ciencia, Tecnica Y Humanismo",,Marcos Meeroff | Agustin Norberto Candioti,1996,9789507861116,Editorial Biblos,Philosophie | Sciences,ES_FINAL_BATCH_06,KEEP_CORE,Socle hispanophone validé lors de la revue éditoriale ES.
/books/OL13197891M,Proyectos Sobre El Discurso de Mi,,Margarita Paksa,2003,9789872074548,Fundacion Espigas,Arts,ES_FINAL_BATCH_06,REVIEW,"Notice conservée en revue: langue, édition, attribution, métadonnées, doublon ou pertinence éditoriale restant à confirmer."
/books/OL12804544M,De Fusiladores Y Morcilleros,El discurso cómico del género chico (1870-1910). (Portada Hispánica 6),Margot Bersteeg,2000,9789042005402,Rodopi Bv Editions,,ES_FINAL_BATCH_06,KEEP_CORE,Socle hispanophone validé lors de la revue éditoriale ES.
/books/OL13262814M,Herederas Y Heridas (Feminismos),,Maria A. Garcia De Leon,2004,9788437620176,Catedra,,ES_FINAL_BATCH_07,KEEP_CORE,Socle hispanophone validé lors de la revue éditoriale ES.
/books/OL13198355M,Arte Argentino y Latinoamericano del Siglo XX,Sus Interrelaciones,Maria Amalia Garcia,2005,9789872160210,Fundacion Espigas,,ES_FINAL_BATCH_07,KEEP_CORE,Socle hispanophone validé lors de la revue éditoriale ES.
/books/OL13124587M,Entre El Cuerpo Y El Alma,Imagineria De Los Siglo Xvii Y Xviii,Maria del Rosario Farga,2002,9789687507798,Universidad Autonoma de Puebla,Arts | Histoire,ES_FINAL_BATCH_07,KEEP_CORE,Socle hispanophone validé lors de la revue éditoriale ES.
/books/OL13193030M,Arte Y Toros,Estampa E Ilustracion Taurina (Libros Singulares (Ls)),Maria Dolores Palacios Lopez,2005,9788420677446,Alianza Editorial,,ES_FINAL_BATCH_07,KEEP_CORE,Socle hispanophone validé lors de la revue éditoriale ES.
/books/OL12995569M,Arte Argentino Para El Tercer Milenio,,Maria Esther Fernandez Navarro,1999,9789507200687,Gaglianone S.A.,Arts | Biographie,ES_FINAL_BATCH_07,KEEP_CORE,Socle hispanophone validé lors de la revue éditoriale ES.
/books/OL12660457M,Delmira Agustini,"Dandismo, Genero Y Reescritura Del Imaginario Modernista (Perspectivas Hispanicas)",Maria Jose Bruna Bragado,2005,9783039106868,Peter Lang Publishing,,ES_FINAL_BATCH_07,KEEP_CORE,Socle hispanophone validé lors de la revue éditoriale ES.
/books/OL13307470M,Politica De La Memoria,Una Mirada Sobre Occidente Desde El Margen (Pensamiento Critico),Maria Teresa De La Garza,2002,9788476586341,Anthropos Editorial,Philosophie | Politique,ES_FINAL_BATCH_07,KEEP_CORE,Socle hispanophone validé lors de la revue éditoriale ES.
/books/OL3052265M,Artículos,,Mariano José de Larra,1981,9788432038525,Planeta,,ES_FINAL_BATCH_07,KEEP_CORE,Socle hispanophone validé lors de la revue éditoriale ES.
/books/OL13282247M,Galileo En Roma/ Galileo in Rome,Cronica De 500 Dias,"Mariano-shea, William R. J. Artigas",2003,9788474906769,Ediciones Encuentro,Biographie | Histoire | Voyage,ES_FINAL_BATCH_07,KEEP_CORE,Socle hispanophone validé lors de la revue éditoriale ES.
/books/OL1196782M,De Trujillo hacia el mundo,,Mario Briceño-Iragorry,1993,9789802215713,"Universidad de los Andes, Consejo de Publicaciones",Histoire,ES_FINAL_BATCH_07,KEEP_CORE,Socle hispanophone validé lors de la revue éditoriale ES.
/books/OL3608282M,No robarás las botas de los muertos,,Mario Delgado Aparaín,2002,9789974671324,Alfaguara,Fiction | Histoire,ES_FINAL_BATCH_07,KEEP_CORE,Socle hispanophone validé lors de la revue éditoriale ES.
/books/OL13155189M,Paisajes Del Limbo,,Mario Gonzalez Suarez,2002,9789706990242,Tusquets,,ES_FINAL_BATCH_07,KEEP_CORE,Socle hispanophone validé lors de la revue éditoriale ES.
/books/OL13197153M,"Ver, Conocer, Dominar",Imagenes de Sudamerica a Fines del Siglo XVIII,Marta Penhos,2005,9789871220182,Siglo XXI Ediciones,Arts | Histoire,ES_FINAL_BATCH_07,KEEP_CORE,Socle hispanophone validé lors de la revue éditoriale ES.
/books/OL12984744M,Claude Monet 1926,,Marta Prather,1996,9783895080494,Dummy Book Co,,ES_FINAL_BATCH_07,REVIEW,"Notice conservée en revue: langue, édition, attribution, métadonnées, doublon ou pertinence éditoriale restant à confirmer."
/books/OL13235238M,100 Recursos Practicos En El Dibujo y La Pintura,,Martin Antonino,1992,9788432971327,Ceac,,ES_FINAL_BATCH_07,KEEP_CORE,Socle hispanophone validé lors de la revue éditoriale ES.
/books/OL13196039M,El Mejor Amigo de La Ciencia,,Martin de Ambrosio,2004,9789871105908,Siglo XXI Ediciones,Sciences,ES_FINAL_BATCH_07,KEEP_CORE,Socle hispanophone validé lors de la revue éditoriale ES.
/books/OL12992277M,Limbo (Tezontle),,Martin Kovensky,2002,9789505575275,Fondo de Cultura Economica USA,Histoire,ES_FINAL_BATCH_07,KEEP_CORE,Socle hispanophone validé lors de la revue éditoriale ES.
/books/OL16309880M,Francisco de Vitoria,España y America : el poder y el hombre,María del Carmen Rovira,2004,9789707015067,Miguel Angel Porrúa,,ES_FINAL_BATCH_07,KEEP_CORE,Socle hispanophone validé lors de la revue éditoriale ES.
/books/OL16333747M,Bitácora de un viaje por la gerencia social,,María Elena Silva-Díaz,2006,9789806708181,CENDES-UCV,,ES_FINAL_BATCH_07,KEEP_CORE,Socle hispanophone validé lors de la revue éditoriale ES.
/books/OL23057702M,La casa romántica,,María José Roldán | A. Westgate | Jose Maria Roldan,1999,9789500821131,Atlántida,,ES_FINAL_BATCH_07,REVIEW,"Notice conservée en revue: langue, édition, attribution, métadonnées, doublon ou pertinence éditoriale restant à confirmer."
/books/OL13195177M,Bricolage Contemporaneo,,Matilde Marin,2005,9789870500506,Asunto Impreso,,ES_FINAL_BATCH_07,KEEP_CORE,Socle hispanophone validé lors de la revue éditoriale ES.
/books/OL13003328M,Un Patrimonio Protegido,Restauracion de Obras Maestras del Museo Juan B. Castagnino de Rosario,Mercedes de Las Carreras,2003,9789509837140,Ediciones Fundacion Antorchas,,ES_FINAL_BATCH_07,KEEP_CORE,Socle hispanophone validé lors de la revue éditoriale ES.
/books/OL13308870M,Tomando Cartas En El Asunto,Las Amistades Peligrosas de Las Mujeres Con El Genero Epistolar (Coleccion Sagardiana),Meri Torras,2001,9788477335504,Prensas Universitarias Universidad de Zaragoz,Histoire,ES_FINAL_BATCH_07,KEEP_CORE,Socle hispanophone validé lors de la revue éditoriale ES.
/books/OL20844728M,Las últimas obras de José Donoso,"juegos, roles y rituales en la subversión del poder",Michael Colvin,2001,9788488435576,Editorial Pliegos,,ES_FINAL_BATCH_07,KEEP_CORE,Socle hispanophone validé lors de la revue éditoriale ES.
/books/OL13313881M,Rituales Con Velas,,Michele Chatellier,1998,9788479272401,Robin Book,,ES_FINAL_BATCH_07,KEEP_CORE,Socle hispanophone validé lors de la revue éditoriale ES.
/books/OL13123760M,Estilo Mexicano,Sus Espacios Interiores (Artes Visuales),Miguel Angel Fernandez,2000,9789686258684,Bbva Bancomer,,ES_FINAL_BATCH_07,KEEP_CORE,Socle hispanophone validé lors de la revue éditoriale ES.
/books/OL18915156M,Génesis del patrimonialismo en México,dominación política y legitimidad del poder,Miguel Angel Rodríguez,1997,9789687787015,LunArena,Histoire | Politique,ES_FINAL_BATCH_07,KEEP_CORE,Socle hispanophone validé lors de la revue éditoriale ES.
/books/OL13000748M,Miguel D'Arienzo,Commedia in Carta,Miguel D'Arienzo,2004,9789508890818,La Marca Editora,,ES_FINAL_BATCH_07,KEEP_CORE,Socle hispanophone validé lors de la revue éditoriale ES.
/books/OL24327589M,Compendio del Quijote,,Miguel de Cervantes Saavedra,1905,,"Perlado, Páez",,ES_FINAL_BATCH_07,KEEP_CORE,Socle hispanophone validé lors de la revue éditoriale ES.
/books/OL13362533M,Don Quijote de la Mancha (Clasicos Inolvidables),,Miguel de Cervantes Saavedra,2007,9788497649001,Edimat Libros,,ES_FINAL_BATCH_07,KEEP_CORE,Socle hispanophone validé lors de la revue éditoriale ES.
/books/OL12153606M,Don Quijote de la Mancha by Miguel de Cervantes,An intermediate textbook,Miguel de Cervantes Saavedra,1996,9781884473005,Teachers Discovery,,ES_FINAL_BATCH_08,REVIEW,"Notice conservée en revue: langue, édition, attribution, métadonnées, doublon ou pertinence éditoriale restant à confirmer."
/books/OL24320809M,Don Quixote,,Miguel de Cervantes Saavedra,2005,9781554496631,eBooksLib,Fiction,ES_FINAL_BATCH_08,REPLACE,"Notice à remplacer: langue étrangère, classement linguistique inadéquat ou qualité bibliographique insuffisante pour le socle ES."
/books/OL24316909M,El Coloquio de los Perros,,Miguel de Cervantes Saavedra,2010,9788492862078,Albatros Digital SL,Fiction,ES_FINAL_BATCH_08,KEEP_CORE,Socle hispanophone validé lors de la revue éditoriale ES.
/books/OL24318170M,El ingenioso Hidalgo Don Quijote de la Mancha,,Miguel de Cervantes Saavedra,2004,,elaleph.com,Fiction,ES_FINAL_BATCH_08,KEEP_CORE,Socle hispanophone validé lors de la revue éditoriale ES.
/books/OL24322383M,El ingenioso Hidalgo Don Quijote de la Mancha - Segunda Parte,,Miguel de Cervantes Saavedra,2004,,elaleph.com,Fiction,ES_FINAL_BATCH_08,KEEP_CORE,Socle hispanophone validé lors de la revue éditoriale ES.
/books/OL24311796M,El Rufian Dichoso,,Miguel de Cervantes Saavedra,2010,9788492862351,Albatros Digital SL,Fiction | Théâtre,ES_FINAL_BATCH_08,KEEP_CORE,Socle hispanophone validé lors de la revue éditoriale ES.
/books/OL13233837M,Erase una vez Don Quijote,,Miguel de Cervantes Saavedra,2005,9788431678494,Vicens Vives,,ES_FINAL_BATCH_08,KEEP_CORE,Socle hispanophone validé lors de la revue éditoriale ES.
/books/OL1182139M,Los baños de Argel ; Pedro de Urdemalas,,Miguel de Cervantes Saavedra,1992,,Taurus Ediciones,Théâtre,ES_FINAL_BATCH_08,KEEP_CORE,Socle hispanophone validé lors de la revue éditoriale ES.
/books/OL16207409M,23 de abril,Dos novelas ejemplares y un entremés / Como gustéis,Miguel de Cervantes Saavedra | William Shakespeare,2003,,Cátedra,,ES_FINAL_BATCH_08,REVIEW,"Notice conservée en revue: langue, édition, attribution, métadonnées, doublon ou pertinence éditoriale restant à confirmer."
/books/OL5517695M,Pluralismo e liberdade.,,Miguel Reale,1963,,Edição Saraiva,,ES_FINAL_BATCH_08,REPLACE,"Notice à remplacer: langue étrangère, classement linguistique inadéquat ou qualité bibliographique insuffisante pour le socle ES."
/books/OL16920022M,La investigación lingüística desde la filosofía de la ciencia,a propósito de la lingüística chomskiana,Milagros Fernandez Perez,1986,9788471913968,Universidade de Santiago de Compostela,Philosophie | Sciences,ES_FINAL_BATCH_08,KEEP_CORE,Socle hispanophone validé lors de la revue éditoriale ES.
/books/OL13364735M,La verdad bajo la tierra,"Guatemala, el genocidio silenciado",Miquel Dewever-Plana,2007,9788498010749,Blume,Histoire,ES_FINAL_BATCH_08,KEEP_CORE,Socle hispanophone validé lors de la revue éditoriale ES.
/books/OL13241012M,"Canto, Danza y Libacion En Los Andes",,Monica Gudemos,2004,9788436938340,Ministerio de Cultura Direccion General de Be,,ES_FINAL_BATCH_08,KEEP_CORE,Socle hispanophone validé lors de la revue éditoriale ES.
/books/OL13237625M,Manual Practico de Escritura Academica II,,Montolio,2005,9788434428683,Ariel,,ES_FINAL_BATCH_08,KEEP_CORE,Socle hispanophone validé lors de la revue éditoriale ES.
/books/OL22012282M,Macunaíma o herói sem nenhum caráter,,Mário de Andrade,1986,,Editora Itatiaia Limitada,Fiction,ES_FINAL_BATCH_08,REPLACE,"Notice à remplacer: langue étrangère, classement linguistique inadéquat ou qualité bibliographique insuffisante pour le socle ES."
/books/OL16416360M,México 2020,retos y perspectivas,"México 2020 (1998 Mexico City, Mexico?)",1999,9789688232705,Academia Mexicana de Investigadores y Estudiantes de Posgrado,Politique | Sciences | Technologie | Économie et entreprise,ES_FINAL_BATCH_08,KEEP_CORE,Socle hispanophone validé lors de la revue éditoriale ES.
/books/OL12993977M,Historia General del Arte En La Argentina - Tomo 10,,Nacional de Bellas Artes Academia,2005,9789506120054,Academia Nacional de Bellas Artes,Histoire,ES_FINAL_BATCH_08,KEEP_CORE,Socle hispanophone validé lors de la revue éditoriale ES.
/books/OL13072814M,"Romulo Rozo, el indoamericano universal en el centenario de su nacimiento (Biblioteca de la Academia Boyacense de Historia)",,Napoleon Peralta Barrera,1999,9789589667804,Academia Boyacense de Historia,Biographie,ES_FINAL_BATCH_08,KEEP_CORE,Socle hispanophone validé lors de la revue éditoriale ES.
/books/OL3446746M,El regreso de Martín Aquino,,Napoleón Baccino Ponce de León,2003,9789974771017,Casa Editora,Fiction,ES_FINAL_BATCH_08,KEEP_CORE,Socle hispanophone validé lors de la revue éditoriale ES.
/books/OL1996351M,Maluco,la novela de los descubridores,Napoleón Baccino Ponce de León,1990,9788432246395,Seix Barral,Fiction,ES_FINAL_BATCH_08,KEEP_CORE,Socle hispanophone validé lors de la revue éditoriale ES.
/books/OL45427415M,Nedko Solakov,paisajes románticos con elementos ausentes,Nedko Solakov,2002,,Museo Nacional Centro de Arte Reina Sofía,,ES_FINAL_BATCH_08,KEEP_CORE,Socle hispanophone validé lors de la revue éditoriale ES.
/books/OL51153409M,El príncipe,,Niccolò Machiavelli,2004,9789806423367,El Nacional,Fantasy | Fiction | Histoire | Philosophie | Politique,ES_FINAL_BATCH_08,KEEP_TRANSLATION,Édition ou traduction espagnole validée lors de la revue éditoriale ES.
/books/OL19410927M,Qué es ser de izquierda?,,Nicolás Lynch,2005,9789972268106,Sonimagenes,,ES_FINAL_BATCH_08,KEEP_CORE,Socle hispanophone validé lors de la revue éditoriale ES.
/books/OL13195181M,Polesello,,Nora Hochbaum,2006,9789870502166,Centro Cultural Recoleta,,ES_FINAL_BATCH_08,KEEP_CORE,Socle hispanophone validé lors de la revue éditoriale ES.
/books/OL13121130M,Abece de la Vida,,Octavio Colmenares Vargas | Colmenares Octavio,1998,9789684099135,Libros Para Todos,,ES_FINAL_BATCH_08,KEEP_CORE,Socle hispanophone validé lors de la revue éditoriale ES.
/books/OL19427074M,La Malinche,poder y religión en la región del volcán,Osvaldo Romero Melgarejo,2002,9789688650707,Universidad Autónoma de Tlaxcala,Histoire | Religion | Économie et entreprise,ES_FINAL_BATCH_08,KEEP_CORE,Socle hispanophone validé lors de la revue éditoriale ES.
/books/OL13312176M,Pinochet,Epitafio Para Un Tirano,Pablo Azocar,1999,9788478842025,Lectorum Pubns Inc,Biographie | Histoire | Politique,ES_FINAL_BATCH_08,KEEP_CORE,Socle hispanophone validé lors de la revue éditoriale ES.
/books/OL16779588M,La nación en tiempo heterogéneo y otros estudios subalternos,,Partha Chatterjee,2007,9789972511653,CLACSO,Politique,ES_FINAL_BATCH_08,KEEP_TRANSLATION,Édition ou traduction espagnole validée lors de la revue éditoriale ES.
/books/OL13206008M,Instituto Di Tella,Experiencias '68,Patricia Thompson Rizzo,1999,9789879609118,Proa,,ES_FINAL_BATCH_08,KEEP_CORE,Socle hispanophone validé lors de la revue éditoriale ES.
/books/OL13307504M,Politica Mente,"de La Revolucion a la Globalizacion (Autores, Textos y Temas)",Patxi Lanceros,2005,9788476587386,Anthropos Research & Publications,Philosophie | Politique,ES_FINAL_BATCH_08,REVIEW,"Notice conservée en revue: langue, édition, attribution, métadonnées, doublon ou pertinence éditoriale restant à confirmer."
/books/OL13072183M,Imagenes de Ciudad,Percepcion y Cognicion En Ni~nos de Bogota,Paula Gonzalez Vergara,2004,9789588232140,Alcaldia Mayor de Bogota D.C. Instituto Distr,,ES_FINAL_BATCH_09,KEEP_CORE,Socle hispanophone validé lors de la revue éditoriale ES.
/books/OL23231856M,Chile,marca registrada : historia general de las marcas comerciales y el imaginario del consumo en Chile,Pedro Alvarez Caselli,2008,9789568018559,Ocho Libros,Histoire,ES_FINAL_BATCH_09,KEEP_CORE,Socle hispanophone validé lors de la revue éditoriale ES.
/books/OL13057632M,Hdgch,Historia del Dise~no Grafico En Chile,Pedro Alvarez Caselli,2004,9789562990813,Gobierno de Chile Consejo Nacional del Libro,,ES_FINAL_BATCH_09,REVIEW,"Notice conservée en revue: langue, édition, attribution, métadonnées, doublon ou pertinence éditoriale restant à confirmer."
/books/OL13232086M,El Pensamiento Politico De La Derecha Española En El Siglo XX,De La Crisis De La Restauracion Al Estado De Partidos (1898-2000) (Biblioteca Historia Pensamiento Politico),Pedro Carlos Gonzalez Cuevas,2005,9788430942237,Tecnos,Histoire | Politique,ES_FINAL_BATCH_09,KEEP_CORE,Socle hispanophone validé lors de la revue éditoriale ES.
/books/OL16268654M,La última cena del ensayo,,Pedro Téllez,2005,9789803761264,"República Bolivariana de Venezuela, Ministerio de la Cultura, Consejo Nacional de la Cultura",Biographie | Fiction | Histoire | Philosophie | Politique | Théâtre | Éducation,ES_FINAL_BATCH_09,KEEP_CORE,Socle hispanophone validé lors de la revue éditoriale ES.
/books/OL8233118M,Secretos sexuales,,Penny Slinger | Nik Douglas,1999,9780892815883,Inner Traditions en Español,,ES_FINAL_BATCH_09,KEEP_TRANSLATION,Édition ou traduction espagnole validée lors de la revue éditoriale ES.
/books/OL12963195M,Avance de La Insignificancia,,Piera Castoriadis-Aulagnier,1997,9789502306353,Eudeba,Philosophie | Politique | Sciences sociales,ES_FINAL_BATCH_09,KEEP_TRANSLATION,Édition ou traduction espagnole validée lors de la revue éditoriale ES.
/books/OL10168524M,Tratamiento Digital De Imagenes/ Digital Image Processing,,R. Wood | Rafael C. Gonzalez,1996,9780201625769,Addison Wesley Longman,Technologie,ES_FINAL_BATCH_09,KEEP_CORE,Socle hispanophone validé lors de la revue éditoriale ES.
/books/OL6507361M,O quinze,romance.,Rachel de Queiroz,1942,,Companhia editora nacional,,ES_FINAL_BATCH_09,REPLACE,"Notice à remplacer: langue étrangère, classement linguistique inadéquat ou qualité bibliographique insuffisante pour le socle ES."
/books/OL13222707M,Diseno Audiovisual,,Rafael Rafols,2004,9788425215384,Editorial Gustavo Gili,Arts,ES_FINAL_BATCH_09,KEEP_CORE,Socle hispanophone validé lors de la revue éditoriale ES.
/books/OL13237323M,Ramon Casas - Impresionistas y Su Epoca -,,Ramon Casas,1997,9788434308169,Ediciones Poligrafa S.A.,,ES_FINAL_BATCH_09,KEEP_CORE,Socle hispanophone validé lors de la revue éditoriale ES.
/books/OL13192436M,Introduccion a La Constitucion Espanola,(Texto Y Comentarios) (El Libro De Bolsillo),Ramon Tamames | Laura Tamames,2005,9788420656250,Alianza Editorial,Politique,ES_FINAL_BATCH_09,KEEP_CORE,Socle hispanophone validé lors de la revue éditoriale ES.
/books/OL12991017M,Huellas del Ojo,,Raul Santana,2005,9789505330072,Asunto Impreso,,ES_FINAL_BATCH_09,KEEP_CORE,Socle hispanophone validé lors de la revue éditoriale ES.
/books/OL12999986M,El Arte Objeto,Interrogantes Ante La Sociedad Cultural del Tercer Milenio (Libro Argentino),Raul Vera Ocampo,2004,9789508435460,Vinciguerra,Histoire,ES_FINAL_BATCH_09,KEEP_CORE,Socle hispanophone validé lors de la revue éditoriale ES.
/books/OL17094032M,Ciencia y sátira,,René Raúl Drucker-Colín,2005,9789707015661,"UNAM, Dirección General de Publicaciones y Fomento Editoral",Histoire | Sciences,ES_FINAL_BATCH_09,KEEP_CORE,Socle hispanophone validé lors de la revue éditoriale ES.
/books/OL13197692M,Raices de Un Nuevo Milenio,,Ricardo Crivelli,2005,9789872046910,Ricardo A. Crivelli,Arts,ES_FINAL_BATCH_09,KEEP_CORE,Socle hispanophone validé lors de la revue éditoriale ES.
/books/OL13197545M,Mapuches del Neuquen,,Ricardo Paz,2002,9789872010317,Luz Editora,Histoire,ES_FINAL_BATCH_09,KEEP_CORE,Socle hispanophone validé lors de la revue éditoriale ES.
/books/OL16771398M,La Mujer en la literatura hispánica de la Edad Media y el Siglo de Oro,,Rina Walthaus,1993,9789051834468,Rodopi,,ES_FINAL_BATCH_09,KEEP_CORE,Socle hispanophone validé lors de la revue éditoriale ES.
/books/OL142508M,La innovación y las políticas en ciencia y tecnología para el Uruguay,,Rodrigo Arocena,1998,9789974321939,CIESU,,ES_FINAL_BATCH_09,KEEP_CORE,Socle hispanophone validé lors de la revue éditoriale ES.
/books/OL13222930M,Barcelona 1000 Graffitis + DVD,,Rosa Puig Torres,2005,9788425220227,Editorial Gustavo Gili,Histoire,ES_FINAL_BATCH_09,KEEP_CORE,Socle hispanophone validé lors de la revue éditoriale ES.
/books/OL13206982M,La tiranía del automóvil,Los costos humanos del desarrollo tecnológico,Roxana Kreimer,2006,9789879893920,Anarres,Sciences sociales,ES_FINAL_BATCH_09,KEEP_CORE,Socle hispanophone validé lors de la revue éditoriale ES.
/books/OL12804356M,Del Dominio Publico: Itinerarios De La Carta Privada.,Teoria Literaria 20),Roxana PagÉS-rangel,1997,9789042000520,Rodopi Bv Editions,,ES_FINAL_BATCH_09,KEEP_CORE,Socle hispanophone validé lors de la revue éditoriale ES.
/books/OL22995670M,Agosto,,Rubem Fonseca,1993,9789684932524,"Aguilar, León y Cal Editores",Fiction | Politique,ES_FINAL_BATCH_09,KEEP_TRANSLATION,Édition ou traduction espagnole validée lors de la revue éditoriale ES.
/books/OL12955868M,"Libreria, La",,Ruben Loza Aguerrebere,2001,9789500719315,Sudamericana,Fiction,ES_FINAL_BATCH_09,KEEP_CORE,Socle hispanophone validé lors de la revue éditoriale ES.
/books/OL12956402M,"Vernet, Caballero De Las Islas (Novela Historica)",,S Siderer De Plager,2005,9789500726993,Sudamericana,Fiction,ES_FINAL_BATCH_09,KEEP_CORE,Socle hispanophone validé lors de la revue éditoriale ES.
/books/OL16919984M,Textos escolares e interculturalidad en Ecuador,,Sebastián Granda Merchán,2003,9789978190647,"Universidad Andina Simón Bolívar, Sede Ecuador",Sciences sociales,ES_FINAL_BATCH_09,KEEP_CORE,Socle hispanophone validé lors de la revue éditoriale ES.
/books/OL13151879M,Retablos,"Su Restauracion, Estudio y Conservacion (Estudios de Arte y Estetica)",Seminario de Estudio del Patrimonio Art,2003,9789703209811,Universidad Nacional Autonoma de Mexico Tigac,,ES_FINAL_BATCH_09,KEEP_CORE,Socle hispanophone validé lors de la revue éditoriale ES.
/books/OL36294015M,Siete Margarets,,Sheri S. Tepper,2011,9788466637824,Ediciones B,Fiction | Science-fiction,ES_FINAL_BATCH_09,KEEP_TRANSLATION,Édition ou traduction espagnole validée lors de la revue éditoriale ES.
/books/OL13197892M,Arte Para Todos,La Difusion del Grabado Como Estrategia Para La Popularizacion del Arte,Silvia Dolinko,2003,9789872074555,Fundacion Espigas,Histoire,ES_FINAL_BATCH_09,KEEP_CORE,Socle hispanophone validé lors de la revue éditoriale ES.
/books/OL1231535M,Enseñar ciencias sociales,,Silvia Finocchio,1993,9789501630572,Editorial Troquel,Sciences sociales,ES_FINAL_BATCH_09,KEEP_CORE,Socle hispanophone validé lors de la revue éditoriale ES.
/books/OL12954517M,Para Una Intelectualidad Sin Episteme,,Silvia Kurlat Ares,2006,9789500516518,Corregidor,,ES_FINAL_BATCH_10,KEEP_CORE,Socle hispanophone validé lors de la revue éditoriale ES.
/books/OL12954463M,Stella Manhattan (Vereda Brasil),,Silviano Santiago,2004,9789500515696,Corregidor,,ES_FINAL_BATCH_10,KEEP_TRANSLATION,Édition ou traduction espagnole validée lors de la revue éditoriale ES.
/books/OL13197444M,Quisiera Ser Como Tu/ I Want to Be Like You,,Stefan Gemmel,2006,9789871296033,Unaluna,,ES_FINAL_BATCH_10,KEEP_CORE,Socle hispanophone validé lors de la revue éditoriale ES.
/books/OL12800401M,"Juan de la Cruz, Espiritu de Llama",,Steggink O.,1991,9789024224548,Peeters,Histoire,ES_FINAL_BATCH_10,KEEP_CORE,Socle hispanophone validé lors de la revue éditoriale ES.
/books/OL3888166M,Viudas,(novela),Stephen Kessler | Ariel Dorfman,1981,9789682310645,Siglo XXI Editores,Fiction,ES_FINAL_BATCH_10,KEEP_CORE,Socle hispanophone validé lors de la revue éditoriale ES.
/books/OL3659105M,Tunga,"11/11 al 12/12 de 1999, Centro Cultural Recoleta.",Tunga.,1999,,El Centro,,ES_FINAL_BATCH_10,REVIEW,"Notice conservée en revue: langue, édition, attribution, métadonnées, doublon ou pertinence éditoriale restant à confirmer."
/books/OL12654246M,Le théatre en Espagne,Perméabilité du genre et traduction,Université de Pau,1998,9782911852084,Covedi,Histoire,ES_FINAL_BATCH_10,REPLACE,"Notice à remplacer: langue étrangère, classement linguistique inadéquat ou qualité bibliographique insuffisante pour le socle ES."
/books/OL13222016M,Don Quijote de La Mancha - Gredos - 3 Tomos,,Vicente Gaos | Miguel de Cervantes Saavedra,2000,9788424910839,Gredos,,ES_FINAL_BATCH_10,KEEP_CORE,Socle hispanophone validé lors de la revue éditoriale ES.
/books/OL12956354M,El Derrocado,,Victor Ego,2005,9789500726429,Sudamericana,Fiction,ES_FINAL_BATCH_10,KEEP_CORE,Socle hispanophone validé lors de la revue éditoriale ES.
/books/OL12957138M,Libranos del mal,,Victor Sueiro,2000,9789500824491,Editorial Atlantida,Fiction,ES_FINAL_BATCH_10,KEEP_CORE,Socle hispanophone validé lors de la revue éditoriale ES.
/books/OL16319892M,"Las familias poderosas del cabildo de Culiacán, 1872-1910",,Víctor Hugo Aguilar Gaxiola,2004,9789706601056,Universidad Autónoma de Sinaloa,Histoire | Politique,ES_FINAL_BATCH_10,KEEP_CORE,Socle hispanophone validé lors de la revue éditoriale ES.
/books/OL4343317M,"Estado, burocracia y sociedad civil","discusión crítica, desarrollos y alternativas a la teoría política de Karl Marx.",Víctor Pérez Díaz,1978,9788420412030,Ediciones Alfaguara,Politique,ES_FINAL_BATCH_10,KEEP_CORE,Socle hispanophone validé lors de la revue éditoriale ES.
/books/OL13069679M,Happy Feet - Gran Coleccion,,Warner Bros,2006,9789580497448,Grupo Editorial Norma,,ES_FINAL_BATCH_10,KEEP_TRANSLATION,Édition ou traduction espagnole validée lors de la revue éditoriale ES.
/books/OL13117049M,Expresion Plastica,,Zully Tocaven,2002,9789681840518,Editorial Limusa S.A. De C.V.,Arts,ES_FINAL_BATCH_10,KEEP_CORE,Socle hispanophone validé lors de la revue éditoriale ES.
/books/OL58286432M,Nosotros,,Евгений Иванович Замятин,2010,9789872416133,Miluno Editorial,Biographie | Fiction | Politique | Science-fiction,ES_FINAL_BATCH_10,KEEP_TRANSLATION,Édition ou traduction espagnole validée lors de la revue éditoriale ES.
/books/OL13156273M,Los Funerales De Dios/ the Funerals of God (El Ojo Infalible),,A. N. Nilson,2006,9789707770188,Oceano De Mexico,Histoire,FIRST_PASS,KEEP_CORE,Socle hispanophone validé lors de la revue éditoriale ES.
/books/OL13002564M,Coleccion Fotografica del Museo Nacional de Bellas Artes,,Amigos del Museo Nacional de Asociacion,2005,9789509536319,La Azotea Editorial Fotografica,,FIRST_PASS,KEEP_CORE,Socle hispanophone validé lors de la revue éditoriale ES.
/books/OL13071232M,La tortuga sabia y el mono entrometido/ The Wise Turtle and the Fresh Monkey,,Ana Maria Machado,2007,9789584502469,Norma S a Editorial,Fiction,FIRST_PASS,KEEP_TRANSLATION,Édition ou traduction espagnole validée lors de la revue éditoriale ES.
/books/OL13283887M,En Vez De Ver La Tele/ Instead of Watching TV (Familia),,Anna Huete,2005,9788475563862,Grupo Oceano,Sciences,FIRST_PASS,KEEP_CORE,Socle hispanophone validé lors de la revue éditoriale ES.
/books/OL13188949M,El Guante / The Glove,,Antonio Larreta,2002,9788408042495,Planeta,Fiction,FIRST_PASS,KEEP_CORE,Socle hispanophone validé lors de la revue éditoriale ES.
/books/OL2739510M,The last song of Manuel Sendero,,Ariel Dorfman,1987,9780670802142,Viking,,FIRST_PASS,REPLACE,"Notice à remplacer: langue étrangère, classement linguistique inadéquat ou qualité bibliographique insuffisante pour le socle ES."
/books/OL385689M,The nanny and the iceberg,,Ariel Dorfman,1999,9780374218980,"Farrar, Straus, Giroux",Fiction,FIRST_PASS,REPLACE,"Notice à remplacer: langue étrangère, classement linguistique inadéquat ou qualité bibliographique insuffisante pour le socle ES."
/books/OL13118327M,Las Guerras Que Vienen/the Wars to Come,Riesgos para Las Democracias Ante Nuevos Conflictos Mundiales,Baltasar Garzón | Ana Maria Salazar,2003,9789681913069,Alfaguara,Politique,FIRST_PASS,KEEP_CORE,Socle hispanophone validé lors de la revue éditoriale ES.
/books/OL13073066M,Fin De Milenio : Nuevos Artistas Cubanos / End Of The Millenium : New Cuban Artists,New Cuban Artists,Carina Pino-Santos,2001,9789591006196,Editorial Letras Cubanas,,FIRST_PASS,KEEP_CORE,Socle hispanophone validé lors de la revue éditoriale ES.
/books/OL12956360M,Descubriendo los colores/ Discovering the Colors,A traves del arte/ Through Art (Descubriendo/ Discovering),Carolina Micha,2007,9789500726498,Sudamericana,Arts | Jeunesse,FIRST_PASS,KEEP_CORE,Socle hispanophone validé lors de la revue éditoriale ES.
/books/OL16235928M,La etnoeducación en la construcción de sentidos sociales,"2. Congreso Nacional Universitario de Etnoeducación, Popayán, junio de 2000 : memorias.","Congreso Nacional Universitario de Etnoeducación (2nd 2000 Popayán, Colombia)",2003,9789586110891,Instituto Caro y Cuervo,,FIRST_PASS,KEEP_CORE,Socle hispanophone validé lors de la revue éditoriale ES.
/books/OL12956374M,La Furia De Buenos Aires / The Fury of Buenos Aires,,Daniel Larriqueta,2005,9789500726634,Sudamericana,Fiction | Histoire,FIRST_PASS,KEEP_CORE,Socle hispanophone validé lors de la revue éditoriale ES.
/books/OL13203487M,Moluscos Magallánicos. Guía de moluscos de Patagonia y Sur de Chile,,Daniel Oscar Forcelli | Daniel Forcelli,2000,9789879132012,Zagier & Urruty Pubns,,FIRST_PASS,KEEP_CORE,Socle hispanophone validé lors de la revue éditoriale ES.
/books/OL17175998M,Diversidad cultural e interculturalidad,,"Encuentros sobre ""Diversidad Cultural e Interculturalidad"" (2001 Universidad Nacional de General Sarmiento)",2006,9789875740808,Universidad Nacional de General Sarmiento,,FIRST_PASS,KEEP_CORE,Socle hispanophone validé lors de la revue éditoriale ES.
/books/OL13002128M,XII Jornadas de Historia del Pensamiento Cientifico Argentino: Actas: La Mujer Cientifica,22-243 [Sic] de Octubre 2004,Fundaci on Para El Estudio del Pensamien,2005,9789509262263,Ediciones FEPAI,,FIRST_PASS,KEEP_CORE,Socle hispanophone validé lors de la revue éditoriale ES.
/books/OL42313460M,Camino Al Muelle de Wigan,The Road to Wigan Pier,George Orwell,2021,9798593145031,Independently Published,Fiction | Économie et entreprise,FIRST_PASS,REVIEW,"Notice conservée en revue: langue, édition, attribution, métadonnées, doublon ou pertinence éditoriale restant à confirmer."
/books/OL13151918M,El Dinosaurio Sigue Alli/the Dinosaur Still There,Arte Y Politica En Monterroso,Gloria Estela Gonzalez Zenteno,,9789703213580,,,FIRST_PASS,KEEP_CORE,Socle hispanophone validé lors de la revue éditoriale ES.
/books/OL12831057M,Norden Und Danemark ALS Bilder Nationaler Selbstdarstellung Im Danischen Landschaftsgarten (Imaginatio Borealis. Bilder Des Nordens),,Henrike Weyh,2006,9783631548202,Peter Lang Publishing,Histoire,FIRST_PASS,REPLACE,"Notice à remplacer: langue étrangère, classement linguistique inadéquat ou qualité bibliographique insuffisante pour le socle ES."
/books/OL17978416M,Henry Moore,,Herbert Edward Read | J. Hedgecoe | David Sylvester | Alan Bowness | Henry Moore | Ann Garrould,2006,9788476649060,"Fundació ""La Caixa""",Arts | Biographie,FIRST_PASS,REVIEW,"Notice conservée en revue: langue, édition, attribution, métadonnées, doublon ou pertinence éditoriale restant à confirmer."
/books/OL13191821M,Homo ludens (COLECCION HISTORIA) (Historias / History),,Johan Huizinga,2007,9788420635392,Alianza,Philosophie | Politique,FIRST_PASS,KEEP_TRANSLATION,Édition ou traduction espagnole validée lors de la revue éditoriale ES.
/books/OL13311455M,La ciudad situada / The Situated City (Libros Del Tiempo / Books of Time),,Johnny Lorenz | Clarice Lispector,2006,9788478449910,Siruela,Fiction,FIRST_PASS,KEEP_TRANSLATION,Édition ou traduction espagnole validée lors de la revue éditoriale ES.
/books/OL17022863M,"Poder, resistencia y conflictos en las provincias vascas",siglos XV-XVIII,"Jornadas de Investigación Histórica sobre Poder y Conflicto en el País Vasco, Siglos XV-XVIII (1st 2000 Antigua Universidad de Oñati)",2001,9788483733424,"Universidad del País Vasco, Servicio Editorial",Histoire,FIRST_PASS,KEEP_CORE,Socle hispanophone validé lors de la revue éditoriale ES.
/books/OL12999256M,The Platonismo Marxismo y Comunicacion Social,,Jose Gabriel Vazeilles,2002,9789507863134,Editorial Biblos,Philosophie | Sciences sociales,FIRST_PASS,REVIEW,"Notice conservée en revue: langue, édition, attribution, métadonnées, doublon ou pertinence éditoriale restant à confirmer."
/books/OL13200851M,Como hablar en radio y television/ How to speak on radio and television,Entrenamiento para medios/ Media entertainment,Lidia Argibay | Celia Pagan,2004,9789875503007,Longseller,,FIRST_PASS,KEEP_CORE,Socle hispanophone validé lors de la revue éditoriale ES.
/books/OL13358630M,El Fundamentalismo Islamico/ The Islamic Fundamentalism (Cronica Del Siglo XX / XX Century Chronicles),,Marcelo Borrelli | Mercedes Saborido,2006,9788496410480,LECTORUM PUBLICATIONS^INC,Histoire | Économie et entreprise,FIRST_PASS,KEEP_CORE,Socle hispanophone validé lors de la revue éditoriale ES.
/books/OL13231762M,Curso De Ciencia De La Administracion/ Science Course of Administration,,Mariano Baena Del Alcazar,2004,9788430934959,Tecnos,,FIRST_PASS,KEEP_CORE,Socle hispanophone validé lors de la revue éditoriale ES.
/books/OL13195712M,Nombres Del Pensamiento Social / Names of the Social Thinking (Coleccion Polemos),,Marta Perez Fernandez,2005,9789871074181,Ediciones del Signo,Sciences sociales,FIRST_PASS,KEEP_CORE,Socle hispanophone validé lors de la revue éditoriale ES.
/books/OL16724444M,Élites intelectuales en el sur de Colombia,"Pasto, 1904-1930 : una generación decisiva",María Teresa Álvarez Hoyos,2007,9789589479759,RUDECOLOMBIA,Biographie | Histoire,FIRST_PASS,KEEP_CORE,Socle hispanophone validé lors de la revue éditoriale ES.
/books/OL13362297M,Corrupcion / Corruption,Las Cloacas Del Poder / The Dumps of Power,Miguel Pedrero,2004,9788497630993,Nowtilus,Politique,FIRST_PASS,KEEP_CORE,Socle hispanophone validé lors de la revue éditoriale ES.
/books/OL12652009M,Les Bâtisseurs de lumière,Architectures mexicaines contemporaines,Miquel Adrià,2003,9782909283753,Norma,Histoire,FIRST_PASS,REPLACE,"Notice à remplacer: langue étrangère, classement linguistique inadéquat ou qualité bibliographique insuffisante pour le socle ES."
/books/OL26501381M,Manual de Ciencia Política,,Miquel Caminal Badía,2005,9788430933631,Tecnos,Politique,FIRST_PASS,KEEP_CORE,Socle hispanophone validé lors de la revue éditoriale ES.
/books/OL13120175M,Historias del bello sexo/ Stories of the Beautiful Sex,La introducion del romanticismo en Mexico/ The Introducion of Romance in Mexico,Monserat Galt,2002,9789683696441,"Universidad Nacional Autónoma de México, Instituto de Investigaciones Estéticas",Histoire,FIRST_PASS,KEEP_CORE,Socle hispanophone validé lors de la revue éditoriale ES.
/books/OL13241009M,Seres Hibridos: Apropiacion de Motivos Miticos Mediterraneos,"Actas del Seminario-Exposicion, Casa de Velazquez-Museo Arqueologico Nac",Museo Arqueol Ogico Nacional,2003,9788436936865,Casa de Velazquez,,FIRST_PASS,KEEP_CORE,Socle hispanophone validé lors de la revue éditoriale ES.
/books/OL13070849M,Salon Arturo y Rebeca Rabinovich,"Historia, 1981-2003",Museo de Arte Moderno de Medell in,2003,9789583347634,Museo de Arte Moderno de Medellin,Arts | Biographie | Histoire,FIRST_PASS,KEEP_CORE,Socle hispanophone validé lors de la revue éditoriale ES.
/books/OL13152123M,Museo Nacional Del Virreinato/national Museum Of The Virreinato,"Teotzotlan, La Vida y La Obra En La Nueva Espana",Museo Nacional del Virreinato,2004,9789703503711,Asociacion de Amigos Museo Nacional del Virre,Arts | Histoire,FIRST_PASS,KEEP_CORE,Socle hispanophone validé lors de la revue éditoriale ES.
/books/OL12956196M,La Hermana/ the Sister,,P. Yanielli Kaufmann,2003,9789500724142,Sudamericana,Fiction,FIRST_PASS,KEEP_CORE,Socle hispanophone validé lors de la revue éditoriale ES.
/books/OL20966231M,The fallacy of social science research,a critical examination and new qualitative model.,Pablo González Casanova,1981,9780080275499,Pergamon,Sciences sociales,FIRST_PASS,REPLACE,"Notice à remplacer: langue étrangère, classement linguistique inadéquat ou qualité bibliographique insuffisante pour le socle ES."
/books/OL13362313M,Las Claves de Angeles y Demonios (The Keys to Angels and Demons) (Historia Incognita),,Philippe Darwin,2005,9788497632171,Nowtilus,Histoire,FIRST_PASS,KEEP_CORE,Socle hispanophone validé lors de la revue éditoriale ES.
/books/OL13117715M,Historia regional de Yucatan / Regional History of Yucatan (Perfil Socioeconomico / Socioeconomico Profile),,Ramirez | Luis Alfonso Conalep | Luis A. Ramírez Carrillo,2000,9789681860325,Editorial Limusa S.A. De C.V.,Histoire | Économie et entreprise,FIRST_PASS,KEEP_CORE,Socle hispanophone validé lors de la revue éditoriale ES.
/books/OL7883701M,"Toynbee Convector, the",,Ray Bradbury,1998,9780586205785,HarperCollins Publishers,,FIRST_PASS,REPLACE,"Notice à remplacer: langue étrangère, classement linguistique inadéquat ou qualité bibliographique insuffisante pour le socle ES."
/books/OL17793423M,Histoire des musulmans d'Espagne,"jusqu'à la conquête de l'Andalousie par les Almoravides, 711-1110.",Reinhart Dozy,1861,,E. J. Brill,Histoire,FIRST_PASS,REPLACE,"Notice à remplacer: langue étrangère, classement linguistique inadéquat ou qualité bibliographique insuffisante pour le socle ES."
/books/OL12956400M,"AMIA, La Verdad Imposible/ AMIA, the Impossible Truth",Porque el atentado mas grande de la historia argentina quedo impune,Roberto Caballero,2005,9789500726962,Sudamericana,Fiction | Histoire,FIRST_PASS,KEEP_CORE,Socle hispanophone validé lors de la revue éditoriale ES.
/books/OL13120168M,La Muerte En El Espejo De La Ciencia/ The Death in Front of the Science Mirror,Tercer Festival Estudiantil de Dia de Muertos,Rosanela Alvarez Ruiz,2001,9789683692818,Universidad Nacional Autónoma de México,Fiction | Poésie,FIRST_PASS,KEEP_CORE,Socle hispanophone validé lors de la revue éditoriale ES.
/books/OL15441549M,"Social structure, stratification and mobility =","Estructura, estratificación y movilidad social","Seminar on Social Structure, Stratification and Mobility (1962 Rio de Janeiro, Brazil)",1967,,Pan American Union,,FIRST_PASS,REPLACE,"Notice à remplacer: langue étrangère, classement linguistique inadéquat ou qualité bibliographique insuffisante pour le socle ES."
/books/OL14662445M,Estudios de historia social de Espan̈a.,,Spain. Consejo Superior de Investigaciones Cientificas. Instituto Balmes de Sociologia,1949,,,Histoire | Sciences sociales,FIRST_PASS,KEEP_CORE,Socle hispanophone validé lors de la revue éditoriale ES.
/books/OL13223430M,Diccionario Ilustrado De Los Santos / Illustrated Dictionary of Saints,,Vera Schauber | Schauber y Schindler,2001,9788425335655,Grijalbo,Biographie,FIRST_PASS,KEEP_CORE,Socle hispanophone validé lors de la revue éditoriale ES.
/books/OL13156598M,El arte para comprender el mundo/The art of understanding the World,,Veronique Antoine-Andersen | Véronique Antoine-Andersen,2005,9789709705157,Serres Ediciones Sl,Arts | Histoire | Jeunesse,FIRST_PASS,KEEP_CORE,Socle hispanophone validé lors de la revue éditoriale ES.
/books/OL12830891M,Analisis Paremiologico De El Quijote De Cervantes En La Version De Ludwig Tieck (Saarbrucker Beitrage Zur Sprach- Und Translationswissenschaf),,Vigo Maria Jesus Barsanti,2005,9783631543740,Peter Lang Publishing,,FIRST_PASS,KEEP_CORE,Socle hispanophone validé lors de la revue éditoriale ES.
/books/OL13317908M,El Bosco Y La Tradicion Pictorica De Lo Fantastico/ Bosco and the Pictorial tradition of Fantastic Things,,Vvaa,2006,9788481096248,Galaxia Gutenberg,,FIRST_PASS,KEEP_CORE,Socle hispanophone validé lors de la revue éditoriale ES.
/books/OL13068286M,"Ah, Pajarita Si Yo Pudiera",,Ana Maria Machado,2002,9789580445265,Grupo Editorial Norma,Fiction,FOREIGN_AUTHORS,KEEP_TRANSLATION,Édition ou traduction espagnole validée lors de la revue éditoriale ES.
/books/OL13115765M,"Bisa Bea, Bisa Bel",,Ana Maria Machado,2005,9789681654634,Fondo de Cultura Económica USA,Fiction | Histoire,FOREIGN_AUTHORS,KEEP_TRANSLATION,Édition ou traduction espagnole validée lors de la revue éditoriale ES.
/books/OL13228223M,El Canto de la Plaza,,Ana Maria Machado,2001,9788427932302,Lectorum Publications,,FOREIGN_AUTHORS,KEEP_TRANSLATION,Édition ou traduction espagnole validée lors de la revue éditoriale ES.
/books/OL13115530M,Historia Medio Al Reves,,Ana Maria Machado,1992,9789681645458,Fondo De Cultura Economica USA,,FOREIGN_AUTHORS,KEEP_TRANSLATION,Édition ou traduction espagnole validée lors de la revue éditoriale ES.
/books/OL13115611M,Un Pajarito Me Conto/ a Little Bird Told Me,,Ana Maria Machado,1992,9789681648343,"Fondo de Cultura Economica, Mexico",Fiction,FOREIGN_AUTHORS,KEEP_TRANSLATION,Édition ou traduction espagnole validée lors de la revue éditoriale ES.
/books/OL24203440M,Ciencia preguntas y respuestas,,Anita Ganeri,2000,9781894551007,International Sales and Design Associates,Jeunesse | Sciences,FOREIGN_AUTHORS,REVIEW,"Notice conservée en revue: langue, édition, attribution, métadonnées, doublon ou pertinence éditoriale restant à confirmer."
/books/OL13220293M,El Viento Sopla,"Y Otras Preguntas Sobre Nuetros Planeta (Enciclopedia ""Me Pregunto Por Que)",Anita Ganeri,1996,9788424121747,Everest Pub,Jeunesse,FOREIGN_AUTHORS,REVIEW,"Notice conservée en revue: langue, édition, attribution, métadonnées, doublon ou pertinence éditoriale restant à confirmer."
/books/OL13311354M,La Manzana En La Oscuridad,,Benjamin Moser | Elena Losada | Clarice Lispector,2003,9788478446858,Siruela,Fiction | Policier et mystère,FOREIGN_AUTHORS,KEEP_TRANSLATION,Édition ou traduction espagnole validée lors de la revue éditoriale ES.
/books/OL27582920M,Nuestra señora de las tinieblas,,Charles Busch | Fritz Leiber,2002,9788495741196,Pulp,Fantasy | Fiction,FOREIGN_AUTHORS,KEEP_TRANSLATION,Édition ou traduction espagnole validée lors de la revue éditoriale ES.
/books/OL13265247M,"Bestia Oculta - 12, La",,Christopher Pike,1998,9788440676528,Ediciones B,,FOREIGN_AUTHORS,REVIEW,"Notice conservée en revue: langue, édition, attribution, métadonnées, doublon ou pertinence éditoriale restant à confirmer."
/books/OL13265083M,"Cueva Embrujada - 3, La",,Christopher Pike,1997,9788440668714,Ediciones B,Fiction | Policier et mystère,FOREIGN_AUTHORS,REVIEW,"Notice conservée en revue: langue, édition, attribution, métadonnées, doublon ou pertinence éditoriale restant à confirmer."
/books/OL13265082M,El Aullido del Fantasma - 2,,Christopher Pike,1997,9788440668707,Ediciones B,Fiction,FOREIGN_AUTHORS,REVIEW,"Notice conservée en revue: langue, édition, attribution, métadonnées, doublon ou pertinence éditoriale restant à confirmer."
/books/OL13265160M,El Gato Malvado - 10,,Christopher Pike,1997,9788440672896,Ediciones B,,FOREIGN_AUTHORS,REVIEW,"Notice conservée en revue: langue, édition, attribution, métadonnées, doublon ou pertinence éditoriale restant à confirmer."
/books/OL13265140M,El Rincon Oscuro - 7,,Christopher Pike,1997,9788440672315,Ediciones B,Fiction,FOREIGN_AUTHORS,REVIEW,"Notice conservée en revue: langue, édition, attribution, métadonnées, doublon ou pertinence éditoriale restant à confirmer."
/books/OL13265139M,Extraños visitantes!,,Christopher Pike,1997,9788440672308,Ediciones B,,FOREIGN_AUTHORS,REVIEW,"Notice conservée en revue: langue, édition, attribution, métadonnées, doublon ou pertinence éditoriale restant à confirmer."
/books/OL13265432M,Fantasmaville - 15 - La Invasion de Las Nadi,,Christopher Pike,1998,9788440685346,Ediciones B,,FOREIGN_AUTHORS,REVIEW,"Notice conservée en revue: langue, édition, attribution, métadonnées, doublon ou pertinence éditoriale restant à confirmer."
/books/OL13265152M,La Piedra de Los Deseos - 9,,Christopher Pike,1997,9788440672575,Ediciones B,Fiction,FOREIGN_AUTHORS,REVIEW,"Notice conservée en revue: langue, édition, attribution, métadonnées, doublon ou pertinence éditoriale restant à confirmer."
/books/OL13265081M,La Senda Secreta - 1,,Christopher Pike,1997,9788440668691,Ediciones B,Fiction,FOREIGN_AUTHORS,REVIEW,"Notice conservée en revue: langue, édition, attribution, métadonnées, doublon ou pertinence éditoriale restant à confirmer."
/books/OL13265141M,La Venganza de la Bruja,,Christopher Pike,1997,9788440672322,Ediciones B,Fantasy,FOREIGN_AUTHORS,REVIEW,"Notice conservée en revue: langue, édition, attribution, métadonnées, doublon ou pertinence éditoriale restant à confirmer."
/books/OL13265084M,Los Extraterrestres - 4,,Christopher Pike,1997,9788440668721,Ediciones B,Fiction,FOREIGN_AUTHORS,REVIEW,"Notice conservée en revue: langue, édition, attribution, métadonnées, doublon ou pertinence éditoriale restant à confirmer."
/books/OL13265142M,Los Monstruos de Hielo - 5,,Christopher Pike,1997,9788440672339,Ediciones B,,FOREIGN_AUTHORS,REVIEW,"Notice conservée en revue: langue, édition, attribution, métadonnées, doublon ou pertinence éditoriale restant à confirmer."
/books/OL13265433M,"Maleficio del Tiempo, El",,Christopher Pike,1999,9788440685353,Grupo Zeta,,FOREIGN_AUTHORS,REVIEW,"Notice conservée en revue: langue, édition, attribution, métadonnées, doublon ou pertinence éditoriale restant à confirmer."
/books/OL13265409M,"Monstruoso Profesor, El",,Christopher Pike,1998,9788440684035,Ediciones B,,FOREIGN_AUTHORS,REVIEW,"Notice conservée en revue: langue, édition, attribution, métadonnées, doublon ou pertinence éditoriale restant à confirmer."
/books/OL13265246M,Pasado Mortal - 11,,Christopher Pike,1998,9788440676511,Ediciones B,Fiction,FOREIGN_AUTHORS,REVIEW,"Notice conservée en revue: langue, édition, attribution, métadonnées, doublon ou pertinence éditoriale restant à confirmer."
/books/OL4015360M,Clarice Lispector,,Clarice Lispector,2001,9788428212601,Ediciones Omega,Biographie,FOREIGN_AUTHORS,KEEP_TRANSLATION,Édition ou traduction espagnole validée lors de la revue éditoriale ES.
/books/OL13311252M,La hora de la estrella (Libros del Tiempo),,Clarice Lispector,2000,9788478445103,Siruela,Fiction,FOREIGN_AUTHORS,KEEP_TRANSLATION,Édition ou traduction espagnole validée lors de la revue éditoriale ES.
/books/OL25448081M,La mujer que mató a los peces,,Clarice Lispector,2008,9788493637804,Sabina,Fiction,FOREIGN_AUTHORS,KEEP_TRANSLATION,Édition ou traduction espagnole validée lors de la revue éditoriale ES.
/books/OL35067067M,La pasión según G. H.,,Clarice Lispector,2021,9788415803584,Siruela,Fiction | Philosophie | Romance,FOREIGN_AUTHORS,KEEP_TRANSLATION,Édition ou traduction espagnole validée lors de la revue éditoriale ES.
/books/OL22935401M,Lazos de familia,,Clarice Lispector,1988,9789586013321,Montesinos,Fiction,FOREIGN_AUTHORS,KEEP_TRANSLATION,Édition ou traduction espagnole validée lors de la revue éditoriale ES.
/books/OL26368422M,"Un aprendizaje, o, El libro de los placeres",,Clarice Lispector,2011,9789500519175,Corregidor,Fiction,FOREIGN_AUTHORS,KEEP_TRANSLATION,Édition ou traduction espagnole validée lors de la revue éditoriale ES.
/books/OL23118364M,Ambiciones imperiales,el mundo después del 11-S : entrevistas inéditas con David Barsamian,David Barsamian | David Barsamian | Noam Chomsky | Anna Llisterri Boix,2006,9788483077351,Ediciones Península,Politique,FOREIGN_AUTHORS,KEEP_TRANSLATION,Édition ou traduction espagnole validée lors de la revue éditoriale ES.
/books/OL13226768M,Espadas contra la Muerte,,Fritz Leiber,1986,9788427010123,Martinez Roca S a Ediciones,Fantasy | Fiction,FOREIGN_AUTHORS,KEEP_TRANSLATION,Édition ou traduction espagnole validée lors de la revue éditoriale ES.
/books/OL22915766M,Espadas entre la niebla,,Fritz Leiber,1987,9788427011564,Ediciones Martinez Roca,Fantasy | Fiction | Science-fiction,FOREIGN_AUTHORS,KEEP_TRANSLATION,Édition ou traduction espagnole validée lors de la revue éditoriale ES.
/books/OL25570472M,Ha gase la oscuridad!,,Fritz Leiber | Jonathan Davis,1987,9788477354352,Ediciones B,Fiction | Science-fiction,FOREIGN_AUTHORS,KEEP_TRANSLATION,Édition ou traduction espagnole validée lors de la revue éditoriale ES.
/books/OL13268209M,Lago del Sol Largo,,Gene Wolfe,2004,9788445072196,Minotauro,Fiction,FOREIGN_AUTHORS,KEEP_TRANSLATION,Édition ou traduction espagnole validée lors de la revue éditoriale ES.
/books/OL13226844M,Soldado de Arete,,Gene Wolfe,1991,9788427014916,Martinez Roca,Fiction | Histoire,FOREIGN_AUTHORS,KEEP_TRANSLATION,Édition ou traduction espagnole validée lors de la revue éditoriale ES.
/books/OL25874368M,Rebelión en la granja,,George Orwell,2009,9788423340668,Booket,Fiction | Politique,FOREIGN_AUTHORS,KEEP_TRANSLATION,Édition ou traduction espagnole validée lors de la revue éditoriale ES.
/books/OL47439639M,La condición humana,,Hannah Arendt,2020,9788408224860,Austral,Philosophie | Politique | Sciences sociales | Technologie | Économie et entreprise,FOREIGN_AUTHORS,KEEP_TRANSLATION,Édition ou traduction espagnole validée lors de la revue éditoriale ES.
/books/OL13231391M,Los orígenes del totalitarismo,,Hannah Arendt,1999,9788430602889,Taurus,Histoire | Politique,FOREIGN_AUTHORS,KEEP_TRANSLATION,Édition ou traduction espagnole validée lors de la revue éditoriale ES.
/books/OL13192650M,Sobre la violencia,,Hannah Arendt,2005,9788420659800,Alianza,Philosophie | Politique,FOREIGN_AUTHORS,KEEP_TRANSLATION,Édition ou traduction espagnole validée lors de la revue éditoriale ES.
/books/OL39572207M,Esaú y Jacob,,Helen Caldwell | John Temple Graves | Machado de Assis,2008,9789562890717,Fondo de Cultura Economica,Fiction | Politique,FOREIGN_AUTHORS,KEEP_TRANSLATION,Édition ou traduction espagnole validée lors de la revue éditoriale ES.
/books/OL13192916M,El utilitarismo,"Un sistema de la lógica, libro VI, capitulo XII",John Stuart Mill,2005,9788420672410,Alianza Editorial,Philosophie | Politique | Économie et entreprise,FOREIGN_AUTHORS,KEEP_TRANSLATION,Édition ou traduction espagnole validée lors de la revue éditoriale ES.
/books/OL13356935M,Ensayo Sobre La Libertad,,John Stuart Mill,2006,9788495994622,Mestas Ediciones,Philosophie | Politique,FOREIGN_AUTHORS,KEEP_TRANSLATION,Édition ou traduction espagnole validée lors de la revue éditoriale ES.
/books/OL25337613M,La lógica de las ciencias morales,,John Stuart Mill,2010,9788400091514,Consejo Superior de Investigaciones Científicas,Philosophie | Sciences sociales,FOREIGN_AUTHORS,KEEP_TRANSLATION,Édition ou traduction espagnole validée lors de la revue éditoriale ES.
/books/OL12954395M,Memorial de Aires,,John Temple Graves | Machado de Assis,2002,9789500514217,Corregidor,Fiction | Romance,FOREIGN_AUTHORS,KEEP_TRANSLATION,Édition ou traduction espagnole validée lors de la revue éditoriale ES.
/books/OL26906847M,Don Casmurro,,Machado de Assis,1955,,Espasa-Calpe,Fiction,FOREIGN_AUTHORS,KEEP_TRANSLATION,Édition ou traduction espagnole validée lors de la revue éditoriale ES.
/books/OL13279231M,El Alienista,,Machado de Assis,2002,9788472230408,Tusquets Editor,Fiction | Histoire,FOREIGN_AUTHORS,KEEP_TRANSLATION,Édition ou traduction espagnole validée lors de la revue éditoriale ES.
/books/OL26554779M,Memórias póstumas de Blás Cubas,Introd. de Lucía Miguel Pereira,Machado de Assis,1951,,,Biographie | Fiction,FOREIGN_AUTHORS,REVIEW,"Notice conservée en revue: langue, édition, attribution, métadonnées, doublon ou pertinence éditoriale restant à confirmer."
/books/OL39334884M,Quincas Borba,,Machado de Assis,2014,9788490075739,"Linkgua Ediciones, S.L.",Fiction | Histoire,FOREIGN_AUTHORS,KEEP_TRANSLATION,Édition ou traduction espagnole validée lors de la revue éditoriale ES.
/books/OL56638914M,Al Apoyo Mutuo,,Peter Kropotkin,2016,9781523804405,CreateSpace Independent Publishing Platform,Histoire | Philosophie | Politique | Sciences | Sciences sociales,FOREIGN_AUTHORS,REVIEW,"Notice conservée en revue: langue, édition, attribution, métadonnées, doublon ou pertinence éditoriale restant à confirmer."
/books/OL2765785M,La ciencia moderna y el anarquismo,,Peter Kropotkin,1984,9789685900201,Universidad Autónoma de Sinaloa,Histoire | Philosophie | Sciences,FOREIGN_AUTHORS,KEEP_TRANSLATION,Édition ou traduction espagnole validée lors de la revue éditoriale ES.
/books/OL13239831M,Palabras de Un Rebelde,,Peter Kropotkin,2002,9788435027069,Edhasa,Politique,FOREIGN_AUTHORS,KEEP_TRANSLATION,Édition ou traduction espagnole validée lors de la revue éditoriale ES.
/books/OL38581503M,Ahora y siempre,,Ray Bradbury,2009,9786070701900,Minotauro,Fiction | Science-fiction,FOREIGN_AUTHORS,KEEP_TRANSLATION,Édition ou traduction espagnole validée lors de la revue éditoriale ES.
/books/OL12991732M,Algo Mas En El Equipaje,,Ray Bradbury,2004,9789505470716,Minotauro,Fantasy | Science-fiction,FOREIGN_AUTHORS,KEEP_TRANSLATION,Édition ou traduction espagnole validée lors de la revue éditoriale ES.
/books/OL45645957M,Crónicas marcianas,,Ray Bradbury,2006,9788445075715,Minotauro,Fiction | Science-fiction | Théâtre,FOREIGN_AUTHORS,KEEP_TRANSLATION,Édition ou traduction espagnole validée lors de la revue éditoriale ES.
/books/OL49348350M,El hombre ilustrado,,Ray Bradbury,1998,9788445070611,Minotauro,Fiction | Science-fiction,FOREIGN_AUTHORS,KEEP_TRANSLATION,Édition ou traduction espagnole validée lors de la revue éditoriale ES.
/books/OL60471607M,El vino del estío,,Ray Bradbury,2002,9788445072332,Minotauro,Fiction,FOREIGN_AUTHORS,KEEP_TRANSLATION,Édition ou traduction espagnole validée lors de la revue éditoriale ES.
/books/OL32062901M,Fahrenheit 451,,Ray Bradbury,1985,9788401421105,Plaza & Janés,Fiction | Science-fiction | Théâtre | Éducation,FOREIGN_AUTHORS,KEEP_TRANSLATION,Édition ou traduction espagnole validée lors de la revue éditoriale ES.
/books/OL13268239M,Fantasmas de lo nuevo,,Ray Bradbury,2000,9788445073247,Minotauro,Science-fiction,FOREIGN_AUTHORS,KEEP_TRANSLATION,Édition ou traduction espagnole validée lors de la revue éditoriale ES.
/books/OL27578906M,La feria de las tinieblas,,Ray Bradbury,2019,9788445007457,Minotauro,Fantasy | Fiction | Science-fiction,FOREIGN_AUTHORS,KEEP_TRANSLATION,Édition ou traduction espagnole validée lors de la revue éditoriale ES.
/books/OL47506176M,Las doradas manzanas del sol,,Ray Bradbury,2020,9788445007440,Minotauro,Science-fiction,FOREIGN_AUTHORS,KEEP_TRANSLATION,Édition ou traduction espagnole validée lors de la revue éditoriale ES.
/books/OL13268138M,Las maquinarias de la alegría,,Ray Bradbury,1995,9788445070123,Minotauro,Fantasy,FOREIGN_AUTHORS,KEEP_TRANSLATION,Édition ou traduction espagnole validée lors de la revue éditoriale ES.
/books/OL13201933M,Memoria de Crimenes,,Ray Bradbury,2006,9789875662032,Debolsillo,,FOREIGN_AUTHORS,KEEP_TRANSLATION,Édition ou traduction espagnole validée lors de la revue éditoriale ES.
/books/OL13268157M,Mucho después de medianoche,,Ray Bradbury,1998,9788445070864,Minotauro,,FOREIGN_AUTHORS,KEEP_TRANSLATION,Édition ou traduction espagnole validée lors de la revue éditoriale ES.
/books/OL13268313M,Remedio para melancólicos,,Ray Bradbury,2006,9788445076033,Booket,,FOREIGN_AUTHORS,KEEP_TRANSLATION,Édition ou traduction espagnole validée lors de la revue éditoriale ES.
/books/OL6479060M,El financiero,novela,Theodore Dreiser,1943,,Editorial Futuro,Fiction,FOREIGN_AUTHORS,KEEP_TRANSLATION,Édition ou traduction espagnole validée lors de la revue éditoriale ES.
/books/OL13323674M,Nuestra Carrie (Clasica Maior),,Theodore Dreiser,2002,9788484281511,Alba,Fiction,FOREIGN_AUTHORS,KEEP_TRANSLATION,Édition ou traduction espagnole validée lors de la revue éditoriale ES.
/books/OL13275165M,Una tragedia americana (An American Tragedy) (Narrativa (Punto de Lectura)),,Theodore Dreiser,2007,9788466368759,Punto de Lectura,Fiction | Policier et mystère | Romance | Thriller,FOREIGN_AUTHORS,KEEP_TRANSLATION,Édition ou traduction espagnole validée lors de la revue éditoriale ES.
/books/OL35354523M,Cándido,,Voltaire,2006,9789707321809,Lectorum,Fiction | Histoire | Philosophie | Politique,FOREIGN_AUTHORS,KEEP_TRANSLATION,Édition ou traduction espagnole validée lors de la revue éditoriale ES.
/books/OL22918617M,Novelas y cuentos,,Voltaire,1982,9788432038655,Planeta,,FOREIGN_AUTHORS,KEEP_TRANSLATION,Édition ou traduction espagnole validée lors de la revue éditoriale ES.
/books/OL13239133M,Currupaco Papaco,,Ana Maria Machado,,9788434870550,,Fiction,SECOND_PASS,REVIEW,"Notice conservée en revue: langue, édition, attribution, métadonnées, doublon ou pertinence éditoriale restant à confirmer."
/books/OL13223487M,La Ultima Odalisca,,Faycal Bey | Fayçal Bey.,2003,9788425337529,Grupo Editorial Random House Mondadori (Grijalbo),Fiction,SECOND_PASS,KEEP_TRANSLATION,Édition ou traduction espagnole validée lors de la revue éditoriale ES.
/books/OL13263794M,Complice,,Iain Banks,2001,9788439701996,Grijalbo Mondadori Sa,Fiction,SECOND_PASS,KEEP_TRANSLATION,Édition ou traduction espagnole validée lors de la revue éditoriale ES.
/books/OL19144559M,Pasos sobre cristal,,Iain Banks,2000,9788439705772,Grijalbo Mondadori,Fiction,SECOND_PASS,KEEP_TRANSLATION,Édition ou traduction espagnole validée lors de la revue éditoriale ES.
/books/OL19744789M,Una cancion de piedra,,Iain Banks,1999,9788439702528,Mondadori,Fiction,SECOND_PASS,KEEP_TRANSLATION,Édition ou traduction espagnole validée lors de la revue éditoriale ES.
/books/OL26366484M,Poder y terror,Conversaciones y entrevistas tras el 11 de septiembre,Noam Chomsky,,9781583226209,,Politique | Sciences sociales,SECOND_PASS,REVIEW,"Notice conservée en revue: langue, édition, attribution, métadonnées, doublon ou pertinence éditoriale restant à confirmer."
