source_key,title,subtitle,authors,author_count,isbn,publication_year,publisher,genres,duplicate_like_count,decision,reason,dominant_authors,dominant_author_counts
/books/OL59621741M,De mens in opstand,,Albert Camus,1,9789046708040,2023,Olympus,Philosophie,0,,,Albert Camus,Albert Camus=4
/books/OL59692847M,De pest,,Albert Camus,1,9789023428756,2013,De Bezige Bij,Fiction,0,,,Albert Camus,Albert Camus=4
/books/OL24395394M,De val,,Albert Camus,1,,1964,De Bezige Bij,Fiction | Philosophie,0,,,Albert Camus,Albert Camus=4
/books/OL58804230M,De Vreemdeling,,Albert Camus,1,,1958,,Fiction | Histoire,0,,,Albert Camus,Albert Camus=4
/books/OL45825056M,Bergen (Dossier aarde),,Anita Ganeri,1,9789054833277,2002,NBD/Biblion,Jeunesse,0,,,Anita Ganeri,Anita Ganeri=3
/books/OL47848910M,De Koran en de islam (Heilige teksten),,Anita Ganeri,1,9789054956822,2003,Ars Scribendi,Jeunesse,0,,,Anita Ganeri,Anita Ganeri=3
/books/OL35333469M,Mexico,,Anita Ganeri,1,9789055661299,2006,Corona,Histoire | Jeunesse,0,,,Anita Ganeri,Anita Ganeri=3
/books/OL35655788M,In schemerland,,Astrid Lindgren,1,9789045105789,2007,Querido,Fiction,0,,,Astrid Lindgren,Astrid Lindgren=4
/books/OL35134920M,Lotta uit de Kabaalstraat,,Astrid Lindgren,1,9789021615851,2009,Ploegsma,Fiction,0,,,Astrid Lindgren,Astrid Lindgren=4
/books/OL24756163M,Rasmus en de landloper,,Astrid Lindgren,1,9789021600376,1978,Uitgeverij Ploegsma,Fiction,0,,,Astrid Lindgren,Astrid Lindgren=4
/books/OL26948981M,Ronja de roversdochter,,Astrid Lindgren,1,9789021674902,2017,,Fiction,0,,,Astrid Lindgren,Astrid Lindgren=4
/books/OL42077091M,De Behekste Man of de Gesloten Koop,,John Tenniel | Charles Dickens | Frank Stone,3,,2010,LibriVox,Fiction,0,,,Charles Dickens,Charles Dickens=17
/books/OL42087177M,De Gevaren van Sommige Engelse Gevangenen,,Wilkie Collins | Charles Dickens,2,,2011,LibriVox,Fiction,0,,,Charles Dickens,Charles Dickens=17
/books/OL43771265M,De Klok van Meester Humphrey,,Charles Dickens,1,,2012,LibriVox,Fiction | Histoire | Jeunesse,0,,,Charles Dickens,Charles Dickens=17
/books/OL42068330M,De Krekel achter de Haardplaat,,Charles Dickens,1,,2010,LibriVox,Fiction,0,,,Charles Dickens,Charles Dickens=17
/books/OL42075698M,De Strijd des Levens,,Shahid Akram | Charles Dickens | Edward Stirling,3,,2010,LibriVox,Fiction,0,,,Charles Dickens,Charles Dickens=17
/books/OL43774805M,Dombey en Zoon,,Charles Dickens,1,,2013,LibriVox,Fiction,0,,,Charles Dickens,Charles Dickens=17
/books/OL43777386M,"Een reiziger, die geen handel drijft",,Charles Dickens | Pedro Tena,2,,2013,LibriVox,Fiction | Histoire,0,,,Charles Dickens,Charles Dickens=17
/books/OL43779240M,Het Verlaten Huis,,Charles Dickens,1,,2013,LibriVox,Fiction | Histoire,0,,,Charles Dickens,Charles Dickens=17
/books/OL40789568M,Kleine Dorrit,,Charles Dickens | Mary Sebag-Montefiore | Adam Leverton,3,,2010,LibriVox,Fiction | Romance,0,,,Charles Dickens,Charles Dickens=17
/books/OL43736164M,Martin Chuzzlewit,,Charles Dickens,1,,2012,LibriVox,Fiction | Histoire | Voyage,0,,,Charles Dickens,Charles Dickens=17
/books/OL42086934M,Mopes de kluizenaar,,Charles Dickens,1,,2011,LibriVox,,0,,,Charles Dickens,Charles Dickens=17
/books/OL42085902M,Nelly,,Charles Dickens,1,,2010,LibriVox,Fiction | Histoire,0,,,Charles Dickens,Charles Dickens=17
/books/OL43728376M,Nikolaas Nickleby,,Charles Dickens,1,,2012,LibriVox,Fiction,0,,,Charles Dickens,Charles Dickens=17
/books/OL39826355M,Onze wederzijdsche vriend,,Charles Dickens | Margeret Tarner | Adam Leverton,3,,1884,H.A.M. Roelants,Fiction,0,,,Charles Dickens,Charles Dickens=17
/books/OL42227433M,Overdrukken,,Charles Dickens,1,,2011,LibriVox,,0,,,Charles Dickens,Charles Dickens=17
/books/OL44517531M,Schetsen uit Amerika en Tafereelen uit Italië,,Charles Dickens,1,,2014,Project Gutenberg,Voyage,0,,,Charles Dickens,Charles Dickens=17
/books/OL40870130M,Tafereelen uit Italie,,Charles Dickens,1,,2010,LibriVox,Biographie | Fiction | Voyage,0,,,Charles Dickens,Charles Dickens=17
/books/OL35332317M,Dieren,,Charlotte Guillain,1,9789055668205,2013,Ars Scribendi Uitgeverij,Jeunesse,0,,,Charlotte Guillain,Charlotte Guillain=4
/books/OL35341610M,Griekse krijgers,,Charlotte Guillain,1,9789462020306,2013,NBD Biblion,Histoire | Jeunesse,0,,,Charlotte Guillain,Charlotte Guillain=4
/books/OL39804515M,Voedsel voor kleine beestjes,,Charlotte Guillain | Rebecca Rissman,2,9789055660209,2011,Ars Scribendi,Jeunesse,0,,,Charlotte Guillain,Charlotte Guillain=4
/books/OL32844066M,Water besparen,,Charlotte Guillain,1,9789055664405,2010,Ars Scribendi,Jeunesse,0,,,Charlotte Guillain,Charlotte Guillain=4
/books/OL33221221M,De weg van het hart,,Danielle Steel,1,9789021803579,2010,Sijthoff,Fiction,0,,,Danielle Steel,Danielle Steel=7
/books/OL47163669M,Elke dag is er een / druk 4,,Danielle Steel | Luis Murillo Fort,2,9789021012292,2011,Poema Pocket,Fiction,0,,,Danielle Steel,Danielle Steel=7
/books/OL35339723M,Erfenis,,Danielle Steel,1,9789021805733,2011,Sijthoff,Fiction | Histoire,0,,,Danielle Steel,Danielle Steel=7
/books/OL35330312M,Familieband,,Danielle Steel,1,9789021804729,2011,Sijthoff,Fiction,0,,,Danielle Steel,Danielle Steel=7
/books/OL47778476M,Het einde van een zomer,,Danielle Steel,1,9789021008660,2009,Poema Pocket,Fiction,0,,,Danielle Steel,Danielle Steel=7
/books/OL27126393M,Het warme Zuiden,,Danielle Steel,1,9789021871851,2010,Sijthoff,Fiction,0,,,Danielle Steel,Danielle Steel=7
/books/OL47831909M,Winnaars,"zelfs als het leven je toelacht, kan het in een oogwenk voorbij zijn",Danielle Steel,1,9789021809090,2014,Luitingh Sijthoff,Fiction,0,,,Danielle Steel,Danielle Steel=7
/books/OL25769581M,Divine justice,,David Baldacci,1,,2008,Bruna Fictie,Fiction,0,,,David Baldacci,David Baldacci=3
/books/OL47862199M,Freddie en de frietvrienden,lang leve de frieten!,David Baldacci,1,9789022993040,2007,A.W. Bruna Uitgevers,Fiction | Sciences,0,,,David Baldacci,David Baldacci=3
/books/OL35329170M,Verlos ons van het kwaad,,David Baldacci,1,9789022995495,2010,Bruna,Fiction,0,,,David Baldacci,David Baldacci=3
/books/OL21007391M,De shampoo planeet,Roman,Douglas Coupland,1,9789029044219,1993,Meulenhoff,Fiction,0,,,Douglas Coupland,Douglas Coupland=6
/books/OL25440205M,Generatie X,vertellingen voor een versnelde cultuur : roman,Douglas Coupland,1,9789029087902,2011,Meulenhoff,Fiction,0,,,Douglas Coupland,Douglas Coupland=6
/books/OL35326691M,JPod,,Douglas Coupland,1,9789041410191,2006,Anthos,Fiction,0,,,Douglas Coupland,Douglas Coupland=6
/books/OL17350295M,Leven na God,verhalen,Douglas Coupland,1,9789029047760,1994,Meulenhoff,,0,,,Douglas Coupland,Douglas Coupland=6
/books/OL16431102M,Microslaven,,Douglas Coupland,1,9789029050265,1996,Meulenhoff,Fiction,0,,,Douglas Coupland,Douglas Coupland=6
/books/OL18556379M,Vrienden in coma,,Douglas Coupland,1,9789041710628,1998,Meulenhoff,Fiction,0,,,Douglas Coupland,Douglas Coupland=6
/books/OL33336086M,De avonturen van Marco Polo,,Elisabetta Dami,1,9789085921981,2012,De Wakkere Muis,Biographie | Voyage,0,,,Elisabetta Dami,Elisabetta Dami=21
/books/OL35327964M,De ontdekking van de superparel,,Elisabetta Dami,1,9789085921462,2011,De Wakkere Muis,Fiction,0,,,Elisabetta Dami,Elisabetta Dami=21
/books/OL35332226M,De roof van de gi-ga-diamant,,Elisabetta Dami,1,9789085921387,2010,De Wakkere Muis,Fiction,0,,,Elisabetta Dami,Elisabetta Dami=21
/books/OL45817536M,De sprekende berg (Geronimo Stilton-reeks),,Elisabetta Dami,1,9789085920663,2017,De Wakkere Muis,Fiction | Jeunesse,0,,,Elisabetta Dami,Elisabetta Dami=21
/books/OL35332040M,De stenen moppentapper,,Elisabetta Dami,1,9789085922599,2014,De Wakkere Muis,Fiction | Jeunesse,0,,,Elisabetta Dami,Elisabetta Dami=21
/books/OL35329346M,De Thea Sisters op avontuur,,Elisabetta Dami,1,9789085920618,2008,De Wakkere Muis,Fiction | Jeunesse | Policier et mystère,0,,,Elisabetta Dami,Elisabetta Dami=21
/books/OL35326106M,De verborgen stad,,Elisabetta Dami,1,9789085920885,2009,De Wakkere Muis,Fiction | Jeunesse,0,,,Elisabetta Dami,Elisabetta Dami=21
/books/OL35331808M,Een berg op pootjes,,Elisabetta Dami,1,9789085922438,2014,De Wakkere Muis,Fiction | Jeunesse,0,,,Elisabetta Dami,Elisabetta Dami=21
/books/OL32371746M,Een muizenissige kerst in New York,,Elisabetta Dami,1,9789085922056,2012,De Wakkere Muis,Fiction,0,,,Elisabetta Dami,Elisabetta Dami=21
/books/OL38313003M,Fantasia II de speurtocht naar het geluk,,Elisabetta Dami,1,,2010,De wakkere muis,Fiction,0,,,Elisabetta Dami,Elisabetta Dami=21
/books/OL35331833M,Geheim agent Nul Nul K,,Elisabetta Dami,1,9789085920816,2012,De Wakkere Muis,Fiction,0,,,Elisabetta Dami,Elisabetta Dami=21
/books/OL35331943M,Het hollende harnas,,Elisabetta Dami,1,9789085921592,2011,De Wakkere Muis,Fiction | Policier et mystère,0,,,Elisabetta Dami,Elisabetta Dami=21
/books/OL35334486M,Het monster van Lago Lago,,Elisabetta Dami,1,9789085922018,2012,De Wakkere Muis,Policier et mystère,0,,,Elisabetta Dami,Elisabetta Dami=21
/books/OL35334321M,Het supergeheime project,,Elisabetta Dami,1,9789085921790,2012,De Wakkere Muis,,0,,,Elisabetta Dami,Elisabetta Dami=21
/books/OL35334770M,Red de witte walvis!,,Elisabetta Dami,1,9789085921011,2012,De Wakkere Muis,Fiction,0,,,Elisabetta Dami,Elisabetta Dami=21
/books/OL35330744M,Terug naar kasteel Vrekkenstein,,Elisabetta Dami,1,9789085921219,2010,De Wakkere Muis,Fiction,0,,,Elisabetta Dami,Elisabetta Dami=21
/books/OL35346375M,Wie heeft de vuursteen gestolen?,,Elisabetta Dami,1,9789085921776,2012,De Wakkere Muis,Fiction,0,,,Elisabetta Dami,Elisabetta Dami=21
/books/OL35335287M,De bende van Ratstad,,Elisabetta Dami | David Nel·lo,2,9789085921073,2010,De Wakkere Muis,Fiction,0,,,Elisabetta Dami | David Nel·lo,Elisabetta Dami=21 | David Nel·lo=4
/books/OL35639350M,De indiaan met het gouden hart,,Elisabetta Dami | David Nel·lo | Manel Martí i Viudes,3,9789085921080,2010,De Wakkere Muis,Fiction,0,,,Elisabetta Dami | David Nel·lo,Elisabetta Dami=21 | David Nel·lo=4
/books/OL35328936M,"Gi-ga-geitenkaas, ik heb gewonnen",,Elisabetta Dami | David Nel·lo,2,9789085920359,2007,De Wakkere Muis,,0,,,Elisabetta Dami | David Nel·lo,Elisabetta Dami=21 | David Nel·lo=4
/books/OL35328026M,Séptimo viaje al reino de la fantasía,,Elisabetta Dami | David Nel·lo,2,9789085922025,2014,De Wakkere Muis,Fantasy | Fiction,0,,,Elisabetta Dami | David Nel·lo,Elisabetta Dami=21 | David Nel·lo=4
/books/OL42854956M,Eclips,,Erin Hunter,1,9789059246010,2018,Fantoom,Fantasy | Fiction,0,,,Erin Hunter,Erin Hunter=3
/books/OL42854953M,Spoor van de maan,,Erin Hunter,1,9789059245983,2018,Fantoom,Fantasy | Fiction,0,,,Erin Hunter,Erin Hunter=3
/books/OL42322636M,Tijgerklauws woede,,Erin Hunter,1,9789059246232,2019,Fantoom,Fantasy | Fiction,0,,,Erin Hunter,Erin Hunter=3
/books/OL24636613M,1984,,George Orwell,1,9789029532815,1984,De Arbeiderspers,Fantasy | Fiction | Politique | Science-fiction | Théâtre,0,,,George Orwell,George Orwell=4
/books/OL14561837M,De domineesdochter,,George Orwell,1,,1972,Meulenhoff,Fiction,0,,,George Orwell,George Orwell=4
/books/OL18430168M,Dierenboerderij,een sprookje voor volwassenen.,George Orwell,1,9789041330369,1997,Singel Pockets,Fiction | Politique,0,,,George Orwell,George Orwell=4
/books/OL14562218M,Happend naar lucht,,George Orwell,1,9789029004916,1971,Meulenhoff,Fiction,0,,,George Orwell,George Orwell=4
/books/OL35332797M,Brief aan mijn rechter,,Georges Simenon,1,9789085426110,2015,De Bezige Bij,Fiction | Policier et mystère,0,,,Georges Simenon,Georges Simenon=18
/books/OL16415981M,De dood van Auguste,,Georges Simenon,1,,1966,A.W.Bruna & Zoon,,0,,,Georges Simenon,Georges Simenon=18
/books/OL35338989M,De dood van Belle,,Georges Simenon,1,9789085426431,2015,De Bezige Bij,Policier et mystère,0,,,Georges Simenon,Georges Simenon=18
/books/OL35338746M,De gele hond,,Georges Simenon,1,9789085426370,2015,De Bezige Bij,Fiction | Policier et mystère,0,,,Georges Simenon,Georges Simenon=18
/books/OL37786518M,De horlogemaker van Everton,,Georges Simenon,1,9789025417840,2003,Pandora,,0,,,Georges Simenon,Georges Simenon=18
/books/OL32419180M,De klasgenoot van Maigret,,Georges Simenon,1,9789044912449,1988,Bruna,Fiction | Policier et mystère,0,,,Georges Simenon,Georges Simenon=18
/books/OL25629880M,De rijkaard,,Georges Simenon,1,9789022977699,1987,AWB,Policier et mystère,0,,,Georges Simenon,Georges Simenon=18
/books/OL32987090M,De vergissing van Maigret,,Georges Simenon,1,9789025417680,2004,Pandora,Fiction | Policier et mystère,0,,,Georges Simenon,Georges Simenon=18
/books/OL37788322M,De verloofdes van meneer Hire,,Georges Simenon,1,9789025421960,2004,Pandora,Fiction | Policier et mystère,0,,,Georges Simenon,Georges Simenon=18
/books/OL35334213M,De zaak-Saint-Fiacre,,Georges Simenon,1,9789085426127,2015,De Bezige Bij,Fiction | Policier et mystère,0,,,Georges Simenon,Georges Simenon=18
/books/OL16415957M,Het bloedspoor in de sneeuw,,Georges Simenon,1,9789022905463,1978,A.W.Bruna & Zoon,Fiction | Histoire | Policier et mystère,0,,,Georges Simenon,Georges Simenon=18
/books/OL39797604M,Het huis aan het kanaal,,Georges Simenon,1,9789057201660,2002,BMP Literair,Fiction,0,,,Georges Simenon,Georges Simenon=18
/books/OL35334004M,Maigret en de minister,,Georges Simenon,1,9789025422400,2003,Pandora,Fiction | Policier et mystère,0,,,Georges Simenon,Georges Simenon=18
/books/OL37792043M,Maigret en het spook,,Georges Simenon,1,9789025419929,2003,Pandora,Fiction | Policier et mystère,0,,,Georges Simenon,Georges Simenon=18
/books/OL25571816M,Maigret in Holland,,Georges Simenon,1,,1962,Bruna,Fiction | Policier et mystère,0,,,Georges Simenon,Georges Simenon=18
/books/OL47675651M,Pietr-le-Letton,,Georges Simenon,1,,1964,A W Bruna en zoon,Fiction | Policier et mystère,0,,,Georges Simenon,Georges Simenon=18
/books/OL35338079M,Schele Marie,,Georges Simenon,1,9789025417598,2003,Pandora,Policier et mystère,0,,,Georges Simenon,Georges Simenon=18
/books/OL16415983M,Tante Jeanne.,,Georges Simenon,1,,1961,A.W.Bruna & Zoon,Fiction,0,,,Georges Simenon,Georges Simenon=18
/books/OL16359535M,Allemaal leugens,,Geraldine McCaughrean,1,9789038403465,1995,La Rivière & Voorhoeve,Fiction,0,,,Geraldine McCaughrean,Geraldine McCaughrean=4
/books/OL16360250M,De mirakel spelers,,Geraldine McCaughrean,1,9789070661342,1987,W.J.Wildeboer,Biographie,0,,,Geraldine McCaughrean,Geraldine McCaughrean=4
/books/OL35345632M,Liefdesverhalen uit alle windstreken,,Geraldine McCaughrean,1,9789062387298,2000,Christofoor,,0,,,Geraldine McCaughrean,Geraldine McCaughrean=4
/books/OL16360286M,Phelim en het steengebroed,,Geraldine McCaughrean,1,9789025732493,2000,Gottmer,Fantasy,0,,,Geraldine McCaughrean,Geraldine McCaughrean=4
/books/OL16569670M,De derde man =,The third man,Graham Greene,1,,1980,Uitgeverij Bert Bakker,Fiction,0,,,Graham Greene,Graham Greene=11
/books/OL35339938M,De privé factor,,Graham Greene,1,9789047507161,2008,Crimezone.nl,Fiction,0,,,Graham Greene,Graham Greene=11
/books/OL16569607M,De stille Amerikaan = The quiet American,,Graham Greene,1,9789025463083,1978,Uitgeverij Bert Bakker,Fiction | Politique,0,,,Graham Greene,Graham Greene=11
/books/OL16569044M,"Dr. Fischer van Genève, of Het knalfeest = Doctor Fischer of Geneva",,Graham Greene | Josep Alemany Castells,2,,1908,Uitgeverij Bert Bakker,Fiction,0,,,Graham Greene,Graham Greene=11
/books/OL16569403M,Een soort leven = A sort of life,,Graham Greene,1,,1982,Uitgeverij de Arbeiderspers,Biographie,0,,,Graham Greene,Graham Greene=11
/books/OL32851433M,Genezen verklaard,,Graham Greene,1,9789025462680,1973,Uitgeverij Contact,Fiction | Religion,0,,,Graham Greene,Graham Greene=11
/books/OL13900202M,Kind van Albion,,Graham Greene,1,,1952,N.V.de Arbeiderspers,Fiction | Thriller,0,,,Graham Greene,Graham Greene=11
/books/OL16569395M,Monseigneur Quichot,,Graham Greene,1,9789060199206,1982,Prometheus,Fiction | Histoire,0,,,Graham Greene,Graham Greene=11
/books/OL32344688M,Onze man in Havana,,Graham Greene,1,9789025407032,2002,Pandora,Fiction | Histoire,0,,,Graham Greene,Graham Greene=11
/books/OL21376719M,Stamboel expres,,Graham Greene,1,9789060195192,1978,Uitgeverij Bert Bakker,Fiction,0,,,Graham Greene,Graham Greene=11
/books/OL16569655M,Vluchtwegen =,Ways of escape,Graham Greene,1,,1982,Uitgeverij de Arbeiderspers,Biographie | Policier et mystère,0,,,Graham Greene,Graham Greene=11
/books/OL32346851M,De onschuldigen,,Harlan Coben,1,9789022541906,2005,Boekerij,Fiction | Policier et mystère,0,,,Harlan Coben,Harlan Coben=4
/books/OL32830355M,Gevonden,,Harlan Coben,1,9789022566411,2015,Boekerij,Fiction | Policier et mystère,0,,,Harlan Coben,Harlan Coben=4
/books/OL35335270M,Vermist,,Harlan Coben,1,9789022557211,2011,Boekerij,Fiction | Policier et mystère,0,,,Harlan Coben,Harlan Coben=4
/books/OL45743274M,Zes jaar,,Harlan Coben,1,9789022559109,2013,Boekerij,Fiction,0,,,Harlan Coben,Harlan Coben=4
/books/OL25439109M,Heren van de thee,,Hella S. Haasse,1,9789021464831,2002,Querido,Fiction,0,,,Hella S. Haasse,Hella S. Haasse=3
/books/OL4335699M,Mevrouw Bentinck of Onverenigbaarheid van karakter,een ware geschiedenis,Hella S. Haasse,1,9789021465012,1978,Querido,Fiction,0,,,Hella S. Haasse,Hella S. Haasse=3
/books/OL3756232M,Sleuteloog,,Hella S. Haasse,1,9789021466842,2003,Querido,,0,,,Hella S. Haasse,Hella S. Haasse=3
/books/OL32859758M,De Chinees,,Henning Mankell,1,9789044517675,2011,De Geus,Fiction | Histoire | Policier et mystère | Thriller,0,,,Henning Mankell,Henning Mankell=5
/books/OL34367855M,De hond die naar de sterren rende,,Henning Mankell,1,9789044509847,2008,De Geus,Fiction | Histoire | Jeunesse | Thriller,0,,,Henning Mankell,Henning Mankell=5
/books/OL34367843M,Het oog van de luipaard,,Henning Mankell,1,9789044511239,2007,De Geus,Fiction | Policier et mystère,0,,,Henning Mankell,Henning Mankell=5
/books/OL32930828M,Lukas en de kat die van regen hield,,Henning Mankell,1,9789044509793,2007,Geus,,0,,,Henning Mankell,Henning Mankell=5
/books/OL34367813M,Reis naar het einde van de wereld,,Henning Mankell,1,9789044509823,2009,De Geus,Fiction | Histoire,0,,,Henning Mankell,Henning Mankell=5
/books/OL35334139M,Boeren in de toekomst,,Ian Graham,1,9789055664801,2010,Ars Scribendi,Jeunesse,0,,,Ian Graham,Ian Graham=3
/books/OL35333998M,Computers en communicatie,,Ian Graham,1,9789054260660,2000,De Lantaarn,Jeunesse | Technologie,0,,,Ian Graham,Ian Graham=3
/books/OL35331956M,Mijn eerste boek over raceauto's en andere snelheidsmonsters,,Ian Graham,1,9789025735128,2002,Gottmer,Jeunesse,0,,,Ian Graham,Ian Graham=3
/books/OL12800827M,De Sacrale En Profane Liefdes Machine,,Iris Murdoch,1,9789025464196,1974,Contact,Fiction,0,,,Iris Murdoch,Iris Murdoch=4
/books/OL25098875M,Een Afgehouwen Hoofd,,Iris Murdoch,1,9789021494357,1977,Em. Querido's Uitgeverij,Fiction,0,,,Iris Murdoch,Iris Murdoch=4
/books/OL25098880M,Een Wilde Roos,,Iris Murdoch,1,9789025463960,1974,Contact,Fiction,0,,,Iris Murdoch,Iris Murdoch=4
/books/OL25098874M,Het Italiaanse Meisje,,Iris Murdoch,1,9789021494029,1976,Em. Querido's Uitgeverij,Fiction | Policier et mystère,0,,,Iris Murdoch,Iris Murdoch=4
/books/OL35605277M,Cross fire,,James Patterson,1,9789023479338,2012,Cargo,Fiction | Policier et mystère,0,,,James Patterson,James Patterson=9
/books/OL32998749M,Het vuur,,James Patterson | Jill Dembowski,2,9789023479697,2013,Cargo,Fiction,0,,,James Patterson,James Patterson=9
/books/OL18430090M,Kat en muis.,,James Patterson,1,9789027465870,1999,Het Spectrum,Fiction | Policier et mystère | Politique,0,,,James Patterson,James Patterson=9
/books/OL35334685M,Ooggetuige,,Howard Roughan | James Patterson,2,9789023458050,2011,Cargo,Fiction,0,,,James Patterson,James Patterson=9
/books/OL33335877M,Achtste bekentenis,,James Patterson | Maxine Paetro,2,9789023441953,2009,Cargo,Fiction | Thriller,0,,,James Patterson | Maxine Paetro,James Patterson=9 | Maxine Paetro=5
/books/OL37736804M,Bekentenis van een moordverdachte,,James Patterson | Maxine Paetro,2,9789023489634,2014,"Cargo, De Bezige Bij",Fiction,0,,,James Patterson | Maxine Paetro,James Patterson=9 | Maxine Paetro=5
/books/OL35335012M,Bikini,,James Patterson | Maxine Paetro,2,9789023440666,2009,Cargo,Fiction | Thriller,0,,,James Patterson | Maxine Paetro,James Patterson=9 | Maxine Paetro=5
/books/OL45912730M,De vierde seconde / druk 1,,James Patterson | Maxine Paetro,2,9789022989777,,"Bruna Uitgevers, a.W.",Fiction | Policier et mystère,0,,,James Patterson | Maxine Paetro,James Patterson=9 | Maxine Paetro=5
/books/OL35326514M,Private,Los Angeles,James Patterson | Maxine Paetro,2,9789023458906,2010,Cargo,Fiction | Policier et mystère | Thriller,0,,,James Patterson | Maxine Paetro,James Patterson=9 | Maxine Paetro=5
/books/OL5518508M,De inspecteur,,Jan De Hartog,1,,1969,Elsevier,Fiction,0,,,Jan De Hartog,Jan De Hartog=3
/books/OL5658631M,De kapitein,,Jan De Hartog,1,,1967,Elsevier,Fiction,0,,,Jan De Hartog,Jan De Hartog=3
/books/OL23031615M,De kleine ark,,Jan De Hartog,1,9789010009869,1974,Elsevier,Fiction,0,,,Jan De Hartog,Jan De Hartog=3
/books/OL12806794M,Spraakmakende Blazers-Discografieen,,Jan de Kruijff,1,9789051790443,2003,Gopher Publishers,Fiction,0,,,Jan de Kruijff,Jan de Kruijff=8
/books/OL12852062M,Spraakmakende Dirigenten.Discografieën,,Jan de Kruijff,1,9789076953229,2003,Gopher Publishers,Fiction,0,,,Jan de Kruijff,Jan de Kruijff=8
/books/OL12852078M,Spraakmakende Pianisten,,Jan de Kruijff,1,9789076953489,2003,Gopher Publishers,Fiction,0,,,Jan de Kruijff,Jan de Kruijff=8
/books/OL12852084M,Spraakmakende Pianisten. Discografieen,,Jan de Kruijff,1,9789076953632,2003,Gopher Publishers,Fiction,0,,,Jan de Kruijff,Jan de Kruijff=8
/books/OL12852092M,Spraakmakende Strijkers,,Jan de Kruijff,1,9789076953793,2003,Gopher Publishers,Fiction,0,,,Jan de Kruijff,Jan de Kruijff=8
/books/OL12806793M,Spraakmakende Strijkers - Discografieen,,Jan de Kruijff,1,9789051790436,2003,Gopher Publishers,Fiction,0,,,Jan de Kruijff,Jan de Kruijff=8
/books/OL12852093M,Spraakmakende Zangers,,Jan de Kruijff,1,9789076953809,2003,Gopher Publishers,Fiction,0,,,Jan de Kruijff,Jan de Kruijff=8
/books/OL12806795M,Spraakmakende Zangers - Discografieen,,Jan de Kruijff,1,9789051790450,2003,Gopher Publishers,Fiction,0,,,Jan de Kruijff,Jan de Kruijff=8
/books/OL33333526M,De fluistering van de maan,,Jayne Ann Krentz,1,9789044302394,2001,The House of Books,Fiction | Romance,0,,,Jayne Ann Krentz,Jayne Ann Krentz=3
/books/OL35335240M,Dromen van verlangen,,Jayne Ann Krentz,1,9789044309454,2002,The House of Books,Fiction,0,,,Jayne Ann Krentz,Jayne Ann Krentz=3
/books/OL35606157M,Een eeuwig bruidsboeket,,Jayne Ann Krentz,1,9789044312164,2005,The House of Books,Fiction | Romance,0,,,Jayne Ann Krentz,Jayne Ann Krentz=3
/books/OL26948978M,Drie keer niks,,Jeff Kinney,1,9789026142635,2017,,Fiction | Théâtre,0,,,Jeff Kinney,Jeff Kinney=3
/books/OL27495493M,Flutvakantie,,Jeff Kinney,1,9789026138409,2015,De Fontein Jeugd,Fiction | Théâtre | Voyage,0,,,Jeff Kinney,Jeff Kinney=3
/books/OL49376080M,Niet te doen! (Het leven van een Loser) (Dutch Edition),,Jeff Kinney,1,9789026132377,2012,De Fontein,Fiction,0,,,Jeff Kinney,Jeff Kinney=3
/books/OL4504259M,De schreeuw van de witte kakatoe,,Johan Fabricius,1,9789025804879,1978,Leopold,Fiction | Histoire,0,,,Johan Fabricius,Johan Fabricius=4
/books/OL24338866M,Flipje,,Johan Fabricius,1,,1936,Leopold,,0,,,Johan Fabricius,Johan Fabricius=4
/books/OL6466257M,Nacht over Java,roman,Johan Fabricius,1,,1944,Querido,Fiction | Philosophie,0,,,Johan Fabricius,Johan Fabricius=4
/books/OL6332196M,The son of Marietta,,Johan Fabricius,1,,1936,"Little, Brown, and company",Fiction | Histoire,0,,,Johan Fabricius,Johan Fabricius=4
/books/OL27043909M,Homo ludens,proeve eener bepaling van het spel-element der cultuur,Johan Huizinga,1,9789089640031,2008,Amsterdam University Press,Philosophie | Politique,0,,,Johan Huizinga,Johan Huizinga=3
/books/OL3121340M,Verspreide opstellen over de geschiedenis van Nederland,,Johan Huizinga,1,9789021828282,1982,Sijthoff,Histoire,0,,,Johan Huizinga,Johan Huizinga=3
/books/OL23294278M,vidsaka in het Indisch tooneel.,,Johan Huizinga,1,,1897,P. Noordhoff,,0,,,Johan Huizinga,Johan Huizinga=3
/books/OL19600302M,Nood greep.,,Jonathan Kellerman,1,9789024523498,1995,Uitgeverij Luitingh,Policier et mystère,0,,,Jonathan Kellerman,Jonathan Kellerman=3
/books/OL35339650M,Misdadigers,Berkeley / Nashville,Jonathan Kellerman | Jonathan Kellerman | Faye Kellerman,3,9789021800974,2008,Sijthoff,Fiction | Policier et mystère | Thriller,0,,,Jonathan Kellerman | Jonathan Kellerman,Jonathan Kellerman=3 | Jonathan Kellerman=3
/books/OL27097140M,De elite,,Kiera Cass,1,9789000338368,2014,Van Goor,Fiction,0,,,Kiera Cass,Kiera Cass=3
/books/OL37805055M,De Prins & De Lijfwacht,,Kiera Cass,1,9789000343669,2015,Van Goor,Fiction,0,,,Kiera Cass,Kiera Cass=3
/books/OL45708398M,De selectie,,Kiera Cass,1,9789000338344,2014,Van Goor,Fiction,0,,,Kiera Cass,Kiera Cass=3
/books/OL24620803M,Extaze,een boek van geluk,Louis Couperus,1,,1920,Veen,Fiction,0,,,Louis Couperus,Louis Couperus=4
/books/OL245089M,Metamorfoze,,Louis Couperus,1,,1897,L.J. Veen,Sciences sociales,0,,,Louis Couperus,Louis Couperus=4
/books/OL7109391M,Psyche,,Louis Couperus,1,,1927,L.J. Veen,,0,,,Louis Couperus,Louis Couperus=4
/books/OL21900537M,Volledige werken Louis Couperus,,Louis Couperus,1,9789020426021,1987,Veen uitgevers,Fiction | Voyage,0,,,Louis Couperus,Louis Couperus=4
/books/OL23951619M,De bril van God,,Maarten 't Hart,1,9789029522281,2002,De Arbeiderspers,,0,,,Maarten 't Hart,Maarten 't Hart=4
/books/OL4337999M,De som van misverstanden,het lezen van boeken,Maarten 't Hart,1,9789029518833,1978,De Arbeiderspers,Fiction,0,,,Maarten 't Hart,Maarten 't Hart=4
/books/OL2478601M,Het uur tussen hond en wolf,roman,Maarten 't Hart,1,9789029519687,1987,De Arbeiderspers,,0,,,Maarten 't Hart,Maarten 't Hart=4
/books/OL23073588M,Lotte Weeda,roman,Maarten 't Hart,1,9789029522533,2004,De Arbeiderspers,,0,,,Maarten 't Hart,Maarten 't Hart=4
/books/OL45878675M,De ravenjongens (De ravenserie Book 1) (Dutch Edit,,Maggie Stiefvater,1,9789048818341,2013,Moon,Fantasy | Fiction | Jeunesse,0,,,Maggie Stiefvater,Maggie Stiefvater=3
/books/OL62082869M,De ravenkoning,,Maggie Stiefvater,1,9789402328332,2026,Boekerij,Fantasy | Fiction | Jeunes adultes | Romance,0,,,Maggie Stiefvater,Maggie Stiefvater=3
/books/OL47217005M,Huiver,,Maggie Stiefvater,1,9789048802531,2009,Moon,Fiction | Jeunes adultes,0,,,Maggie Stiefvater,Maggie Stiefvater=3
/books/OL32852059M,De stenen engel,,Margaret Laurence,1,9789044510874,2007,De Geus,Fiction,0,,,Margaret Laurence,Margaret Laurence=3
/books/OL16676641M,De vuurbewoners,roman,Margaret Laurence,1,9789050710701,1989,A. Dekker,Fiction,0,,,Margaret Laurence,Margaret Laurence=3
/books/OL16676687M,"Rachel, Rachel",roman,Margaret Laurence,1,9789050710398,1988,A. Decker,Fiction,0,,,Margaret Laurence,Margaret Laurence=3
/books/OL18219578M,De muren hebben oren,,Margaret Millar,1,9789027438874,1981,Uitgeverij Het Spectrum,Fiction,0,,,Margaret Millar,Margaret Millar=3
/books/OL18219564M,Muren hebben ogen,,Margaret Millar,1,9789027436740,1973,Uitgeverij Het Spectrum,Policier et mystère,0,,,Margaret Millar,Margaret Millar=3
/books/OL18219615M,New een engel,,Margaret Millar,1,,1979,Uitgeverij de Arbeiderspers,Policier et mystère,0,,,Margaret Millar,Margaret Millar=3
/books/OL25417386M,"Alexis, of De verhandeling over de vergeefse strijd",,Marguerite Yourcenar,1,9789025315245,1983,Athenaeum-Polak & Van Gennep,,0,,,Marguerite Yourcenar,Marguerite Yourcenar=5
/books/OL21913282M,Als stromend water,,Marguerite Yourcenar,1,9789025305697,1984,Athenaeum-Polak & Van Gennep,,0,,,Marguerite Yourcenar,Marguerite Yourcenar=5
/books/OL22037877M,"De tijd, de grote beeldhouwer",,Marguerite Yourcenar,1,9789026306990,1985,Ambo,,0,,,Marguerite Yourcenar,Marguerite Yourcenar=5
/books/OL21912899M,Dierbare nagedachtenis,,Marguerite Yourcenar,1,9789026305955,1983,Ambo,Biographie,0,,,Marguerite Yourcenar,Marguerite Yourcenar=5
/books/OL25186229M,Het hermetisch zwart,,Marguerite Yourcenar,1,9789025305147,1983,Amsterdam : Athenaeum-Polak & Van Gennep,Fiction | Histoire,0,,,Marguerite Yourcenar,Marguerite Yourcenar=5
/books/OL1935765M,Een taart voor kleine Beer,,Max Velthuijs,1,9783855398157,1988,Vier Windstreken,Fiction,0,,,Max Velthuijs,Max Velthuijs=3
/books/OL26948961M,Kikker gaat logeren,,Max Velthuijs,1,9789025874001,2017,,Fiction | Jeunesse,0,,,Max Velthuijs,Max Velthuijs=3
/books/OL312142M,Kikker is kikker,,Max Velthuijs,1,9789025848453,1997,Leopold,Fiction,0,,,Max Velthuijs,Max Velthuijs=3
/books/OL25651498M,Gone Plaag,Wat doe je tegen een levensgevaarlijke plaag?,Michael Grant,1,9789000301584,2011,Van Holkema & Warendorf,Fiction,0,,,Michael Grant,Michael Grant=3
/books/OL25651510M,Verlaten,,Michael Grant | Michael Grant,2,9789000313655,2012,Van Holkema & Warendorf,Fiction,0,,,Michael Grant | Michael Grant,Michael Grant=3 | Michael Grant=3
/books/OL1960617M,Brieven van Multatuli,,Multatuli,1,9789021453576,1990,Em. Querido,,0,,,Multatuli,Multatuli=10
/books/OL25417311M,De geschiedenis van Woutertje Pieterse,,Multatuli,1,9789027491398,1980,Het Spectrum,,0,,,Multatuli,Multatuli=10
/books/OL2074778M,De redelijke natuur,Multatuli's literatuuropvatting,J. J. Oversteegen | Multatuli,2,9789061944164,1987,HES,,0,,,Multatuli,Multatuli=10
/books/OL23434720M,Duizend-en-eenige hoofdstukken over specialiteiten,,Multatuli,1,,1871,J. Waltman,Politique,0,,,Multatuli,Multatuli=10
/books/OL2764823M,Gedichten,,Multatuli,1,9789035102262,1985,B. Bakker,,0,,,Multatuli,Multatuli=10
/books/OL24629262M,Het Woutertje van Multatuli,,Multatuli,1,,1966,C.G.A. Corvey Papiergroothandel,,0,,,Multatuli,Multatuli=10
/books/OL23439844M,Ideën,,Multatuli,1,,1871,R.C. Meijer,,0,,,Multatuli,Multatuli=10
/books/OL23446289M,Millioenen-studiën,,Multatuli,1,,1873,J. Waltman Jr.,,0,,,Multatuli,Multatuli=10
/books/OL5386010M,Multatuli en de kritiek,een bloemlezing uit de literatuur over Multatuli,Multatuli,1,,1970,Athenaeum-Polak & Van Gennep,,0,,,Multatuli,Multatuli=10
/books/OL23547054M,Nog-eens: Vrye-Arbeid in Nederlandsche-Indië,,Multatuli,1,,1870,J. Waltman,Économie et entreprise,0,,,Multatuli,Multatuli=10
/books/OL32348704M,Antsy Does Time,hij werkt zich steeds weer in de nesten,Neal Shusterman,1,9789047702054,2010,Lemniscaat,Fiction,0,,,Neal Shusterman,Neal Shusterman=3
/books/OL26805002M,De mysterieuze zolder,,Neal Shusterman | Eric Elfman,2,9789000339259,2014,UNIEBOEK | HET SPECTRUM,Fiction | Science-fiction,0,,,Neal Shusterman,Neal Shusterman=3
/books/OL34405349M,The Schwa Was Here,Hoe onzichtbaar kun je zijn?,Neal Shusterman,1,9789047701545,2009,Lemniscaat,Fiction | Jeunesse,0,,,Neal Shusterman,Neal Shusterman=3
/books/OL35121465M,De zoektocht,,Nora Roberts,1,9789022557143,2010,Boekerij,Fiction,0,,,Nora Roberts,Nora Roberts=8
/books/OL30115585M,Droomwereld,,Nora Roberts,1,9789022564752,2013,Boekerij,Fiction | Romance,0,,,Nora Roberts,Nora Roberts=8
/books/OL32745527M,Een kans voor de liefde,,Nora Roberts,1,9789034754097,2014,Harlequin,Fiction | Romance,0,,,Nora Roberts,Nora Roberts=8
/books/OL35121235M,Een nieuw begin,,Nora Roberts,1,9789022547533,2007,Boekerij,Fiction | Romance,0,,,Nora Roberts,Nora Roberts=8
/books/OL33220145M,Geboorterecht,,Nora Roberts | Michel Ganstel,2,9789022539491,2004,Uitgeverij M,Fiction,0,,,Nora Roberts,Nora Roberts=8
/books/OL35122459M,Het heetst van de dag,,Nora Roberts,1,9789022549841,2008,Boekerij,Fiction | Romance,0,,,Nora Roberts,Nora Roberts=8
/books/OL35658215M,Verhalen van de nacht,,Nora Roberts,1,9789085500346,2005,Mira Books,,0,,,Nora Roberts,Nora Roberts=8
/books/OL32745330M,Zijden prooi,,Nora Roberts,1,9789022520826,1996,De Boekerij,Fiction,0,,,Nora Roberts,Nora Roberts=8
/books/OL34852484M,De witte vesting,,Orhan Pamuk,1,,2008,De Arbeiderspers,Fiction | Histoire,0,,,Orhan Pamuk,Orhan Pamuk=3
/books/OL36693177M,Het huis van de stilte,roman,Orhan Pamuk,1,9789029536844,2004,De Arbeiderspers,Fiction | Histoire | Politique,0,,,Orhan Pamuk,Orhan Pamuk=3
/books/OL32806048M,Ik heet Karmozijn,,Amankeldī Qūrmet | Orhan Pamuk,2,9789029535878,2002,De Arbeiderspers,Arts | Fiction | Histoire,0,,,Orhan Pamuk,Orhan Pamuk=3
/books/OL35328352M,De brandhaard,,Patricia Cornwell,1,9789024509966,1998,Luitingh-Sijthoff,Fiction | Policier et mystère,0,,,Patricia Cornwell,Patricia Cornwell=10
/books/OL47274907M,Fataal Weekend,,Patricia Cornwell,1,9789024513345,1996,Puema Pocket,Fiction | Policier et mystère,0,,,Patricia Cornwell,Patricia Cornwell=10
/books/OL32998685M,Het eindstation,,Patricia Cornwell,1,9789024540099,2000,Luitingh-Sijthoff,Fiction | Policier et mystère,0,,,Patricia Cornwell,Patricia Cornwell=10
/books/OL24764568M,Het front,,Patricia Cornwell,1,9789046305461,2009,Stichting Uitgeverij XL,Fiction | Policier et mystère | Thriller,0,,,Patricia Cornwell,Patricia Cornwell=10
/books/OL18430142M,Het Kains teken.,,Patricia Cornwell,1,9789024519491,2000,Poema Pocket,Fiction | Policier et mystère,0,,,Patricia Cornwell,Patricia Cornwell=10
/books/OL37738261M,Het risico,,Patricia Cornwell,1,9789024555581,2006,Sijthoff,Fiction | Policier et mystère,0,,,Patricia Cornwell,Patricia Cornwell=10
/books/OL32811017M,Onnatuurlijke dood,,Patricia Cornwell,1,9789024534005,1999,Poema Pocket,Fiction | Histoire | Policier et mystère,0,,,Patricia Cornwell,Patricia Cornwell=10
/books/OL24765551M,Rigor mortis,,Patricia Cornwell,1,9789021801483,2008,Sijthoff,Fiction | Policier et mystère,0,,,Patricia Cornwell,Patricia Cornwell=10
/books/OL24765549M,Roofdier,,Patricia Cornwell,1,9789046303177,2007,Stichting Uitgeverij XL,Fiction | Policier et mystère | Thriller,0,,,Patricia Cornwell,Patricia Cornwell=10
/books/OL35333360M,Scarpetta,,Patricia Cornwell,1,9789021042923,2010,Poema Pocket,Fiction,0,,,Patricia Cornwell,Patricia Cornwell=10
/books/OL45825423M,Griekenland (Met het oog op),,Philip Steele,1,9789054954767,2002,Ars Scribendi,Histoire | Jeunesse,0,,,Philip Steele,Philip Steele=3
/books/OL35329661M,Het Midden-Oosten,,Philip Steele,1,9789025742195,2007,Gottmer,Histoire | Jeunesse | Politique | Religion | Économie et entreprise,0,,,Philip Steele,Philip Steele=3
/books/OL32770387M,Ridders & kastelen,,Philip Steele,1,9789054616078,2008,Baeckens Books,Jeunesse,0,,,Philip Steele,Philip Steele=3
/books/OL47830245M,De Geïllustreerde Man,,Ray Bradbury,1,9789028304802,1976,Born,Fiction | Science-fiction,0,,,Ray Bradbury,Ray Bradbury=3
/books/OL32852063M,De gouden appels van de zon,,Ray Bradbury,1,9789010031372,1980,Elsevier,Science-fiction,0,,,Ray Bradbury,Ray Bradbury=3
/books/OL26437277M,Fahrenheit 451,,Ray Bradbury,1,9789048839964,2017,Lebowski,Fiction | Science-fiction | Théâtre | Éducation,0,,,Ray Bradbury,Ray Bradbury=3
/books/OL27098692M,De hamer van Thor,,Rick Riordan,1,9789000345472,2017,UNIEBOEK | HET SPECTRUM,Fantasy | Fiction,0,,,Rick Riordan,Rick Riordan=6
/books/OL42477955M,De verloren held,,Rick Riordan,1,9789022562857,2012,Boekerij,Fantasy | Fiction | Jeunes adultes,0,,,Rick Riordan,Rick Riordan=6
/books/OL27098711M,De vloek van de Titaan,De graphic novel,Robert Venditti | Rick Riordan,2,9789000360635,2019,Van Goor,BD et romans graphiques | Fantasy | Fiction,0,,,Rick Riordan,Rick Riordan=6
/books/OL39820044M,Het bloed van Olympus,,Rick Riordan,1,9789000343041,2014,Boekerij Young,Fiction,0,,,Rick Riordan,Rick Riordan=6
/books/OL27098695M,Het Schip der Doden,,Rick Riordan,1,9789000345496,2018,Van Goor,Fiction,0,,,Rick Riordan,Rick Riordan=6
/books/OL27098687M,Het verdoemde zwaard,,Rick Riordan,1,9789000344789,2016,Van Goor,Fantasy | Fiction | Jeunes adultes | Jeunesse,0,,,Rick Riordan,Rick Riordan=6
/books/OL47778889M,De nachtmerrie gaat door (Fear street),,Robert Lawrence Stine,1,9789044926866,1997,"Bruna Uitgevers, A.W.",Fiction,0,,,Robert Lawrence Stine,Robert Lawrence Stine=3
/books/OL35340150M,Grafgeesten,,Robert Lawrence Stine,1,9789020623680,2005,Kluitman,Fiction,0,,,Robert Lawrence Stine,Robert Lawrence Stine=3
/books/OL35338753M,Vergeet me niet!,,Robert Lawrence Stine,1,9789060568484,2001,De Eekhoorn,Fiction,0,,,Robert Lawrence Stine,Robert Lawrence Stine=3
/books/OL32844737M,De schelpenzoekers,,Rosamunde Pilcher,1,9789041000132,1996,Van Reemst,Fiction,0,,,Rosamunde Pilcher,Rosamunde Pilcher=3
/books/OL31953608M,Een mooie nazomer,roman,Rosamunde Pilcher | Claudia Preuschoft,2,9789041007278,1998,Van Reemst,Fiction,0,,,Rosamunde Pilcher,Rosamunde Pilcher=3
/books/OL35330097M,Spiegelbeeld,roman,Rosamunde Pilcher,1,9789041003904,1999,Van Reemst,Fiction,0,,,Rosamunde Pilcher,Rosamunde Pilcher=3
/books/OL32378741M,De fruitplukker,,Ruth Rendell,1,9789022993668,2007,Bruna,Fiction | Policier et mystère,0,,,Ruth Rendell,Ruth Rendell=5
/books/OL32348537M,Dubbelleven,,Ruth Rendell,1,9789022987667,2003,Bruna,Fiction | Policier et mystère | Thriller,0,,,Ruth Rendell,Ruth Rendell=5
/books/OL24650676M,Het bruidsmeisje,,Ruth Rendell,1,9789044981032,2008,Bruna,Fiction,0,,,Ruth Rendell,Ruth Rendell=5
/books/OL20847052M,Ruth Rendel Omnibus,De prinses; Obsessie; De raven,Ruth Rendell,1,9789027447685,1996,Het Spectrum,,0,,,Ruth Rendell,Ruth Rendell=5
/books/OL32357708M,Wie kwaad doet en andere verhalen,,Ruth Rendell,1,9789058310774,2001,Muntinga,Fiction | Policier et mystère,0,,,Ruth Rendell,Ruth Rendell=5
/books/OL60565017M,Crown of Midnight,,Sarah J. Maas,1,9789049206284,2025,Boekerij,Fantasy | Fiction | Romance,0,,,Sarah J. Maas,Sarah J. Maas=4
/books/OL28296175M,De glazen troon,,Sarah J. Maas,1,9789022570036,2014,Meulenhoff Boekerij,Fantasy | Fiction | Jeunes adultes,0,,,Sarah J. Maas,Sarah J. Maas=4
/books/OL47306670M,Hof van vleugels en verwoesting,,Sarah J. Maas,1,9789000375165,2021,Unieboek | Het Spectrum,Fantasy | Fiction,0,,,Sarah J. Maas,Sarah J. Maas=4
/books/OL61069239M,Koningin van de schaduw,,Sarah J. Maas,1,9789049206307,2025,Boekerij,Fantasy | Fiction | Romance,0,,,Sarah J. Maas,Sarah J. Maas=4
/books/OL24354104M,Achtbaan,,Stephen King,1,9789024539789,2000,Luitingh - Sijthoff,,0,,,Stephen King,Stephen King=8
/books/OL27765425M,DE DONKERE TOREN VI,Een lied van Susannah,Stephen King,1,9789024546282,2004,Luitingh,Fiction,0,,,Stephen King,Stephen King=8
/books/OL60473832M,De vervloeking,Een man valt plotseling af met dodelijke snelheid...,Stephen King,1,9789024578221,2017,Luitingh-Sijthoff,Fiction,0,,,Stephen King,Stephen King=8
/books/OL32797529M,De wind door het sleutelgat,,Stephen King,1,9789024549719,2012,Luitingh-Sijthoff,Fiction | Science-fiction,0,,,Stephen King,Stephen King=8
/books/OL32780065M,Duma,,Stephen King,1,9789024528080,2008,Luitingh,Fiction | Policier et mystère | Sciences sociales,0,,,Stephen King,Stephen King=8
/books/OL32829410M,Tweeduister,,Stephen King,1,9789078432012,2006,Wegener Dagbladen,Fiction,0,,,Stephen King,Stephen King=8
/books/OL34009201M,Vlucht naar de top,,Stephen King,1,9789024536979,2001,Poema Pocket,Fiction | Science-fiction,0,,,Stephen King,Stephen King=8
/books/OL46986537M,Werk in uitvoering,,Stephen King,1,9789024515448,1988,Uitgeverij Luitingh,Fiction,0,,,Stephen King,Stephen King=8
/books/OL47217583M,De chirurg,,Tess Gerritsen | Christine Marshall,2,9789044325256,2009,The House of Books,Fiction | Policier et mystère | Thriller,0,,,Tess Gerritsen,Tess Gerritsen=6
/books/OL61502645M,De Mefisto Club,,Tess Gerritsen,1,9789044330885,2011,The House of Books,Fiction | Policier et mystère | Thriller,0,,,Tess Gerritsen,Tess Gerritsen=6
/books/OL61454308M,De zondares,Gij zult niet doden...,Tess Gerritsen,1,9789044330922,2011,The House of Books B.V.,Fiction | Policier et mystère | Thriller,0,,,Tess Gerritsen,Tess Gerritsen=6
/books/OL61502553M,Freaks,een zenderend spannend kort verhaal,Tess Gerritsen | Alyssa Bresnahan | Carolyn McCormick,3,9789044334005,2011,The House of Books,Fiction,0,,,Tess Gerritsen,Tess Gerritsen=6
/books/OL61454320M,Verdwijn,Zij krijgt de schrik van haar leven...,Tess Gerritsen,1,9789044330892,2011,The House of Books,Fiction | Policier et mystère | Thriller,0,,,Tess Gerritsen,Tess Gerritsen=6
/books/OL61454340M,Zustermoord,Zij lijkt precies op mij...,Tess Gerritsen,1,9789044330908,2011,The House of Books,Fiction | Thriller,0,,,Tess Gerritsen,Tess Gerritsen=6
/books/OL17425289M,De jungle,,Upton Sinclair,1,,1983,Wereldvenster,BD et romans graphiques | Fiction | Histoire | Politique | Sciences sociales,0,,,Upton Sinclair,Upton Sinclair=4
/books/OL17392427M,Het gezond verstand ben IK,"de geschiedenis van Ford autokonig, idealist en werkgever",Upton Sinclair,1,,1938,W. L. & J. Brusse,Biographie | Fiction | Histoire,0,,,Upton Sinclair,Upton Sinclair=4
/books/OL17340374M,Romeinsch Amerika,,Upton Sinclair,1,,1931,N. V. de Arbeiderspers,,0,,,Upton Sinclair,Upton Sinclair=4
/books/OL22340805M,Wie wind zaait,roman,Upton Sinclair,1,,1950,Servire,Fiction,0,,,Upton Sinclair,Upton Sinclair=4
/books/OL24957160M,Als er Doornen zijn,,V.C. Andrews,1,9789032502768,1982,De Kern,Fiction,0,,,V.C. Andrews,V.C. Andrews=24
/books/OL45815419M,Celeste,,V.C. Andrews,1,9789032510381,2005,de Kern,Fiction,0,,,V.C. Andrews,V.C. Andrews=24
/books/OL47859064M,De Casteel-serie,De droom van een engel,V.C. Andrews,1,9789024561513,2006,Poema Pocket,Fiction,0,,,V.C. Andrews,V.C. Andrews=24
/books/OL27296285M,de Duistere Engel,,V.C. Andrews,1,9789032502904,1987,De Kern,Fiction,0,,,V.C. Andrews,V.C. Andrews=24
/books/OL50213503M,De geheimen van Heavenstone,,V.C. Andrews,1,9789032511906,2010,De Kern,Fiction,0,,,V.C. Andrews,V.C. Andrews=24
/books/OL35615828M,Delia's gave,,V.C. Andrews,1,9789032512057,2010,De Kern,Fiction,0,,,V.C. Andrews,V.C. Andrews=24
/books/OL32986044M,Delia's geluk,,V.C. Andrews,1,9789032512040,2009,De Kern,Fiction,0,,,V.C. Andrews,V.C. Andrews=24
/books/OL50213509M,Diep in het woud,,V.C. Andrews,1,9789032509156,2004,De Kern,Fiction,0,,,V.C. Andrews,V.C. Andrews=24
/books/OL32366820M,Dochter van de duisternis,,V.C. Andrews,1,9789032511937,2011,De Kern,Fiction,0,,,V.C. Andrews,V.C. Andrews=24
/books/OL47845848M,Gebroken vleugels,,V.C. Andrews,1,9789032509491,2005,De Kern,Fiction,0,,,V.C. Andrews,V.C. Andrews=24
/books/OL32804225M,Gefluister in de nacht,,V.C. Andrews,1,9789032510954,2007,De Kern,Fiction | Romance,0,,,V.C. Andrews,V.C. Andrews=24
/books/OL32362100M,Hemel zonder Engelen,,V.C. Andrews,1,9789032502645,1985,De Kern,Fiction,0,,,V.C. Andrews,V.C. Andrews=24
/books/OL47836583M,Het Geheim,,V.C. Andrews,1,9789032510923,2007,De Kern,Fiction | Thriller,0,,,V.C. Andrews,V.C. Andrews=24
/books/OL32360500M,Het zaad van gisteren,,V.C. Andrews,1,9789044924824,1995,Zwarte Beertjes,Fiction,0,,,V.C. Andrews,V.C. Andrews=24
/books/OL36693260M,Ice,,V.C. Andrews,1,9789032508388,2002,De Kern,Fiction,0,,,V.C. Andrews,V.C. Andrews=24
/books/OL34260711M,M'n lieve Audrina,,V.C. Andrews,1,9789032501907,1983,De Kern,Fiction,0,,,V.C. Andrews,V.C. Andrews=24
/books/OL35328384M,Melody,Onvoltooide symfonie,V.C. Andrews,1,9789032506513,1998,De Kern,Fiction,0,,,V.C. Andrews,V.C. Andrews=24
/books/OL33018143M,Middernachtmuziek,,V.C. Andrews,1,9789032511005,2009,De Kern,Fiction,0,,,V.C. Andrews,V.C. Andrews=24
/books/OL38244822M,Mysteries van de morgen,,V.C. Andrews,1,9789032510930,2007,De Kern,Fiction | Thriller,0,,,V.C. Andrews,V.C. Andrews=24
/books/OL37782545M,Schaduwen in de tuin,,V.C. Andrews,1,9789032502997,1987,De Kern,Fiction,0,,,V.C. Andrews,V.C. Andrews=24
/books/OL49357623M,Verstilde stemmen,,V.C. Andrews,1,9789032511012,2009,De Kern,Fiction,0,,,V.C. Andrews,V.C. Andrews=24
/books/OL47831726M,Verwrongen wortels,,V.C. Andrews,1,9789032509149,2004,de Kern,Fiction | Théâtre,0,,,V.C. Andrews,V.C. Andrews=24
/books/OL50213506M,Zwart is de nacht,,V.C. Andrews,1,9789032510961,2007,De Kern,Fiction,0,,,V.C. Andrews,V.C. Andrews=24
/books/OL35658504M,Zwarte kat,,V.C. Andrews,1,9789032510398,2006,De Kern,Fiction,0,,,V.C. Andrews,V.C. Andrews=24
/books/OL38226768M,Divergent 1 Inwijding,,Veronica Roth,1,9789000346288,2015,Van Goor,Fiction | Jeunes adultes | Jeunesse | Romance | Science-fiction,0,,,Veronica Roth,Veronica Roth=3
/books/OL40269277M,Opstand,,Veronica Roth,1,9789000314508,,,Fiction | Jeunes adultes | Romance | Science-fiction,0,,,Veronica Roth,Veronica Roth=3
/books/OL27097133M,Samensmelting: haar keuze bepaalt alles,,Veronica Roth,1,9789000334797,2014,van Goor,Fiction | Jeunes adultes | Science-fiction,0,,,Veronica Roth,Veronica Roth=3
/books/OL59770154M,Au pair,,Willem Frederik Hermans,1,9789023467069,2011,De Bezige Bij,,0,,,Willem Frederik Hermans,Willem Frederik Hermans=3
/books/OL16795405M,Herinneringen van een engelbewaarder,de wolk van niet weten,Willem Frederik Hermans,1,9789023403753,1971,De Bezige Bij,,0,,,Willem Frederik Hermans,Willem Frederik Hermans=3
/books/OL59710158M,Nooit meer slapen,,Willem Frederik Hermans,1,9789023449546,2009,De Bezige Bij,Fiction,0,,,Willem Frederik Hermans,Willem Frederik Hermans=3
