source_key,language,quality_bucket,quality_score,original_title,original_authors,state,search_source,google_volume_id,candidate_title,candidate_subtitle,candidate_authors,candidate_language,publisher,published_date,isbn_13,isbn_10,title_score,author_score,candidate_score,image_url,cover_width,cover_height,cover_format,cover_local_path,cover_sha256,error
/books/OL12660194M,DE,PROMISING,5,Die Literarische Identitat Des Drehbuchs,Birgit Schmid,RECOVERED,WEB,dsVW4d0gtY8C,Die literarische Identität des Drehbuchs,"untersucht am Fallbeispiel ""Agnes"" von Peter Stamm",Birgit Schmid,,Peter Lang,2004,,,1.0,1.0,100.0,https://books.google.com/books/content?id=dsVW4d0gtY8C&printsec=frontcover&img=1&zoom=1&edge=curl&source=gbs_api,128,186,JPEG,data/cache/google-books-final-rescue-benchmark/covers/_books_OL12660194M__dsVW4d0gtY8C.jpeg,f2c4ba514945dc30ea64a8dc0b8264148ec02aef5b13b59167bbbd2bbaba4317,
/books/OL12660941M,DE,PROMISING,5,"Das Sorbische Und Der Stand Seiner Erforschung (Sitzungsberichte Der Saechsischen Akademie Der Wissenschaften Zu Leipzig, Phil.-hist. Klasse)",H. Schuster-Sewc,NO_MATCHING_VOLUME,WEB,,,,,,,,,,,,,,,,,,,
/books/OL12664815M,DE,PROMISING,5,Theodori Scutariotae Chronica,Raimondo Tocci,NO_MATCHING_VOLUME,WEB,,,,,,,,,,,,,,,,,,,
/books/OL12691522M,DE,PROMISING,5,Staat als Argument.,Christoph Möllers,RECOVERED,WEB,SXMkAAAACAAJ,Staat als Argument,,Christoph Möllers,,,2000,,,1.0,1.0,100.0,https://books.google.com/books/content?id=SXMkAAAACAAJ&printsec=frontcover&img=1&zoom=1&source=gbs_api,128,193,JPEG,data/cache/google-books-final-rescue-benchmark/covers/_books_OL12691522M__SXMkAAAACAAJ.jpeg,3ee2ba4757f73ab91e7174e9e452e942c4c3d83cc5fa4afb70182b96adc8fbad,
/books/OL12699987M,DE,PROMISING,5,denkmalimkopf.,Dörte Franke,RECOVERED,WEB,iXAhAQAAIAAJ,Denkmalimkopf,Roman,Dörte Franke,,,2002,,,1.0,1.0,100.0,https://books.google.com/books/content?id=iXAhAQAAIAAJ&printsec=frontcover&img=1&zoom=1&source=gbs_api,128,203,JPEG,data/cache/google-books-final-rescue-benchmark/covers/_books_OL12699987M__iXAhAQAAIAAJ.jpeg,6f14a36c277cdce7e3dff67b4e9cf3c5b8fd32947b1bf2e20cf1f265e542af2e,
/books/OL12712906M,DE,STRONG,7,Die Luft an der Spitze des Pinsels. Kritische Spaziergänge durch Bildersäle.,Willibald Sauerländer,NO_MATCHING_VOLUME,WEB,,,,,,,,,,,,,,,,,,,
/books/OL12714639M,DE,PROMISING,5,Gemeinwohl und Gerechtigkeit.,Christian Kissling,NO_MATCHING_VOLUME,WEB,,,,,,,,,,,,,,,,,,,
/books/OL12742758M,DE,PROMISING,5,Fluxus - Flirt - Feminismus? Carolee Schneemanns Körperkunst und die Avantgarde.,Anette Kubitza,SEARCH_ERROR,WEB,,,,,,,,,,,,,,,,,,,HTTP_429
/books/OL12820289M,DE,PROMISING,5,Geschichten schreiben mit Foucault.,Jürgen Martschukat,SEARCH_ERROR,WEB,,,,,,,,,,,,,,,,,,,HTTP_429
/books/OL12827367M,DE,PROMISING,5,"Die Akquisition Betriebswirtschaftlichen Wissens Zum Aufbau Von Wissensbasierten Entscheidungsunterstutzungssystemen (Europaische Hochschulschriften. Reihe V, Volks- Und Betriebs)",Detlev Frick,SEARCH_ERROR,WEB,,,,,,,,,,,,,,,,,,,HTTP_429
/books/OL12827827M,DE,PROMISING,5,Amor Hypermedialis: Logiken der Liebe Im Spanischen Gegenwartsroman,Peter Schonbach | Peter Schönberger,NO_MATCHING_VOLUME,WEB,,,,,,,,,,,,,,,,,,,
/books/OL12828606M,DE,PROMISING,5,Zwischen Den Stuhlen,Eva Studinger,NO_MATCHING_VOLUME,WEB,,,,,,,,,,,,,,,,,,,
/books/OL12829608M,DE,PROMISING,5,Sekundare Bedeutungen Von Nationalitats- Und Landerbezeichnungen Im Deutschen Und Polnischen,Barbara Komenda,SEARCH_ERROR,WEB,,,,,,,,,,,,,,,,,,,HTTP_429
/books/OL12830360M,DE,PROMISING,5,Die Italienischen Streitkrafte Und Ihr Internationales Engagement,Enrico Brissa,NO_MATCHING_VOLUME,WEB,,,,,,,,,,,,,,,,,,,
/books/OL12832204M,DE,PROMISING,5,"Alles, was recht(s) ist. Ideen, Köpfe und Perspektiven der politischen Rechten.",Karlheinz Weißmann,RECOVERED,WEB,TGKCAAAACAAJ,"Alles, was recht(s) ist","Ideen, Köpfe und Perspektiven der politischen Rechten",Karlheinz Weißmann,,,2000-01,,,1.0,1.0,100.0,https://books.google.com/books/content?id=TGKCAAAACAAJ&printsec=frontcover&img=1&zoom=1&source=gbs_api,128,198,JPEG,data/cache/google-books-final-rescue-benchmark/covers/_books_OL12832204M__TGKCAAAACAAJ.jpeg,3a6feefeb254ee7049a714fa8dbf834d671a25977208383f40d203d924b0ad60,
/books/OL12869542M,DE,PROMISING,5,Restauratoren Taschenbuch 2000.,Ulrike Besch,RECOVERED,WEB,ljz5PAAACAAJ,Restauratoren Handbuch 2004,,Ulrike Besch,,,2003,,,0.8421052631578947,1.0,90.52631578947368,https://books.google.com/books/content?id=ljz5PAAACAAJ&printsec=frontcover&img=1&zoom=1&source=gbs_api,128,195,JPEG,data/cache/google-books-final-rescue-benchmark/covers/_books_OL12869542M__ljz5PAAACAAJ.jpeg,62542b92cabd7c3e702b3657c7f859d0fb941cec38528cac059fe7d6dc8305db,
/books/OL12880046M,DE,PROMISING,5,Einen anderen Gott denken?,Tobias Specker,NO_MATCHING_VOLUME,WEB,,,,,,,,,,,,,,,,,,,
/books/OL12924779M,DE,PROMISING,5,Geo-Informatik Anwendungen - Erfahrungen - Tendenzen,M Schilcher,SEARCH_ERROR,WEB,,,,,,,,,,,,,,,,,,,HTTP_429
/books/OL141131M,DE,PROMISING,5,Georg von der Vring,Jörg Michael Henneberg,RECOVERED,WEB,kz84AAAACAAJ,Georg von der Vring,ein Expressionist in Jever : Begleitband zur Ausstellung im Schlossmuseum Jever vom 13. November 1998 bis 15. Januar 1999,Jörg Michael Henneberg | Christian von der Vring,,,1998-01,,,1.0,1.0,100.0,https://books.google.com/books/content?id=kz84AAAACAAJ&printsec=frontcover&img=1&zoom=1&source=gbs_api,128,182,PNG,data/cache/google-books-final-rescue-benchmark/covers/_books_OL141131M__kz84AAAACAAJ.png,5297c4df96d608c5ba72436898c9aac9f4ac992b072deb0bf1cc0da55d798fe8,
/books/OL16368895M,DE,PROMISING,5,Site-specific art im Kirchenraum,Frank Hiddemann,SEARCH_ERROR,WEB,,,,,,,,,,,,,,,,,,,HTTP_429
/books/OL17902892M,DE,PROMISING,5,Philosophie und Pädagogik bei Pestalozzi,Daniel Tröhler,NO_MATCHING_VOLUME,WEB,,,,,,,,,,,,,,,,,,,
/books/OL18339239M,DE,PROMISING,5,Kontexte als Modelle der Welt,Uwe Saint-Mont,RECOVERED,WEB,cgbXAAAAMAAJ,Kontexte als Modelle der Welt,subjektive Erkenntnis- und Wissenschaftstheorie,Uwe Saint-Mont,,Duncker & Humblot,2000,,,1.0,1.0,100.0,https://books.google.com/books/content?id=cgbXAAAAMAAJ&printsec=frontcover&img=1&zoom=1&source=gbs_api,128,194,JPEG,data/cache/google-books-final-rescue-benchmark/covers/_books_OL18339239M__cgbXAAAAMAAJ.jpeg,221cc054a2343be6eaf2815d4220a5d50a10276e8b2ecc3375059d52446d7cda,
/books/OL18969190M,DE,PROMISING,5,Wissenschaft als Ideologie,Alexander Pechmann,NO_MATCHING_VOLUME,WEB,,,,,,,,,,,,,,,,,,,
/books/OL19451677M,DE,PROMISING,5,Kunstskandale,Heinz Peter Schwerfel,RECOVERED,WEB,LKeiAAAACAAJ,Kunstskandale.,,Heinz Peter Schwerfel,,,2000-01,,,1.0,1.0,100.0,https://books.google.com/books/content?id=LKeiAAAACAAJ&printsec=frontcover&img=1&zoom=1&source=gbs_api,128,170,JPEG,data/cache/google-books-final-rescue-benchmark/covers/_books_OL19451677M__LKeiAAAACAAJ.jpeg,9417d9dac213e7f319a56531fa28c05f17373d653f41d6a19aef05ecc0c29845,
/books/OL19640590M,DE,PROMISING,5,Öffentliche Kunst als Denkmalkritik,Herbert Jochmann,RECOVERED,WEB,K2iDMAEACAAJ,Öffentliche Kunst als Denkmalkritik,Studien zur Spezifik zeitgenössischer Kunst in Bezugnahme auf öffentliche Erinnerungszeichen,Herbert Jochmann,,,2001-01,,,1.0,1.0,100.0,https://books.google.com/books/content?id=K2iDMAEACAAJ&printsec=frontcover&img=1&zoom=1&source=gbs_api,128,190,JPEG,data/cache/google-books-final-rescue-benchmark/covers/_books_OL19640590M__K2iDMAEACAAJ.jpeg,e2b15925463d0c4120b3edc2c336e70167f15821eb7c62d1463b2ec55f20694e,
/books/OL19727169M,DE,WEAK,4,Die Melancholie der Philosophie,Andreas Walker,SEARCH_ERROR,WEB,,,,,,,,,,,,,,,,,,,HTTP_429
/books/OL20003273M,DE,PROMISING,5,Deutsche Europapolitik der Regierung Schr oder: 1998 - 2002; von den strategischen H ugeln zur M uhsal der Ebene,Dorothea Lamatsch,SEARCH_ERROR,WEB,,,,,,,,,,,,,,,,,,,HTTP_429
/books/OL20344131M,DE,PROMISING,5,Wissenschaft an Hochschulen,Cornelia Koppetsch,SEARCH_ERROR,WEB,,,,,,,,,,,,,,,,,,,HTTP_429
/books/OL20907009M,DE,PROMISING,5,Christian Philipp Koester (1784-1851),Thomas Rudi,SEARCH_ERROR,WEB,,,,,,,,,,,,,,,,,,,HTTP_429
/books/OL21296548M,DE,PROMISING,5,Eliteverhalten und Unternehmertum im Transformationsprozess,Martin Rahe,RECOVERED,WEB,ElYbAAAACAAJ,Eliteverhalten und Unternehmertum im Transformationsprozess,eine ökonomische Analyse des Verhaltens sozialistischer Eliten auf ökonomischen und politischen Märkten im Übergang vom Plan zum Markt,Martin Rahe,,Peter Lang Publishing,1998,,,1.0,1.0,100.0,https://books.google.com/books/content?id=ElYbAAAACAAJ&printsec=frontcover&img=1&zoom=1&source=gbs_api,128,187,JPEG,data/cache/google-books-final-rescue-benchmark/covers/_books_OL21296548M__ElYbAAAACAAJ.jpeg,c339945a6db1313afe06c1476fe32fd6624f880b4bb56d8d4afccdaae935ce38,
/books/OL21739701M,DE,PROMISING,5,Berufsbildung in der deutschen Kreditwirtschaft,Günter Ashauer,NO_MATCHING_VOLUME,WEB,,,,,,,,,,,,,,,,,,,
/books/OL22348908M,DE,PROMISING,5,Angelika Kauffmann,Jutta Rebmann,RECOVERED,WEB,r_WzGAAACAAJ,Angelika Kauffmann,biographischer Roman,Jutta Rebmann,,,2007,,,1.0,1.0,100.0,https://books.google.com/books/content?id=r_WzGAAACAAJ&printsec=frontcover&img=1&zoom=1&source=gbs_api,128,205,JPEG,data/cache/google-books-final-rescue-benchmark/covers/_books_OL22348908M__r_WzGAAACAAJ.jpeg,656ab0a0f1bb6b3fb2ea903e6e0f3cbd870b25ed66294a92d3e8fd83fc4ede0a,
/books/OL22592536M,DE,PROMISING,5,"Diskurs, Macht und Geschichte",Michael Maset,RECOVERED,WEB,bk0oEQAAQBAJ,"Diskurs, Macht und Geschichte",Foucaults Analysetechniken und die historische Forschung,Michael Maset,,Campus Verlag,2024-08-19,,,1.0,1.0,100.0,https://books.google.com/books/content?id=bk0oEQAAQBAJ&printsec=frontcover&img=1&zoom=1&edge=curl&source=gbs_api,128,192,JPEG,data/cache/google-books-final-rescue-benchmark/covers/_books_OL22592536M__bk0oEQAAQBAJ.jpeg,f138c337a3fac32743ab6abb561e8ac838b724096139c4e142d7df11686190c4,
/books/OL23069115M,DE,PROMISING,5,Wenn Fuchs und Hase sich Gute Nacht sagen,Kathrin Schärer,RECOVERED,WEB,O0e4wAEACAAJ,Wenn Fuchs und Hase sich Gute Nacht sagen,,Kathrin Schärer,,Beltz & Gelberg,2013-11-04,,,1.0,1.0,100.0,https://books.google.com/books/content?id=O0e4wAEACAAJ&printsec=frontcover&img=1&zoom=1&source=gbs_api,128,162,JPEG,data/cache/google-books-final-rescue-benchmark/covers/_books_OL23069115M__O0e4wAEACAAJ.jpeg,b7be988621cb3126af8554d89d046cbe59837c49206ebb8f25515a58ca2acf82,
/books/OL37271770M,DE,PROMISING,5,Grundzüge der Politikwissenschaft,Arno Mohr,RECOVERED,WEB,9JMbDgAAQBAJ,Grundzüge der Politikwissenschaft,,Arno Mohr,,Walter de Gruyter GmbH & Co KG,2015-10-16,,,1.0,1.0,100.0,https://books.google.com/books/content?id=9JMbDgAAQBAJ&printsec=frontcover&img=1&zoom=1&edge=curl&source=gbs_api,128,189,JPEG,data/cache/google-books-final-rescue-benchmark/covers/_books_OL37271770M__9JMbDgAAQBAJ.jpeg,843c5f0c90ac2572e9dcf06843a85f2d9bbfa57c88ab2c6e4d535432545af5b9,
/books/OL10072151M,EN,PROMISING,5,Applied Optics and Optical Engineering (Vol 13),Shannon | Robert R. Shannon,NO_MATCHING_VOLUME,WEB,,,,,,,,,,,,,,,,,,,
/books/OL10075045M,EN,PROMISING,5,Virtual Fieldtrips for Physical Geography (standalone version),Larry Onesti | Jeremy Dunning,SEARCH_ERROR,WEB,,,,,,,,,,,,,,,,,,,HTTP_429
/books/OL10076239M,EN,PROMISING,5,Writing and Grammar: Standardized Test Prep Copper Level 6 (Prentice Hall Writing and Grammar:Communication in Action),Gary Forlini | Edward E. Wilson | Joyce Armstrong Carroll,NO_MATCHING_VOLUME,WEB,,,,,,,,,,,,,,,,,,,
/books/OL10076832M,EN,PROMISING,5,Algebra 1 -skills Intervention Kit,Smith,NO_MATCHING_VOLUME,WEB,,,,,,,,,,,,,,,,,,,
/books/OL10078075M,EN,PROMISING,5,Beginning Writing,Carolyn Fink | John Fink,SEARCH_ERROR,WEB,,,,,,,,,,,,,,,,,,,HTTP_429
/books/OL10080321M,EN,PROMISING,5,Civics Itext,James E. Davis | Phyllis Maxey Fernlund,SEARCH_ERROR,WEB,,,,,,,,,,,,,,,,,,,HTTP_429
/books/OL10082725M,EN,PROMISING,5,Mech Vibrtn&Intro Matlab (4th Edition),RAO,SEARCH_ERROR,WEB,,,,,,,,,,,,,,,,,,,HTTP_429
/books/OL10083927M,EN,PROMISING,5,"Science Explorer, Physical Science",Michael J. Padilla | Cyr | Miaoulis,RECOVERED,WEB,lkm5Zxz_CoIC,Science Explorer Physical Science,"Adapted Reading and Study Workbooks, Answer Key",Michael J. Padilla | Ioannis Miaculis | Martha Cyr,,,,,,1.0,1.0,100.0,https://books.google.com/books/content?id=lkm5Zxz_CoIC&printsec=frontcover&img=1&zoom=1&source=gbs_api,128,187,JPEG,data/cache/google-books-final-rescue-benchmark/covers/_books_OL10083927M__lkm5Zxz_CoIC.jpeg,85e679d9ac71e0d1419c192968fd99fee1532e949a07588c5da8dda418290ef5,
/books/OL10086172M,EN,PROMISING,5,"Test item file, third edition, environmental science",Bernard J. Nebel,SEARCH_ERROR,WEB,,,,,,,,,,,,,,,,,,,HTTP_429
/books/OL10087076M,EN,PROMISING,5,Mexico City and Acapulco (Frommer's City Guides),George McDonald | Arthur Frommer,SEARCH_ERROR,WEB,,,,,,,,,,,,,,,,,,,HTTP_429
/books/OL10089169M,EN,PROMISING,5,Insight Los Angeles (Insight Guide Los Angeles),Insight Guides | Apa Publications,NO_MATCHING_VOLUME,WEB,,,,,,,,,,,,,,,,,,,
/books/OL10090958M,EN,PROMISING,5,Mixtures in Chemistry,M. Murphy | T. Harrison,NO_MATCHING_VOLUME,WEB,,,,,,,,,,,,,,,,,,,
/books/OL10091915M,EN,PROMISING,5,Simulations for Electric Circuits Using Pspice,James L. Antonakos,SEARCH_ERROR,WEB,,,,,,,,,,,,,,,,,,,HTTP_429
/books/OL10093511M,EN,PROMISING,5,College Physics/With Physics on the Internet,Jerry D. Wilson,SEARCH_ERROR,WEB,,,,,,,,,,,,,,,,,,,HTTP_429
/books/OL10098545M,EN,PROMISING,5,Sheep Pig (Puffin Cover to Cover),Jean Little,SEARCH_ERROR,WEB,,,,,,,,,,,,,,,,,,,HTTP_429
/books/OL10103229M,EN,PROMISING,5,Resource Book for HBJ Handwriting (Resource Book for HBJ Handwriting),Johnson | Betty Kracht Johnson,NO_MATCHING_VOLUME,WEB,,,,,,,,,,,,,,,,,,,
/books/OL10106051M,EN,PROMISING,5,Harbrace College Workbook,Larry G. Mapp | Sheila Y. Graham,RECOVERED,WEB,FpdO9dXI_o0C,Harbrace College Workbook,Form 10B,Larry G. Mapp | Sheila Young Graham,,Harcourt Brace College Publishers,1987,,,1.0,1.0,100.0,https://books.google.com/books/content?id=FpdO9dXI_o0C&printsec=frontcover&img=1&zoom=1&source=gbs_api,128,202,JPEG,data/cache/google-books-final-rescue-benchmark/covers/_books_OL10106051M__FpdO9dXI_o0C.jpeg,aef748b56412c0b452e495c7ca583955b7ac7a16fe0bc770bd10c55c0f6d0c46,
/books/OL10107235M,EN,PROMISING,5,Diagnostic Evaluation of Language Variation-Screening Test,Harry Seymour | Thomas Roeper | Jill De Villiers | Peter De Villiers,SEARCH_ERROR,WEB,,,,,,,,,,,,,,,,,,,HTTP_429
/books/OL10107350M,EN,PROMISING,5,Test of Adolescent and Adult Language,Virginia Brown | Donald Hammill | Stephen Larsen,SEARCH_ERROR,WEB,,,,,,,,,,,,,,,,,,,HTTP_429
/books/OL10147741M,EN,PROMISING,5,Selected Recipe Steps and Newsletters to Accompany Cook and Learn,T. Harms | B. Veitch,NO_MATCHING_VOLUME,WEB,,,,,,,,,,,,,,,,,,,
/books/OL10167312M,EN,PROMISING,5,Problem-Solving Experiences in Mathematics Grade 1/Teacher Sourcebook and Blackline Master Booklet,Randall I. Charles | Frank K. Lester | Anne M. Bloomer,SEARCH_ERROR,WEB,,,,,,,,,,,,,,,,,,,HTTP_429
/books/OL10172177M,EN,PROMISING,5,Understanding Sports & Society,Marvin Dawkins | Jomills Braddok,NO_MATCHING_VOLUME,WEB,,,,,,,,,,,,,,,,,,,
/books/OL10215511M,EN,PROMISING,5,Team Yankee,David Drake,NO_MATCHING_VOLUME,WEB,,,,,,,,,,,,,,,,,,,
/books/OL10319760M,EN,PROMISING,5,Adventure Comics,Michael Fleisher | Shelly Mayer,RECOVERED,WEB,2BvxDwAAQBAJ,Adventure Comics (1938-) #438,,Joe Samachson | Michael Fleisher,,DC Comics,2020-07-21,,,0.96,1.0,97.6,https://books.google.com/books/content?id=2BvxDwAAQBAJ&printsec=frontcover&img=1&zoom=1&edge=curl&source=gbs_api,128,197,JPEG,data/cache/google-books-final-rescue-benchmark/covers/_books_OL10319760M__2BvxDwAAQBAJ.jpeg,f3cb6214f1b3ad768bc6167399cc208857a5878a604bda33dfd96bfda4653163,
/books/OL10345448M,EN,PROMISING,5,Cengage Advantage Books,John S. Dempsey | Linda S. Forst,SEARCH_ERROR,WEB,,,,,,,,,,,,,,,,,,,HTTP_429
/books/OL10391247M,EN,STRONG,7,Bedford Companion to Shakespeare 2e & Measure for Measure & Taming the Shrew & Merchant of Venice,William Shakespeare,NO_MATCHING_VOLUME,WEB,,,,,,,,,,,,,,,,,,,
/books/OL10391684M,EN,PROMISING,5,250 Poems & 40 Short Stories 2e & Measure for Measure,Michael Meyer | William Shakespeare,NO_MATCHING_VOLUME,WEB,,,,,,,,,,,,,,,,,,,
/books/OL10475650M,EN,PROMISING,5,"Community, Self, and the Sacred",Alison k.cohen | Canin,SEARCH_ERROR,WEB,,,,,,,,,,,,,,,,,,,HTTP_429
/books/OL10525421M,EN,PROMISING,5,"Human Mosaic, Study Guide & Atlas of Word Geography",Lydia M. Pulsipher | Patricia L. Price | Roderick P. Neumann | Terry G. Jordan-Bychkov | Michael Kukral | Mona Domosh,NO_MATCHING_VOLUME,WEB,,,,,,,,,,,,,,,,,,,
/books/OL10602749M,EN,PROMISING,5,Warfare and Weapons,Kim Covert | Tracey Boraas | Edward Voeller | Andrea Weiser | Michael Burgman,NO_MATCHING_VOLUME,WEB,,,,,,,,,,,,,,,,,,,
/books/OL12644757M,EN,PROMISING,5,Categories for the Description of Works of Art,Baca,NO_MATCHING_VOLUME,WEB,,,,,,,,,,,,,,,,,,,
/books/OL12660153M,EN,PROMISING,5,"German Literature, History And The Nation (Cultural History and Literary Imagination)",Christian Emden,SEARCH_ERROR,WEB,,,,,,,,,,,,,,,,,,,HTTP_429
/books/OL12660769M,EN,PROMISING,5,Hethitische Rituale Und Festbeschreibungen (Keilschrifturkunden Aus Boghazkoei),M. Popko,SEARCH_ERROR,WEB,,,,,,,,,,,,,,,,,,,HTTP_429
/books/OL12661202M,EN,PROMISING,5,Athanasius Kircher S.J. Sein Viertes Geluebde Und Malta,O Hein,NO_MATCHING_VOLUME,WEB,,,,,,,,,,,,,,,,,,,
/books/OL12680943M,EN,PROMISING,5,Oblomov Jungian Approach Literary Image of the Mother Complex (European University Studies),N. Baratoff,NO_MATCHING_VOLUME,WEB,,,,,,,,,,,,,,,,,,,
/books/OL12766232M,EN,PROMISING,5,Wissenschaft Im Widerstreit Zwischen Erkenntinisstreben Und Verwertungspraxis,H. Markl,SEARCH_ERROR,WEB,,,,,,,,,,,,,,,,,,,HTTP_429
/books/OL12790402M,EN,PROMISING,5,Hanguk munhon chongbohak ui munjedul,Chae-chol Yi,SEARCH_ERROR,WEB,,,,,,,,,,,,,,,,,,,HTTP_429
/books/OL12798371M,EN,PROMISING,5,History of Shell Collecting,Peter Dance,SEARCH_ERROR,WEB,,,,,,,,,,,,,,,,,,,HTTP_429
/books/OL12801708M,EN,PROMISING,5,"What I Do Not Believe, and Other Essays",N.R. Hanson,SEARCH_ERROR,WEB,,,,,,,,,,,,,,,,,,,HTTP_503
/books/OL12808216M,EN,PROMISING,5,Touring the Low Countries,Ton van Strien,NO_MATCHING_VOLUME,WEB,,,,,,,,,,,,,,,,,,,
/books/OL12827627M,EN,PROMISING,5,Wovon Lebt Der Mensch?,Heinz Pollak,RECOVERED,WEB,43tZAAAACAAJ,Wovon lebt der Mensch?,über Welterkenntnis und Selbsterkenntnis : Gedanken eines Freimaurers,Heinz Pollak,,Peter Lang Publishing,1999,,,1.0,1.0,100.0,https://books.google.com/books/content?id=43tZAAAACAAJ&printsec=frontcover&img=1&zoom=1&source=gbs_api,128,186,JPEG,data/cache/google-books-final-rescue-benchmark/covers/_books_OL12827627M__43tZAAAACAAJ.jpeg,4a5c219901bf7ddc59db34af60482f1f20125ac86bd8700f02228527b7ef774a,
/books/OL12830006M,EN,PROMISING,5,Die Entwicklung Des Strafrechtlichen Unrechtsbegriffs in Japan,Mitsuru Iijima,RECOVERED,WEB,V1t-AAAACAAJ,Die Entwicklung des strafrechtlichen Unrechtsbegriffs in Japan,eine kritische Betrachtung aus strafrechtsdogmatischer und rechtsphilosophischer Perspektive,Mitsuru Iijima,,"Peter Lang Gmbh, Internationaler Verlag Der Wissenschaften",2004,,,1.0,1.0,100.0,https://books.google.com/books/content?id=V1t-AAAACAAJ&printsec=frontcover&img=1&zoom=1&source=gbs_api,128,182,JPEG,data/cache/google-books-final-rescue-benchmark/covers/_books_OL12830006M__V1t-AAAACAAJ.jpeg,5be91b92af7be198de51b5b935e5621bbf8b3163ade452413584322425d9a3d8,
/books/OL12830615M,EN,PROMISING,5,Offnungen,Michaela Schwarzbauer,NO_MATCHING_VOLUME,WEB,,,,,,,,,,,,,,,,,,,
/books/OL12831361M,EN,PROMISING,5,Internationalitat ALS Kulturelle Realitat: Wittgensteins Philosophie Der Psychologie Im Kontext Von Analytischer Philosophie Des Geistes Und Empirisch ... Hochschulschriften,Michael Crusio,SEARCH_ERROR,WEB,,,,,,,,,,,,,,,,,,,HTTP_503
/books/OL12846761M,EN,PROMISING,5,Landscape in the Netherlands/Landschap in Nederland,Andre-Pierre Lamoth,NO_MATCHING_VOLUME,WEB,,,,,,,,,,,,,,,,,,,
/books/OL12852585M,EN,PROMISING,5,Inegration And Self Regulation Of Quality Management In Dutch Agri-Food Supply Chains,Wijnand Van Plaggenhoef,NO_MATCHING_VOLUME,WEB,,,,,,,,,,,,,,,,,,,
/books/OL12893578M,EN,PROMISING,5,Biometrics And International Migration,Jillyanne Redpath,SEARCH_ERROR,WEB,,,,,,,,,,,,,,,,,,,HTTP_429
/books/OL12979794M,EN,PROMISING,5,Unity in Diversity?,Julia Stamm,RECOVERED,WEB,-lspAQAAMAAJ,Unity in Diversity?,The European Parliament and Its Elite After the 2004 Enlargement,Julia Stamm,,Nomos Verlagsgesellschaft,2008,,,1.0,1.0,100.0,https://books.google.com/books/content?id=-lspAQAAMAAJ&printsec=frontcover&img=1&zoom=1&source=gbs_api,128,189,JPEG,data/cache/google-books-final-rescue-benchmark/covers/_books_OL12979794M__-lspAQAAMAAJ.jpeg,4feef8aef624b172cdaca489f822f6d136de5c4767af4c679a413135dd089dcf,
/books/OL13046575M,EN,PROMISING,5,China's Seven Ancient Capitals,Fan Zhang,NO_MATCHING_VOLUME,WEB,,,,,,,,,,,,,,,,,,,
/books/OL13170142M,EN,PROMISING,5,Chinese Eunuchs,Wang Yongsheng,NO_MATCHING_VOLUME,WEB,,,,,,,,,,,,,,,,,,,
/books/OL13175183M,EN,STRONG,7,In Quest of Peace,Yajneshwar S. Shastri,SEARCH_ERROR,WEB,,,,,,,,,,,,,,,,,,,HTTP_429
/books/OL13230242M,EN,PROMISING,5,"Ciencia, Romanticisme I Utopia (Llibres A L'Abast)",Santiago Riera I. Tuebols,NO_MATCHING_VOLUME,WEB,,,,,,,,,,,,,,,,,,,
/books/OL141162M,EN,PROMISING,5,Framework for science education in Germany,Kurt Riquarts,NO_MATCHING_VOLUME,WEB,,,,,,,,,,,,,,,,,,,
/books/OL14962613M,EN,PROMISING,5,"Moonwalk, the story of Apollo 11",Erich Fuchs,NO_MATCHING_VOLUME,WEB,,,,,,,,,,,,,,,,,,,
/books/OL16699551M,EN,PROMISING,5,Issues of validity in qualitative research,Kvale,SEARCH_ERROR,WEB,,,,,,,,,,,,,,,,,,,HTTP_429
/books/OL18071389M,EN,PROMISING,5,Indian folk art,Heinz Mode,NO_MATCHING_VOLUME,WEB,,,,,,,,,,,,,,,,,,,
/books/OL18882986M,EN,PROMISING,5,The catalogue of allmost all the works done by Tomoko Takahashi (between 1985-2002).,Tomoko Takahashi,NO_MATCHING_VOLUME,WEB,,,,,,,,,,,,,,,,,,,
/books/OL20075691M,EN,PROMISING,5,The computerisation of collections in museums and related institutions,TANIA SZRAJBER,NO_MATCHING_VOLUME,WEB,,,,,,,,,,,,,,,,,,,
/books/OL21267010M,EN,PROMISING,5,Alien circus,Mathew Stone,NO_MATCHING_VOLUME,WEB,,,,,,,,,,,,,,,,,,,
/books/OL22004847M,EN,PROMISING,5,Young people's understanding of society,Adrian Furnham,RECOVERED,WEB,wDpACwAAQBAJ,Young People's Understanding of Society (Routledge Revivals),,Adrian Furnham,,Routledge,2015-12-22,,,0.96,1.0,97.6,https://books.google.com/books/content?id=wDpACwAAQBAJ&printsec=frontcover&img=1&zoom=1&edge=curl&source=gbs_api,128,216,JPEG,data/cache/google-books-final-rescue-benchmark/covers/_books_OL22004847M__wDpACwAAQBAJ.jpeg,5dbdc41736c8f761b046692d1130c5352e829fc3d50fea4a44d05ca57995760f,
/books/OL22483106M,EN,PROMISING,5,"Métissages, dentelles, broderies, tapis, tapisseries dans les collections publiques","Jean-Francois, Preface de Canchy",NO_MATCHING_VOLUME,WEB,,,,,,,,,,,,,,,,,,,
/books/OL22859527M,EN,PROMISING,5,Sequoyah's talking leaves,Mary Dodson Wade,NO_MATCHING_VOLUME,WEB,,,,,,,,,,,,,,,,,,,
/books/OL2372746M,EN,STRONG,7,The Tholian web,John Peel,NO_MATCHING_VOLUME,WEB,,,,,,,,,,,,,,,,,,,
/books/OL2738689M,EN,STRONG,7,"Assignment, Earth",John Peel,SEARCH_ERROR,WEB,,,,,,,,,,,,,,,,,,,HTTP_429
/books/OL28848433M,EN,PROMISING,5,Peoples of the Plateau Area of Northern Nigeria,Harold D. Gunn,RECOVERED,WEB,C8gNDgAAQBAJ,Peoples of the Plateau Area of Northern Nigeria,Western Africa Part VII,Harold D. Gunn,,Routledge,2017-02-03,,,1.0,1.0,100.0,https://books.google.com/books/content?id=C8gNDgAAQBAJ&printsec=frontcover&img=1&zoom=1&edge=curl&source=gbs_api,128,192,JPEG,data/cache/google-books-final-rescue-benchmark/covers/_books_OL28848433M__C8gNDgAAQBAJ.jpeg,1ab9aca04a9a5a906026a21a794de94f629ce687050ba59d0b737c089faa5375,
/books/OL3445059M,EN,PROMISING,5,"Language, the mass media, and democracy in Ghana",Kwesi Yankah,RECOVERED,WEB,H6MjAQAAIAAJ,"Language, the Mass Media, and Democracy in Ghana",,Kwesi Yankah,,,2004,,,1.0,1.0,100.0,https://books.google.com/books/content?id=H6MjAQAAIAAJ&printsec=frontcover&img=1&zoom=1&source=gbs_api,128,173,JPEG,data/cache/google-books-final-rescue-benchmark/covers/_books_OL3445059M__H6MjAQAAIAAJ.jpeg,9c01a4dd706968842752c4d4a59bab6fbd17f3fc2fbf7dfe0278c452472dc663,
/books/OL3645938M,EN,PROMISING,5,Bugs,Chris Madsen,RECOVERED,WEB,c3PWAAAACAAJ,Bugs,,Chris Madsen,,Red Bird Press,2005-03-01,,,1.0,1.0,100.0,https://books.google.com/books/content?id=c3PWAAAACAAJ&printsec=frontcover&img=1&zoom=1&source=gbs_api,128,171,JPEG,data/cache/google-books-final-rescue-benchmark/covers/_books_OL3645938M__c3PWAAAACAAJ.jpeg,9b071ce3f89cfb90f18d9eaf448dbd9e17a8d5c069243da70e43ce0fbf210175,
/books/OL48214357M,EN,PROMISING,5,Strategic Alignment of Innovation to Business,Frances Fortuin,RECOVERED,WEB,IlAjwAEACAAJ,Strategic Alignment of Innovation to Business,Balancing Technology and Markets in Technology-based Industries,Frances Fortuin,,,2007-11,,,1.0,1.0,100.0,https://books.google.com/books/content?id=IlAjwAEACAAJ&printsec=frontcover&img=1&zoom=1&source=gbs_api,128,180,JPEG,data/cache/google-books-final-rescue-benchmark/covers/_books_OL48214357M__IlAjwAEACAAJ.jpeg,6cf84c81508a66ca8a8c4ffb5f214af9bbeeebcf16136a233bd3fb9d8187763f,
/books/OL7525986M,EN,PROMISING,5,The Mask of the Sun,Fred Saberhagen,RECOVERED,WEB,5c1cEAAAQBAJ,The Mask of the Sun,,Fred Saberhagen,,"JSS Literary Productions, LLC",2022-02-04,,,1.0,1.0,100.0,https://books.google.com/books/content?id=5c1cEAAAQBAJ&printsec=frontcover&img=1&zoom=1&edge=curl&source=gbs_api,128,190,JPEG,data/cache/google-books-final-rescue-benchmark/covers/_books_OL7525986M__5c1cEAAAQBAJ.jpeg,ba132a91968474df71be3658da9c6afcc03ce74f0c0610673e82ff870fe68278,
/books/OL879926M,EN,PROMISING,5,I'm going to Texas =,Mary Dodson Wade,NO_MATCHING_VOLUME,WEB,,,,,,,,,,,,,,,,,,,
/books/OL10264694M,ES,PROMISING,5,Time (Como y Por Que),Gene Liberty,SEARCH_ERROR,WEB,,,,,,,,,,,,,,,,,,,HTTP_429
/books/OL1028093M,ES,WEAK,4,Kurusu ñe'ëngatu,Graciela Chamorro,RECOVERED,WEB,V5VsAAAAMAAJ,Kurusu ñe'ëngatu,palabras que la historia no podría olvidar,Graciela Chamorro,,,1995,,,1.0,1.0,100.0,https://books.google.com/books/content?id=V5VsAAAAMAAJ&printsec=frontcover&img=1&zoom=1&source=gbs_api,128,178,JPEG,data/cache/google-books-final-rescue-benchmark/covers/_books_OL1028093M__V5VsAAAAMAAJ.jpeg,6cfdc9d0c0a785219ef3b9b80db729eb514ea70755b2efec6e05069e786bf710,
/books/OL1244746M,ES,STRONG,7,"Teatro uruguayo, 1808-1994",Walter Rela,SEARCH_ERROR,WEB,,,,,,,,,,,,,,,,,,,HTTP_429
/books/OL12827596M,ES,PROMISING,5,Die Kluft Zwischen Kampf Und Kontemplation,Berthold Volberg,SEARCH_ERROR,WEB,,,,,,,,,,,,,,,,,,,HTTP_503
/books/OL12831079M,ES,PROMISING,5,Skulptur ALS Feld,Julia K. Otto,SEARCH_ERROR,WEB,,,,,,,,,,,,,,,,,,,HTTP_429
/books/OL12985881M,ES,PROMISING,5,"Leyes sociales, reglas sociales (Los Fundamentos de las ciencias del hombre)",Cecilia Hidalgo,NO_MATCHING_VOLUME,WEB,,,,,,,,,,,,,,,,,,,
/books/OL13002168M,ES,PROMISING,5,El Diseno Grafico Una Voz Publica,Maria Ledesma,NO_MATCHING_VOLUME,WEB,,,,,,,,,,,,,,,,,,,
/books/OL13072182M,ES,PROMISING,5,El Efecto Mariposa,Carolina Ponce de Leon,NO_MATCHING_VOLUME,WEB,,,,,,,,,,,,,,,,,,,
/books/OL13125184M,ES,PROMISING,5,De Los Efectos a Las Causas,Sergio F. Martinez,NO_MATCHING_VOLUME,WEB,,,,,,,,,,,,,,,,,,,
/books/OL13154593M,ES,PROMISING,5,Estampas Ferrocarrileras,Fernando Aguayo,SEARCH_ERROR,WEB,,,,,,,,,,,,,,,,,,,HTTP_503
/books/OL13197889M,ES,PROMISING,5,Arte y Documento: Fundacion Espigas 1993-2003 = Art and Document,Eduardo F. Costantini Fundacion,NO_MATCHING_VOLUME,WEB,,,,,,,,,,,,,,,,,,,
/books/OL13206588M,ES,PROMISING,5,Arte Trascendental Argentino,Rosa Faccaro,RECOVERED,WEB,JEVdAAAAMAAJ,Arte trascendental argentino,,Rosa Faccaro,,,1999,,,1.0,1.0,100.0,https://books.google.com/books/content?id=JEVdAAAAMAAJ&printsec=frontcover&img=1&zoom=1&source=gbs_api,128,185,JPEG,data/cache/google-books-final-rescue-benchmark/covers/_books_OL13206588M__JEVdAAAAMAAJ.jpeg,d6e4018b663fd167a669aa9b442a7d10738d163dcf8258c2ceb57d62d6a85cec,
/books/OL13237762M,ES,PROMISING,5,Manual de Arte Prehistorico,Jose Luis Sanchidrian Torti,RECOVERED,WEB,AOZXDwAAQBAJ,Manual de arte prehistórico,,José Luis Sanchidrián,,Editorial Ariel,2018-05-08,,,1.0,0.96,98.4,https://books.google.com/books/content?id=AOZXDwAAQBAJ&printsec=frontcover&img=1&zoom=1&edge=curl&source=gbs_api,128,192,JPEG,data/cache/google-books-final-rescue-benchmark/covers/_books_OL13237762M__AOZXDwAAQBAJ.jpeg,b777b99f1792c0a7316e05f5913da7890337778102adabf704df397583cf07a8,
/books/OL13278272M,ES,PROMISING,5,Simulacion de Modelos Estadisticos En Ciencias Sociales (Cuadernos de Estadistica),Javier Revuelta,NO_MATCHING_VOLUME,WEB,,,,,,,,,,,,,,,,,,,
/books/OL13428849M,ES,PROMISING,5,"L'edizione Del Testo Scientifico D'eta Moderna, Atti Del Seminario Di Studi (Scandiano, 12-13 Ottobre 2001)",Antonio Vallisneri,NO_MATCHING_VOLUME,WEB,,,,,,,,,,,,,,,,,,,
/books/OL15374977M,ES,PROMISING,5,La belle époque chilena,Manuel Vicuña Urrutía,RECOVERED,WEB,wWraAAAAMAAJ,La belle époque chilena,alta sociedad y mujeres de elite en el cambio de siglo,Manuel Vicuña Urrutia,,,2001,,,1.0,1.0,100.0,https://books.google.com/books/content?id=wWraAAAAMAAJ&printsec=frontcover&img=1&zoom=1&source=gbs_api,128,210,JPEG,data/cache/google-books-final-rescue-benchmark/covers/_books_OL15374977M__wWraAAAAMAAJ.jpeg,045e79d2af6f9fce541d9dc00a680949cf5e814b49395e85d2e8a8bef4c93a80,
/books/OL16298365M,ES,PROMISING,5,Identidad e integración intercultural,"Stipendienwerk Lateinamerika-Deutschland. Jornadas Internacionales del ICALA | Jornadas Internacionales Interdisciplinarias (4th 1999 Río Cuarto, Argentina)",RECOVERED,WEB,ky_NplrZK9IC,Identidad e integración intercultural,"IV Jornadas Internacionales Interdisciplinarias del ICALA, 3-5 de noviembre de 1999, Río Cuarto, Argentina",Stipendienwerk Lateinamerika-Deutschland. Jornadas Internacionales del ICALA | Dorando J. Michelini,,,2000,,,1.0,1.0,100.0,https://books.google.com/books/content?id=ky_NplrZK9IC&printsec=frontcover&img=1&zoom=1&source=gbs_api,128,198,JPEG,data/cache/google-books-final-rescue-benchmark/covers/_books_OL16298365M__ky_NplrZK9IC.jpeg,fd0546476d20ef65e4d298d22313944a78dbafe7a0a75bd800c2938031d8628a,
/books/OL16592081M,ES,PROMISING,5,Poder y democracia alternativa,Héctor Ceballos Garibay,SEARCH_ERROR,WEB,,,,,,,,,,,,,,,,,,,HTTP_429
/books/OL17023207M,ES,PROMISING,5,Cultura de elites y cultura popular en Occidente (Edades Media y Moderna),"Jornadas de Estudios Históricos sobre Cultura, Educación y Sociedad en Europa y América (1st 1999 Bilbao, Spain).",NO_MATCHING_VOLUME,WEB,,,,,,,,,,,,,,,,,,,
/books/OL19376304M,ES,PROMISING,5,Pórtico a la ciencia y a la técnica del Renacimiento,Universidad De Salamanca. Centro De Investigaciones Lingüísticas,NO_MATCHING_VOLUME,WEB,,,,,,,,,,,,,,,,,,,
/books/OL20336594M,ES,PROMISING,5,Cidade dos artistas,Raquel Paiva,RECOVERED,WEB,3EOZ41BH0vIC,Cidade Dos Artistas,,Raquel Paiva | Muniz Sodré,,Mauad Editora Ltda,2004,,,1.0,1.0,100.0,https://books.google.com/books/content?id=3EOZ41BH0vIC&printsec=frontcover&img=1&zoom=1&edge=curl&source=gbs_api,128,205,JPEG,data/cache/google-books-final-rescue-benchmark/covers/_books_OL20336594M__3EOZ41BH0vIC.jpeg,83c23a7ba03133808c3ea76c5de50c19bfc6d5ab37d26e62ea0b546ecc4fe29b,
/books/OL22105050M,ES,PROMISING,5,Del diseño,Yves Zimmermann,NO_MATCHING_VOLUME,WEB,,,,,,,,,,,,,,,,,,,
/books/OL22682238M,ES,PROMISING,5,Cautivas,Gabriela Saidon,SEARCH_ERROR,WEB,,,,,,,,,,,,,,,,,,,HTTP_429
/books/OL23619271M,ES,PROMISING,5,"Fe, arte y cultura",Tex.) Museo Casa Estudio Diego Rivera y Frida Kahlo; Mexic-Arte Museum (Austin,NO_MATCHING_VOLUME,WEB,,,,,,,,,,,,,,,,,,,
/books/OL3755233M,ES,PROMISING,5,Mujer y dinero,Celia Catalina Esplugas,NO_MATCHING_VOLUME,WEB,,,,,,,,,,,,,,,,,,,
/books/OL10457208M,FR,PROMISING,5,Le Petit Prince (The Little Prince) in French / Boxed Edition with book and CD,Antoine de Saint-Exupéry,NO_MATCHING_VOLUME,WEB,,,,,,,,,,,,,,,,,,,
/books/OL11416869M,FR,PROMISING,5,Réaliser La Scolarisation Primaire Universelle En 2015,Alain Mingat | Barbara Bruns | Ramahatra Rakotomalala,NO_MATCHING_VOLUME,WEB,,,,,,,,,,,,,,,,,,,
/books/OL12387016M,FR,STRONG,7,La Malédiction des maths,Jon Scieszka,NO_MATCHING_VOLUME,WEB,,,,,,,,,,,,,,,,,,,
/books/OL12623046M,FR,PROMISING,5,Kitabat Juzif Mughayzil,Juzif Mughayzil,NO_MATCHING_VOLUME,WEB,,,,,,,,,,,,,,,,,,,
/books/OL12633192M,FR,PROMISING,5,"Le Droit, l'informatique et l'arbitraire",Bousez,NO_MATCHING_VOLUME,WEB,,,,,,,,,,,,,,,,,,,
/books/OL12634077M,FR,PROMISING,5,Lettres édifiantes et curieuses des jésuites de l'Inde au XVIIIe siècle,Vissiere,NO_MATCHING_VOLUME,WEB,,,,,,,,,,,,,,,,,,,
/books/OL12642695M,FR,PROMISING,5,Du chaos dans le pinceau,Victor Hugo | Marie-Laure Prévost | Jean-Jacques Lebel,NO_MATCHING_VOLUME,WEB,,,,,,,,,,,,,,,,,,,
/books/OL12652097M,FR,PROMISING,5,Awe! Artis Blong Tude,Ralph Regenvanu,NO_VALID_PHYSICAL_COVER,WEB,,,,,,,,,,,,,,,,,,,
/books/OL12660297M,FR,PROMISING,5,Naissance De La Science Dans L'italie Antique Et Moderne,Luigi Di Poli,NO_MATCHING_VOLUME,WEB,,,,,,,,,,,,,,,,,,,
/books/OL12849660M,FR,PROMISING,5,Les reliefs rupestres d'Elymaïde (Iran) de l'époque parthe.,Vanden Berghe L.,NO_MATCHING_VOLUME,WEB,,,,,,,,,,,,,,,,,,,
/books/OL13246702M,FR,PROMISING,5,Suivez Moi,Rosemary Haigh | C. Pulver,NO_MATCHING_VOLUME,WEB,,,,,,,,,,,,,,,,,,,
/books/OL13434864M,FR,PROMISING,5,Chiasmi International 7,"Mauro Carbone, Leonard Lawlor Renaud Barbaras",NO_MATCHING_VOLUME,WEB,,,,,,,,,,,,,,,,,,,
/books/OL13638595M,FR,PROMISING,5,Hors jeu,Bertrand Guillot,NO_MATCHING_VOLUME,WEB,,,,,,,,,,,,,,,,,,,
/books/OL14659347M,FR,PROMISING,5,Un brin de fantaisie,Canadian Museum of Civilization,NO_VALID_PHYSICAL_COVER,WEB,,,,,,,,,,,,,,,,,,,
/books/OL14719388M,FR,PROMISING,5,"École du meuble, 1930-1950",Musée des arts décoratifs de Montréal.,NO_MATCHING_VOLUME,WEB,,,,,,,,,,,,,,,,,,,
/books/OL14787986M,FR,PROMISING,5,Tradition et révolution,Rédha Malek,RECOVERED,WEB,iiYqAQAAIAAJ,Tradition et révolution,le véritable enjeu,Rédha Malek,,,1991,,,1.0,1.0,100.0,https://books.google.com/books/content?id=iiYqAQAAIAAJ&printsec=frontcover&img=1&zoom=1&source=gbs_api,128,198,JPEG,data/cache/google-books-final-rescue-benchmark/covers/_books_OL14787986M__iiYqAQAAIAAJ.jpeg,9e451534bd5e5e043c1a548e1cd0fd1fb68f255b7f2a4f87aa2ab1558007c837,
/books/OL15109628M,FR,PROMISING,5,Pratiques sociales et théories,Gérald Berthoud,RECOVERED,WEB,4FSbtLmpvtAC,Pratiques sociales et théories,les discordes des universitaires,Gérald Berthoud | Giovanni Busino,,Librairie Droz,1995,,,1.0,1.0,100.0,https://books.google.com/books/content?id=4FSbtLmpvtAC&printsec=frontcover&img=1&zoom=1&edge=curl&source=gbs_api,128,197,JPEG,data/cache/google-books-final-rescue-benchmark/covers/_books_OL15109628M__4FSbtLmpvtAC.jpeg,9a59356c6a067863db2e6cccb3087550d104127e98b9bdfc7ca10656d9ca0e66,
/books/OL15237347M,FR,PROMISING,5,Le meuble bourgeois en France,Guillaume Janneau,NO_VALID_PHYSICAL_COVER,WEB,,,,,,,,,,,,,,,,,,,
/books/OL15436345M,FR,PROMISING,5,"Jules, le petit camion rouge",François Ladouceur,NO_MATCHING_VOLUME,WEB,,,,,,,,,,,,,,,,,,,
/books/OL16033025M,FR,PROMISING,5,Poof Poof fait du ski,Sally G. Hahn,NO_MATCHING_VOLUME,WEB,,,,,,,,,,,,,,,,,,,
/books/OL16175979M,FR,PROMISING,5,Un enfant à Bethléem,Céline Larose,NO_MATCHING_VOLUME,WEB,,,,,,,,,,,,,,,,,,,
/books/OL16218075M,FR,PROMISING,5,Instituer des savoirs d'Etat,Corinne Delmas,RECOVERED,WEB,MpVzDgAAQBAJ,Instituer des savoirs d'Etat,L'Académie des sciences morales et politiques au XIXème siècle,Corinne Delmas,,Editions L'Harmattan,2006-09-01,,,1.0,1.0,100.0,https://books.google.com/books/content?id=MpVzDgAAQBAJ&printsec=frontcover&img=1&zoom=1&edge=curl&source=gbs_api,128,209,JPEG,data/cache/google-books-final-rescue-benchmark/covers/_books_OL16218075M__MpVzDgAAQBAJ.jpeg,1a63f285cdf3230fe5436928b89f0048fa37100d548d17beaf5e2d5988817ff5,
/books/OL16270249M,FR,PROMISING,5,Affaires d'argent dans la correspondance de Cicéron,Marina Ioannatou,RECOVERED,WEB,XdaRAAAAMAAJ,Affaires d'argent dans la correspondance de Cicéron,l'aristocratie sénatoriale face à ses dettes,Marina Ioannatou,,Editions De Boccard,2006,,,1.0,1.0,100.0,https://books.google.com/books/content?id=XdaRAAAAMAAJ&printsec=frontcover&img=1&zoom=1&source=gbs_api,128,198,JPEG,data/cache/google-books-final-rescue-benchmark/covers/_books_OL16270249M__XdaRAAAAMAAJ.jpeg,1115099d09363f3d8205d09ecefc1bd7374c0354788b3a2372b1715ec153bd22,
/books/OL16328308M,FR,PROMISING,5,Infiltration,Sophie Malka,NO_MATCHING_VOLUME,WEB,,,,,,,,,,,,,,,,,,,
/books/OL16487038M,FR,PROMISING,5,Globe-painter,Julien Malland,NO_MATCHING_VOLUME,WEB,,,,,,,,,,,,,,,,,,,
/books/OL16641750M,FR,PROMISING,5,Maman et le chat,Shirley Lalonde,NO_MATCHING_VOLUME,WEB,,,,,,,,,,,,,,,,,,,
/books/OL16748777M,FR,PROMISING,5,Rencontres au sommet,Michael Gama,RECOVERED,WEB,tBrqEAAAQBAJ,Rencontres au sommet,,Michael Gama,,De retour sur l'Altiplano,2023-12-19,,,1.0,1.0,100.0,https://books.google.com/books/content?id=tBrqEAAAQBAJ&printsec=frontcover&img=1&zoom=1&edge=curl&source=gbs_api,128,206,JPEG,data/cache/google-books-final-rescue-benchmark/covers/_books_OL16748777M__tBrqEAAAQBAJ.jpeg,6950d085a1c038d592c7737b1a8767fcab7241887b9c36b1592d8069495fe3a8,
/books/OL16978156M,FR,PROMISING,5,Drôles de jeux d'adulte!,Friedrich-Ebert-Stiftung,NO_MATCHING_VOLUME,WEB,,,,,,,,,,,,,,,,,,,
/books/OL17359843M,FR,PROMISING,5,Naissance de la conscience romantique au siècle des lumières.,Georges Gusdorf,NO_MATCHING_VOLUME,WEB,,,,,,,,,,,,,,,,,,,
/books/OL18089357M,FR,PROMISING,5,"Les naturAS : sciences de la nature, 5",Estelle Lacoursière,NO_MATCHING_VOLUME,WEB,,,,,,,,,,,,,,,,,,,
/books/OL18206549M,FR,PROMISING,5,"L' amour, la fantasia","Djebar, Assia",NO_MATCHING_VOLUME,WEB,,,,,,,,,,,,,,,,,,,
/books/OL18485883M,FR,PROMISING,5,Construire des mondes,"Colloque ""Construire des mondes: élites et structuration de l'espace en Méditerranée depuis l'époque moderne jusqu'à nos jours"" (2001 Aix-en-Provence, France)",NO_MATCHING_VOLUME,WEB,,,,,,,,,,,,,,,,,,,
/books/OL18665676M,FR,PROMISING,5,Pic-mots,Robert R. Préfontaine,NO_MATCHING_VOLUME,WEB,,,,,,,,,,,,,,,,,,,
/books/OL18949638M,FR,PROMISING,5,"Une femme blanche à la baie James, 1913-1916",Étiennette Bouchard-Pedneault,NO_MATCHING_VOLUME,WEB,,,,,,,,,,,,,,,,,,,
/books/OL19157849M,FR,PROMISING,5,"Nancy, architecture 1900",Francis Roussel,RECOVERED,WEB,A29IAQAAIAAJ,"Nancy, architecture 1900: De la rue Foch à la rue Louis Majorelle",,Francis Roussel,,,1992,,,0.96,1.0,97.6,https://books.google.com/books/content?id=A29IAQAAIAAJ&printsec=frontcover&img=1&zoom=1&source=gbs_api,128,192,JPEG,data/cache/google-books-final-rescue-benchmark/covers/_books_OL19157849M__A29IAQAAIAAJ.jpeg,047aba029c088fbd1d3a7ee7de2bb542a1e2033b46b9dd214c9a8b5b7624f1e1,
/books/OL19227049M,FR,PROMISING,5,Second regard sur le Canada 6,Phyllis A. Arnold,NO_MATCHING_VOLUME,WEB,,,,,,,,,,,,,,,,,,,
/books/OL19270155M,FR,PROMISING,5,L' élite artiste,Nathalie Heinich,RECOVERED,WEB,NqdTDwAAQBAJ,L'élite artiste. Excellence et singularité en régime démocratique,,Nathalie Heinich,,Editions Gallimard,2018-04-11T00:00:00+02:00,,,0.96,1.0,97.6,https://books.google.com/books/content?id=NqdTDwAAQBAJ&printsec=frontcover&img=1&zoom=1&edge=curl&source=gbs_api,128,211,JPEG,data/cache/google-books-final-rescue-benchmark/covers/_books_OL19270155M__NqdTDwAAQBAJ.jpeg,b446378c22673cc0942d0200b00aaa92c5e813de0aa3270300e1073de6ae3acc,
/books/OL19455968M,FR,PROMISING,5,Voyage spirituel,"Musée Guimet (Paris, France)",NO_MATCHING_VOLUME,WEB,,,,,,,,,,,,,,,,,,,
/books/OL19563368M,FR,PROMISING,5,Le Crédit municipal de Lille,Alain Borderie,NO_VALID_PHYSICAL_COVER,WEB,,,,,,,,,,,,,,,,,,,
/books/OL19613622M,FR,STRONG,7,Permanence et fécondité de l'idéalisme allemand,Jean-Louis Vieillard-Baron,RECOVERED,WEB,9w4dC9-5JmsC,Permanence et fécondité de l'idéalisme allemand,,Jean-Louis Vieillard-Baron | Charles Kounkou,,Editions L'Harmattan,2007-11-01,,,1.0,1.0,100.0,https://books.google.com/books/content?id=9w4dC9-5JmsC&printsec=frontcover&img=1&zoom=1&edge=curl&source=gbs_api,128,203,JPEG,data/cache/google-books-final-rescue-benchmark/covers/_books_OL19613622M__9w4dC9-5JmsC.jpeg,7c072ea3f163ae62ed9d79d7e87d866e0fbe384fecc64d3888ce4fa52e3f6b5f,
/books/OL19694379M,FR,PROMISING,5,Dis-moi que tu m'aimes!,Wolinski.,NO_MATCHING_VOLUME,WEB,,,,,,,,,,,,,,,,,,,
/books/OL19783685M,FR,PROMISING,5,Le Havre : la visite,Françoise Cohen,NO_VALID_PHYSICAL_COVER,WEB,,,,,,,,,,,,,,,,,,,
/books/OL19858886M,FR,PROMISING,5,Les chansons de Gainsbourg,Serge Gainsbourg,RECOVERED,WEB,J9IbAQAAIAAJ,Les chansons de Gainsbourg,3 vol,Serge Gainsbourg,,,2006,,,1.0,1.0,100.0,https://books.google.com/books/content?id=J9IbAQAAIAAJ&printsec=frontcover&img=1&zoom=1&source=gbs_api,128,185,JPEG,data/cache/google-books-final-rescue-benchmark/covers/_books_OL19858886M__J9IbAQAAIAAJ.jpeg,6dca5afee3ceb905b4a3b9390dbd4411c0413ecaf420c54f6404f0e686ff22ce,
/books/OL20022067M,FR,PROMISING,5,Atlas régional du Québec et du Canada,Luce Deschênes Damian,NO_MATCHING_VOLUME,WEB,,,,,,,,,,,,,,,,,,,
/books/OL20095701M,FR,PROMISING,5,Le juge des enfants,Jean-Marie Baudouin,NO_MATCHING_VOLUME,WEB,,,,,,,,,,,,,,,,,,,
/books/OL20142649M,FR,PROMISING,5,L' analyse des formations sociales,Roberto Miguelez,NO_MATCHING_VOLUME,WEB,,,,,,,,,,,,,,,,,,,
/books/OL20307209M,FR,PROMISING,5,"Nauya, le petit esquimau",Yves Thériault,NO_MATCHING_VOLUME,WEB,,,,,,,,,,,,,,,,,,,
/books/OL20562937M,FR,PROMISING,5,Politique du jeune Hegel,Myriam Bienenstock,RECOVERED,WEB,LDFYDwAAQBAJ,Politique du jeune Hegel,Iéna (1801-1806),Myriam Bienenstock,,FeniXX,1992-01-01T00:00:00+01:00,,,1.0,1.0,100.0,https://books.google.com/books/content?id=LDFYDwAAQBAJ&printsec=frontcover&img=1&zoom=1&edge=curl&source=gbs_api,128,201,JPEG,data/cache/google-books-final-rescue-benchmark/covers/_books_OL20562937M__LDFYDwAAQBAJ.jpeg,34713cef506aa3952ff9637c61d7094e96b9dd8b0b8117947535cded7cb845f1,
/books/OL20707231M,FR,PROMISING,5,Philosophie de la musique,"Mazzini, Giuseppe",NO_MATCHING_VOLUME,WEB,,,,,,,,,,,,,,,,,,,
/books/OL20800226M,FR,PROMISING,5,"Félix Vallotton, 1865-1925",Félix Vallotton,RECOVERED,WEB,X79IAQAAIAAJ,L'oeuvre gravé de Félix Vallotton (1865-1925).,,Félix Vallotton | Louis Godefroy,,,1932,,,0.96,1.0,97.6,https://books.google.com/books/content?id=X79IAQAAIAAJ&printsec=frontcover&img=1&zoom=1&source=gbs_api,128,171,JPEG,data/cache/google-books-final-rescue-benchmark/covers/_books_OL20800226M__X79IAQAAIAAJ.jpeg,7b38b729cdd0834014417dbbc4530392372a773ef602fcc53a7755cdeab96f9c,
/books/OL20838379M,FR,PROMISING,5,Les examens de sciences et de mathématiques au secondaire,Québec (Province). Ministère de l'éducation.,NO_MATCHING_VOLUME,WEB,,,,,,,,,,,,,,,,,,,
/books/OL20952442M,FR,PROMISING,5,Le symbolisme dans les collections du Petit Palais,"Musée du Petit Palais (Paris, France)",RECOVERED,WEB,O6zpAAAAMAAJ,Le symbolisme dans les collections du Petit Palais,"Musée du Petit Palais, 21 octobre 1988-19 février 1989","Musée du Petit Palais (Paris, France)",,Paris Musées,1988,,,1.0,1.0,100.0,https://books.google.com/books/content?id=O6zpAAAAMAAJ&printsec=frontcover&img=1&zoom=1&source=gbs_api,128,178,JPEG,data/cache/google-books-final-rescue-benchmark/covers/_books_OL20952442M__O6zpAAAAMAAJ.jpeg,b22327e0b5c692895a9597188ad43e28c18267def6e0b3a798b9bacc2ba36a26,
/books/OL21022118M,FR,PROMISING,5,Les histoires générales de l'art,Carol Doyon,NO_MATCHING_VOLUME,WEB,,,,,,,,,,,,,,,,,,,
/books/OL21134481M,FR,PROMISING,5,Petite vie de Jean-Jacques Olier,Bernard Pitaud,NO_MATCHING_VOLUME,WEB,,,,,,,,,,,,,,,,,,,
/books/OL2127302M,FR,PROMISING,5,De Raphaël à Corot,Museu de Arte de São Paulo Assis Chateaubriand.,NO_VALID_PHYSICAL_COVER,WEB,,,,,,,,,,,,,,,,,,,
/books/OL21363660M,FR,PROMISING,5,L' architecture des templiers,Élie Lambert,NO_MATCHING_VOLUME,WEB,,,,,,,,,,,,,,,,,,,
/books/OL21470052M,FR,PROMISING,5,"Giuseppe Castiglione, dit Lang Shining, 1688-1766",Giuseppe Castiglione,NO_MATCHING_VOLUME,WEB,,,,,,,,,,,,,,,,,,,
/books/OL21551078M,FR,PROMISING,5,Etudes sur le symbolisme de la Sagesse et sur l'iconographie,Marie-Thérèse d' Alverny,RECOVERED,WEB,43AQAQAAIAAJ,Etudes sur le symbolisme de la Sagesse et sur l'iconographie,,Marie-Thérèse d' Alverny,,Variorum Publishing,1993,,,1.0,1.0,100.0,https://books.google.com/books/content?id=43AQAQAAIAAJ&printsec=frontcover&img=1&zoom=1&source=gbs_api,128,192,JPEG,data/cache/google-books-final-rescue-benchmark/covers/_books_OL21551078M__43AQAQAAIAAJ.jpeg,3cbf794c404b687daaa1b4439609313c41e65d70576e643b57d10703b03331f5,
/books/OL21612846M,FR,PROMISING,5,"Scienti-jeux, L'espace",Marcel Thouin,NO_MATCHING_VOLUME,WEB,,,,,,,,,,,,,,,,,,,
/books/OL21624706M,FR,PROMISING,5,L' Asie française,Henri Servien,NO_MATCHING_VOLUME,WEB,,,,,,,,,,,,,,,,,,,
/books/OL21789026M,FR,PROMISING,5,Un monde sans élites,Michel Guénaire,RECOVERED,WEB,z9ZjwW20w40C,Un monde sans élites,,Michel Guénaire,,Grasset,2014-04-01,,,1.0,1.0,100.0,https://books.google.com/books/content?id=z9ZjwW20w40C&printsec=frontcover&img=1&zoom=1&edge=curl&source=gbs_api,128,205,JPEG,data/cache/google-books-final-rescue-benchmark/covers/_books_OL21789026M__z9ZjwW20w40C.jpeg,9eeb88a43429b5bef3ec65cdeee06d2ba256e34cc1ce8bd703ce15ed54d26c20,
/books/OL21799446M,FR,PROMISING,5,Dieux et démons de l'Himâlaya,"Grand Palais, Paris.",NO_MATCHING_VOLUME,WEB,,,,,,,,,,,,,,,,,,,
/books/OL21900690M,FR,PROMISING,5,Les grandes menaces,Marie-Hélène Jarry,NO_MATCHING_VOLUME,WEB,,,,,,,,,,,,,,,,,,,
/books/OL22140319M,FR,PROMISING,5,Faut-il faire des enfants,Bruno Jay,NO_MATCHING_VOLUME,WEB,,,,,,,,,,,,,,,,,,,
/books/OL22177890M,FR,PROMISING,5,Isolement et mesures disciplinaires dans les centres de réadaptation pour jeunes,Julie Desrosiers,NO_MATCHING_VOLUME,WEB,,,,,,,,,,,,,,,,,,,
/books/OL22232924M,FR,PROMISING,5,"Die u, yahweh allâh",Katia Mrowiec,NO_MATCHING_VOLUME,WEB,,,,,,,,,,,,,,,,,,,
/books/OL22387563M,FR,PROMISING,5,Barry Flanagan,Barry Flanagan,RECOVERED,WEB,-NA2AQAAIAAJ,Barry Flanagan,"Sculpture : British Pavilion, Venice Biennale, 13 June-12 September 1982, Museum Haus Esters, Krefeld, 10 October-12 December 1982, Whitechapel Art Gallery, London, 7 January-20 February 1983",Barry Flanagan,,British,1982,,,1.0,1.0,100.0,https://books.google.com/books/content?id=-NA2AQAAIAAJ&printsec=frontcover&img=1&zoom=1&source=gbs_api,128,165,JPEG,data/cache/google-books-final-rescue-benchmark/covers/_books_OL22387563M__-NA2AQAAIAAJ.jpeg,18305383c5501091141d6ffa1fb4103780d1005f5cecccd951c098e023e9f75e,
/books/OL22550390M,FR,PROMISING,5,Ernest Pignon-Ernest,Ernest Pignon-Ernest,RECOVERED,WEB,BqxIAQAAIAAJ,Ernest Pignon-Ernest,situation ingresque,Ernest Pignon-Ernest | Pierre-Marc de Biasi | Musée Ingres,,Actes Sud,2007,,,1.0,1.0,100.0,https://books.google.com/books/content?id=BqxIAQAAIAAJ&printsec=frontcover&img=1&zoom=1&source=gbs_api,128,171,JPEG,data/cache/google-books-final-rescue-benchmark/covers/_books_OL22550390M__BqxIAQAAIAAJ.jpeg,57af6841ddc1a1622f06a5e0044f3fab37d6778305687193d7c6cfa800f29d02,
/books/OL22620290M,FR,PROMISING,5,"Rome, le prince et la cité",Stéphane Benoist,RECOVERED,WEB,Tuq8EQAAQBAJ,"Rome, le prince et la Cité",,Stéphane Benoist,,PUF,2015-04-20,,,1.0,1.0,100.0,https://books.google.com/books/content?id=Tuq8EQAAQBAJ&printsec=frontcover&img=1&zoom=1&edge=curl&source=gbs_api,128,185,JPEG,data/cache/google-books-final-rescue-benchmark/covers/_books_OL22620290M__Tuq8EQAAQBAJ.jpeg,6144f11a5e45a99aa18a9922a97ed5b6bfe342c0da169245cdc2bd84db88a3dd,
/books/OL22688369M,FR,STRONG,7,Traité à l'usage de mes potes de droite qui ont du mal à kiffer la France de Diam's,Matthieu Grimpret,NO_MATCHING_VOLUME,WEB,,,,,,,,,,,,,,,,,,,
/books/OL22854277M,FR,PROMISING,5,Gérard Schlosser,Bernard Noël,NO_MATCHING_VOLUME,WEB,,,,,,,,,,,,,,,,,,,
/books/OL23107754M,FR,PROMISING,5,Soleil d' hiver,Jorge Elías Luján,NO_MATCHING_VOLUME,WEB,,,,,,,,,,,,,,,,,,,
/books/OL23196587M,FR,PROMISING,5,La parallaxe,Slavoj Žižek,RECOVERED,WEB,zlO3NwAACAAJ,La parallaxe,,Slavoj Žižek,,,2008,,,1.0,1.0,100.0,https://books.google.com/books/content?id=zlO3NwAACAAJ&printsec=frontcover&img=1&zoom=1&source=gbs_api,128,196,JPEG,data/cache/google-books-final-rescue-benchmark/covers/_books_OL23196587M__zlO3NwAACAAJ.jpeg,fbbffb513bcd9142a14c4097ab25ae6f13e49a25f45abc51e750832c9ad47b9f,
/books/OL23531995M,FR,PROMISING,5,Le sable des chemins,Valère-Marie Marchand,NO_MATCHING_VOLUME,WEB,,,,,,,,,,,,,,,,,,,
/books/OL23637392M,FR,PROMISING,5,"Complexité, systémique et herméneutique",Gisèle Héllou,NO_MATCHING_VOLUME,WEB,,,,,,,,,,,,,,,,,,,
/books/OL24009985M,FR,PROMISING,5,Les dynasties normandes,Jean-Pierre Chaline,NO_MATCHING_VOLUME,WEB,,,,,,,,,,,,,,,,,,,
/books/OL24447507M,FR,PROMISING,5,Grandes écoles,Thomas Lebègue,RECOVERED,WEB,L10OAQAAMAAJ,Grandes écoles,la fin d'une exception française,Thomas Lebègue | Emmanuelle Walter,,,2008,,,1.0,1.0,100.0,https://books.google.com/books/content?id=L10OAQAAMAAJ&printsec=frontcover&img=1&zoom=1&source=gbs_api,128,196,JPEG,data/cache/google-books-final-rescue-benchmark/covers/_books_OL24447507M__L10OAQAAMAAJ.jpeg,c055f8b18546bdc738494f54c250ac09b27cd72cb7586a06ccfd70f722f47915,
/books/OL24556607M,FR,PROMISING,5,Autour de l'Espagne des validos (1598-1645),Christian Andres,NO_MATCHING_VOLUME,WEB,,,,,,,,,,,,,,,,,,,
/books/OL24841271M,FR,PROMISING,5,La classe-état algérienne 1962-2000,Rachid Ouaissa,RECOVERED,WEB,ebJEAQAAIAAJ,La classe-état algérienne 1962-2000,"une histoire du pouvoir algérien entre sous-développement, rente pétrolière et terrorisme",Rachid Ouaissa,,,2010,,,1.0,1.0,100.0,https://books.google.com/books/content?id=ebJEAQAAIAAJ&printsec=frontcover&img=1&zoom=1&source=gbs_api,128,214,JPEG,data/cache/google-books-final-rescue-benchmark/covers/_books_OL24841271M__ebJEAQAAIAAJ.jpeg,7e967e19c383fbbf104c4ec3e29cebb50b90b43178ed6fd3fde7c74a2de18a6f,
/books/OL24861385M,FR,STRONG,7,L'influence française dans la socialisation des élites féminines brésiliennes,Angela Xavier de Brito,RECOVERED,WEB,sVMY4vKs__IC,L'influence française dans la socialisation des élites féminines brésiliennes,Le collège Notre Dame de Sion à Rio de Janeiro,Angela Xavier De Brito,,Editions L'Harmattan,2010-10-01,,,1.0,1.0,100.0,https://books.google.com/books/content?id=sVMY4vKs__IC&printsec=frontcover&img=1&zoom=1&edge=curl&source=gbs_api,128,198,JPEG,data/cache/google-books-final-rescue-benchmark/covers/_books_OL24861385M__sVMY4vKs__IC.jpeg,33ecd2815927a06f1dae1c76acdecf55e5eb72ed6167b10e7e5419cd6c435788,
/books/OL24865401M,FR,PROMISING,5,Tireurs d'élites,Jean-Paul Brighelli,NO_MATCHING_VOLUME,WEB,,,,,,,,,,,,,,,,,,,
/books/OL25010917M,FR,PROMISING,5,Well begun is only half done,Vasileios Syros,NO_MATCHING_VOLUME,WEB,,,,,,,,,,,,,,,,,,,
/books/OL25063670M,FR,PROMISING,5,"Simone Weil, lectures politiques",Valérie Gérard,NO_MATCHING_VOLUME,WEB,,,,,,,,,,,,,,,,,,,
/books/OL25134285M,FR,PROMISING,5,Les nouveaux empires,Anne Salmon,NO_MATCHING_VOLUME,WEB,,,,,,,,,,,,,,,,,,,
/books/OL25213659M,FR,PROMISING,5,Graine de chef,Samba Niaré,NO_MATCHING_VOLUME,WEB,,,,,,,,,,,,,,,,,,,
/books/OL25285025M,FR,PROMISING,5,Cette obscure envie de perdre à gauche,Jean-Philippe Domecq,RECOVERED,WEB,rtReQpWn308C,Cette obscure envie de perdre à gauche,,Jean-Philippe Domecq,,Editions Denoël,2012-03-30,,,1.0,1.0,100.0,https://books.google.com/books/content?id=rtReQpWn308C&printsec=frontcover&img=1&zoom=1&source=gbs_api,128,222,JPEG,data/cache/google-books-final-rescue-benchmark/covers/_books_OL25285025M__rtReQpWn308C.jpeg,a55917a83fb0a6b01abdc50df7ee48ad51550dc671f795ab90d60dc7cf3b4ba3,
/books/OL25292846M,FR,STRONG,7,La gauche en France,André Ropert,RECOVERED,WEB,trMMGyM4YxQC,La gauche en France,historique d'un enlisement,André Ropert,,Editions L'Harmattan,2011,,,1.0,1.0,100.0,https://books.google.com/books/content?id=trMMGyM4YxQC&printsec=frontcover&img=1&zoom=1&edge=curl&source=gbs_api,128,205,JPEG,data/cache/google-books-final-rescue-benchmark/covers/_books_OL25292846M__trMMGyM4YxQC.jpeg,86c4e78c62ba2d795de8463e09b26397e41f2155c1ba689d96541618fde975a0,
/books/OL25319183M,FR,PROMISING,5,Le pouvoir,Philippe Guisard | Christelle Laizé,RECOVERED,WEB,7wr9EAAAQBAJ,"Cultures antiques. Le pouvoir. Diriger, commander, gouverner. Programme ENS 2021",,Philippe Guisard | collectif,,Editions Ellipses,2020-06-09,,,0.96,1.0,97.6,https://books.google.com/books/content?id=7wr9EAAAQBAJ&printsec=frontcover&img=1&zoom=1&edge=curl&source=gbs_api,128,185,JPEG,data/cache/google-books-final-rescue-benchmark/covers/_books_OL25319183M__7wr9EAAAQBAJ.jpeg,c4837aab0a0327648fa6f77e32f124caf5ad8652417d03242270606b2666b5de,
/books/OL25373740M,FR,PROMISING,5,"L'attrape-livres, ou, La vie très privée d'une maison d'édition",François Rivière,NO_MATCHING_VOLUME,WEB,,,,,,,,,,,,,,,,,,,
/books/OL26922506M,FR,PROMISING,5,À la recherche du temps perdu,Stéphane Heuet,RECOVERED,WEB,BUiVebnqwmcC,À la recherche du temps perdu,,Stéphane Heuet,,,1998,,,1.0,1.0,100.0,https://books.google.com/books/content?id=BUiVebnqwmcC&printsec=frontcover&img=1&zoom=1&source=gbs_api,128,182,JPEG,data/cache/google-books-final-rescue-benchmark/covers/_books_OL26922506M__BUiVebnqwmcC.jpeg,6e8dccdb0deef1f88b78d5cfb9198961c87d4661a69b4288f0d43e4353b4ce5c,
/books/OL28828232M,FR,PROMISING,5,Menace Sur la Glace,James Burks,SEARCH_ERROR,WEB,,,,,,,,,,,,,,,,,,,HTTP_429
/books/OL30452029M,FR,PROMISING,5,Téta,Farah Nehmé,NO_MATCHING_VOLUME,WEB,,,,,,,,,,,,,,,,,,,
/books/OL30670682M,FR,PROMISING,5,"Nyota, la fille du soleil",Emmanuel Kalombo L.,SEARCH_ERROR,WEB,,,,,,,,,,,,,,,,,,,HTTP_429
/books/OL30858083M,FR,PROMISING,5,Tintin,Olivier Roche,SEARCH_ERROR,WEB,,,,,,,,,,,,,,,,,,,HTTP_429
/books/OL31028167M,FR,PROMISING,5,Red Kit İstanbul'da,Korkut Erdur,NO_MATCHING_VOLUME,WEB,,,,,,,,,,,,,,,,,,,
/books/OL32114332M,FR,STRONG,7,L'alerte au feu,Steve Metzger,NO_MATCHING_VOLUME,WEB,,,,,,,,,,,,,,,,,,,
/books/OL3567934M,FR,PROMISING,5,Tudor theatre,Centre d'études supérieures de la Renaissance,RECOVERED,WEB,kWggAQAAIAAJ,Tudor Theatre: Emotion in the theatre,,Centre d'études supérieures de la Renaissance,,,1994,,,0.96,1.0,97.6,https://books.google.com/books/content?id=kWggAQAAIAAJ&printsec=frontcover&img=1&zoom=1&source=gbs_api,128,182,JPEG,data/cache/google-books-final-rescue-benchmark/covers/_books_OL3567934M__kWggAQAAIAAJ.jpeg,c546952cafedb0972aed790ce2db42dd2f2202db1ea0fb478117b7844dd4905a,
/books/OL44932131M,FR,PROMISING,5,Opere ermetiche,Ludovico Lazzarelli,RECOVERED,WEB,XekoAQAAIAAJ,Opere ermetiche,,Ludovico Lazzarelli,,,2009,,,1.0,1.0,100.0,https://books.google.com/books/content?id=XekoAQAAIAAJ&printsec=frontcover&img=1&zoom=1&source=gbs_api,128,181,JPEG,data/cache/google-books-final-rescue-benchmark/covers/_books_OL44932131M__XekoAQAAIAAJ.jpeg,54dc198bff636d1ea79ad3be723c759d8b442c39b4187e92bb25d3e245b4c9d4,
/books/OL5231654M,FR,PROMISING,5,Pouvoir et économie,François Perroux,SEARCH_ERROR,WEB,,,,,,,,,,,,,,,,,,,HTTP_429
/books/OL9013031M,FR,PROMISING,5,Etre Bilingue (Exploration),Georges Ludi | Georges Lüdi | Bernard Py,SEARCH_ERROR,WEB,,,,,,,,,,,,,,,,,,,HTTP_429
/books/OL12831221M,IT,PROMISING,5,Alchimie Famigliari,Anne Begenat-Neuschafer,NO_MATCHING_VOLUME,WEB,,,,,,,,,,,,,,,,,,,
/books/OL13428379M,IT,PROMISING,5,I colori dell'amicizia,Anna Silvia Bombi,NO_MATCHING_VOLUME,WEB,,,,,,,,,,,,,,,,,,,
/books/OL13429657M,IT,PROMISING,5,Federico Zeri. Diario Marchigiano 1948-1988,MANGANI G.,NO_MATCHING_VOLUME,WEB,,,,,,,,,,,,,,,,,,,
/books/OL13430179M,IT,PROMISING,5,Musei Capitolini,Capitoline Museum,NO_MATCHING_VOLUME,WEB,,,,,,,,,,,,,,,,,,,
/books/OL13431637M,IT,PROMISING,5,Popular Posters (Itinerari D'immagini),Nicoletta Citrini,NO_MATCHING_VOLUME,WEB,,,,,,,,,,,,,,,,,,,
/books/OL13434446M,IT,PROMISING,5,Gli Occhiali Presi Sul Serio,Romano Viola,NO_MATCHING_VOLUME,WEB,,,,,,,,,,,,,,,,,,,
/books/OL13435817M,IT,PROMISING,5,Winning with Words Workbook;Guide to the Effective Use of Language,Atkinson Comms.,NO_MATCHING_VOLUME,WEB,,,,,,,,,,,,,,,,,,,
/books/OL16247020M,IT,PROMISING,5,Scanavino e Crispolti,Rachele Ferrario,RECOVERED,WEB,r7RNAAAAYAAJ,Scanavino e Crispolti,carteggio 1957-1970 e altri scritti,Rachele Ferrario,,,2006,,,1.0,1.0,100.0,https://books.google.com/books/content?id=r7RNAAAAYAAJ&printsec=frontcover&img=1&zoom=1&source=gbs_api,128,188,JPEG,data/cache/google-books-final-rescue-benchmark/covers/_books_OL16247020M__r7RNAAAAYAAJ.jpeg,ec14b74ee22f5d6959ebd44028bd4596b5e296ff82645bcc04537c3311440e75,
/books/OL16513357M,IT,PROMISING,5,Os italianos no trópico,Manuel Correia de Oliveira Andrade,RECOVERED,WEB,YxN-AAAAMAAJ,Os italianos no trópico,presença italiana no norte e nordeste do Brasil,Manuel Correia de Oliveira Andrade,,,2002,,,1.0,1.0,100.0,https://books.google.com/books/content?id=YxN-AAAAMAAJ&printsec=frontcover&img=1&zoom=1&source=gbs_api,128,195,JPEG,data/cache/google-books-final-rescue-benchmark/covers/_books_OL16513357M__YxN-AAAAMAAJ.jpeg,bc30755beafb47af6fea434a84be9bd282c166664e45f58be1e5646f219394ad,
/books/OL16954553M,IT,PROMISING,5,Tempo novo,Ennio Concina,RECOVERED,WEB,fPVJAQAAIAAJ,Tempo novo,Venezia e il Quattrocento,Ennio Concina,,,2006,,,1.0,1.0,100.0,https://books.google.com/books/content?id=fPVJAQAAIAAJ&printsec=frontcover&img=1&zoom=1&source=gbs_api,128,179,JPEG,data/cache/google-books-final-rescue-benchmark/covers/_books_OL16954553M__fPVJAQAAIAAJ.jpeg,304d1dd99e839478153aa4b29db92caf7dc8a7b4fb4e12a1e64ab897f378841a,
/books/OL19156988M,IT,PROMISING,5,Il Cinquecento e il Seicento,Emma Bernini,RECOVERED,WEB,-xdJAQAAIAAJ,Il Cinquecento e il Seicento,,Emma Bernini | Roberta Rota,,,2001,,,1.0,1.0,100.0,https://books.google.com/books/content?id=-xdJAQAAIAAJ&printsec=frontcover&img=1&zoom=1&source=gbs_api,128,181,JPEG,data/cache/google-books-final-rescue-benchmark/covers/_books_OL19156988M__-xdJAQAAIAAJ.jpeg,7c2640a3bc67a5fb1aadf3f6ae02f925202cba67d23d784b0e5a050fa16f6a56,
/books/OL19639184M,IT,PROMISING,5,L' anello del re,Paola D'Alconzo,RECOVERED,WEB,fwNNAAAAYAAJ,L'anello del re,"tutela del patrimonio storico-artistico nel Regno di Napoli, 1734-1824",Paola D'Alconzo,,EDIFIR,1999,,,1.0,1.0,100.0,https://books.google.com/books/content?id=fwNNAAAAYAAJ&printsec=frontcover&img=1&zoom=1&source=gbs_api,128,188,JPEG,data/cache/google-books-final-rescue-benchmark/covers/_books_OL19639184M__fwNNAAAAYAAJ.jpeg,9c3febe9ab7404866928bd8a98e48508df412a7152a137bac758141c93f12b27,
/books/OL20114542M,IT,PROMISING,5,La resistenza al nazismo in Germania,Karl-Egon Lönne,NO_MATCHING_VOLUME,WEB,,,,,,,,,,,,,,,,,,,
/books/OL21056859M,IT,PROMISING,5,Polis tra realta e utopia,Maria Lia Guardini,NO_MATCHING_VOLUME,WEB,,,,,,,,,,,,,,,,,,,
/books/OL21641030M,IT,PROMISING,5,A servizio di Dio e del Santo Sepolcro,Elena Bellomo,RECOVERED,WEB,rIVoAAAAMAAJ,A servizio di Dio e del Santo Sepolcro,Caffaro e l'Oriente latino,Elena Bellomo,,,2003,,,1.0,1.0,100.0,https://books.google.com/books/content?id=rIVoAAAAMAAJ&printsec=frontcover&img=1&zoom=1&source=gbs_api,128,208,JPEG,data/cache/google-books-final-rescue-benchmark/covers/_books_OL21641030M__rIVoAAAAMAAJ.jpeg,496a760a597051b10566efa5685d0be9ba20ddb7d47fd764c460ff1bb57f5f0a,
/books/OL21731855M,IT,STRONG,7,Il monaco inglese,Valeria Montaldi,RECOVERED,WEB,J19lAAAAMAAJ,Il monaco inglese,,Valeria Montaldi,,,2006,,,1.0,1.0,100.0,https://books.google.com/books/content?id=J19lAAAAMAAJ&printsec=frontcover&img=1&zoom=1&source=gbs_api,128,202,JPEG,data/cache/google-books-final-rescue-benchmark/covers/_books_OL21731855M__J19lAAAAMAAJ.jpeg,e8138e62e5a620e9675312b6ea6fa4a60c9bcfc90657dbac89a4fa1fe236474e,
/books/OL22485678M,IT,PROMISING,5,MART,Mariella Poli,RECOVERED,WEB,mevrPQAACAAJ,MART,nascita di un museo,Mariella Poli,,Mondadori Electa,2004,,,1.0,1.0,100.0,https://books.google.com/books/content?id=mevrPQAACAAJ&printsec=frontcover&img=1&zoom=1&source=gbs_api,128,174,JPEG,data/cache/google-books-final-rescue-benchmark/covers/_books_OL22485678M__mevrPQAACAAJ.jpeg,aad8c0ac378b97a6bdd8d52cd082ea3d4f61ab9dd8fde9c1a4665012ea2cb010,
/books/OL23005662M,IT,PROMISING,5,1545,Antonio Forcellino,RECOVERED,WEB,CSpHAQAAIAAJ,1545,gli ultimi giorni del Rinascimento,Antonio Forcellino,,,2008,,,1.0,1.0,100.0,https://books.google.com/books/content?id=CSpHAQAAIAAJ&printsec=frontcover&img=1&zoom=1&source=gbs_api,128,188,JPEG,data/cache/google-books-final-rescue-benchmark/covers/_books_OL23005662M__CSpHAQAAIAAJ.jpeg,90785448c2bb11b43b4c9d6c3fd1f25407f3b2722fdbbe98955f78edeff36add,
/books/OL2951613M,IT,PROMISING,5,Opere scientifiche,René Descartes,NO_MATCHING_VOLUME,WEB,,,,,,,,,,,,,,,,,,,
/books/OL31582674M,IT,WEAK,4,A.R. Penck,A. R. Penck,RECOVERED,WEB,7hJJAQAAIAAJ,A.R. Penck,"standart weapons, standart models",A. R. Penck,,,1990,,,1.0,1.0,100.0,https://books.google.com/books/content?id=7hJJAQAAIAAJ&printsec=frontcover&img=1&zoom=1&source=gbs_api,128,193,JPEG,data/cache/google-books-final-rescue-benchmark/covers/_books_OL31582674M__7hJJAQAAIAAJ.jpeg,a96d39147d81d7ae1ee5bb3db4ec670a0d8a7ae855d6c65428b645d2cc246156,
/books/OL109811M,LA,PROMISING,5,"Res inauditae, incredulae",Antonio Stramaglia,RECOVERED,WEB,AI4mAQAAIAAJ,"Res inauditae, incredulae",storie di fantasmi nel mondo greco-latino,Antonio Stramaglia,,,1999,,,1.0,1.0,100.0,https://books.google.com/books/content?id=AI4mAQAAIAAJ&printsec=frontcover&img=1&zoom=1&source=gbs_api,128,178,JPEG,data/cache/google-books-final-rescue-benchmark/covers/_books_OL109811M__AI4mAQAAIAAJ.jpeg,e4c411ef7568d60461a81fd818dc90eba35a04308ac24d25c003e01869beb7c6,
/books/OL12823140M,LA,PROMISING,5,"Antiquitatum Romanarum quae supersunt, vol. I",Dionysius of Halicarnassus,NO_MATCHING_VOLUME,WEB,,,,,,,,,,,,,,,,,,,
/books/OL12823232M,LA,PROMISING,5,"Naturalis Historiae, vol. IV",Pliny the Elder,NO_MATCHING_VOLUME,WEB,,,,,,,,,,,,,,,,,,,
/books/OL12829494M,LA,PROMISING,5,Saeculum Pium,Katharina Rosenplenter,RECOVERED,WEB,1aeQAAAACAAJ,Saeculum Pium,die kirchlichen Bruderschaften in der Gesellschaftsordnung der Mark Brandenburg im Spätmittelalter,Katharina Rosenplenter,,Peter Lang Pub Incorporated,2003,,,1.0,1.0,100.0,https://books.google.com/books/content?id=1aeQAAAACAAJ&printsec=frontcover&img=1&zoom=1&source=gbs_api,128,182,JPEG,data/cache/google-books-final-rescue-benchmark/covers/_books_OL12829494M__1aeQAAAACAAJ.jpeg,0876b5c86da72ebec51f2d22a635957a5a079eb4b75d6b7a15b566a1bf7efa77,
/books/OL12849948M,LA,PROMISING,5,La deuxième controverse de Paris. Un chapitre dans la polémique entre chrétiens et juifs au Moyen-Age,Shatzmiller J.,NO_MATCHING_VOLUME,WEB,,,,,,,,,,,,,,,,,,,
/books/OL13312060M,LA,PROMISING,5,Studia Chronologica,Joan Gomez Pallares,NO_MATCHING_VOLUME,WEB,,,,,,,,,,,,,,,,,,,
/books/OL14420671M,LA,WEAK,2,The first six books of the Æneid,Publius Vergilius Maro,NO_MATCHING_VOLUME,WEB,,,,,,,,,,,,,,,,,,,
/books/OL17315669M,LA,PROMISING,5,Gesta Ernesti Ducis,Peter Christian Jacobsen | Peter Orth,NO_MATCHING_VOLUME,WEB,,,,,,,,,,,,,,,,,,,
/books/OL20964586M,LA,PROMISING,5,La vacanza fuori Roma del Papa Leone X e altri carmi scelti inediti,"Cantalicio, Giovanni Battista, d. 1515.",NO_MATCHING_VOLUME,WEB,,,,,,,,,,,,,,,,,,,
/books/OL306266M,LA,PROMISING,5,La voie du désir,J. F. Froger,NO_MATCHING_VOLUME,WEB,,,,,,,,,,,,,,,,,,,
/books/OL12698765M,NL,PROMISING,5,Die Architectura Von Hans Vredeman de Vries,Jochem Wolff,NO_MATCHING_VOLUME,WEB,,,,,,,,,,,,,,,,,,,
/books/OL12799563M,NL,STRONG,7,Van Amerika geleerd,Frank Inklaar,NO_MATCHING_VOLUME,WEB,,,,,,,,,,,,,,,,,,,
/books/OL12800260M,NL,PROMISING,5,Getuigen van de geschiedenis van het Nederlandse accountantsberoep,J. W Schoonderbeek,NO_MATCHING_VOLUME,WEB,,,,,,,,,,,,,,,,,,,
/books/OL12802787M,NL,PROMISING,5,Sociologische theorieen van sociale processen,J Vancoillie,NO_MATCHING_VOLUME,WEB,,,,,,,,,,,,,,,,,,,
/books/OL12803494M,NL,PROMISING,5,De zegenrijke heeren der wateren,Wim Ravesteijn,NO_MATCHING_VOLUME,WEB,,,,,,,,,,,,,,,,,,,
/books/OL12806830M,NL,PROMISING,5,Wetenschapsgeschiedenis In Perspectief.,B. En L.C. PALM Theunissen,NO_MATCHING_VOLUME,WEB,,,,,,,,,,,,,,,,,,,
/books/OL12808120M,NL,PROMISING,5,Tussen God en duivel,Govert J Buijs,NO_MATCHING_VOLUME,WEB,,,,,,,,,,,,,,,,,,,
/books/OL12845035M,NL,PROMISING,5,Grove Borstels,Marc Spruyt,NO_MATCHING_VOLUME,WEB,,,,,,,,,,,,,,,,,,,
/books/OL12847968M,NL,PROMISING,5,Uitgeschreven of afgeschreven?,Rik van Berkel,NO_MATCHING_VOLUME,WEB,,,,,,,,,,,,,,,,,,,
/books/OL12848741M,NL,PROMISING,5,Voor de jeugd van tegenwoordig,Jan-Paul Verkaik,NO_MATCHING_VOLUME,WEB,,,,,,,,,,,,,,,,,,,
/books/OL12849903M,NL,PROMISING,5,Over Brabant Geschreven. Handschriften En Archivalische Bronnen in de Tilburgse Universiteitsbibliotheek. Deel 2,Katholieke Universiteit Brabant,NO_MATCHING_VOLUME,WEB,,,,,,,,,,,,,,,,,,,
/books/OL12850576M,NL,PROMISING,5,Diamante Gedenkzuilen En Leerzaeme Voorbeelden,Lyckle Door De Vries,NO_MATCHING_VOLUME,WEB,,,,,,,,,,,,,,,,,,,
/books/OL12851797M,NL,PROMISING,5,"Zilver, brood en kogels voor de koning",Maurits Alexander Ebben,NO_MATCHING_VOLUME,WEB,,,,,,,,,,,,,,,,,,,
/books/OL14606278M,NL,PROMISING,5,Geschiedenis van beeldende vorming.,A Gerritse,NO_MATCHING_VOLUME,WEB,,,,,,,,,,,,,,,,,,,
/books/OL1490779M,NL,PROMISING,5,De wiekslag van hun geest,W. Otterspeer,NO_MATCHING_VOLUME,WEB,,,,,,,,,,,,,,,,,,,
/books/OL16279665M,NL,PROMISING,5,Het Muiderslot,Henk Boers,NO_MATCHING_VOLUME,WEB,,,,,,,,,,,,,,,,,,,
/books/OL16627003M,NL,PROMISING,5,Jan Cornelisz Vermeyen,Hendrik J. Horn,RECOVERED,WEB,kA3qAAAAMAAJ,"Jan Cornelisz Vermeyen, Painter of Charles V and His Conquest of Tunis","Paintings, Etchings, Drawings, Cartoons & Tapestries",Hendrik J. Horn,,Doornspijk : Davaco,1989,,,0.96,1.0,97.6,https://books.google.com/books/content?id=kA3qAAAAMAAJ&printsec=frontcover&img=1&zoom=1&source=gbs_api,128,179,JPEG,data/cache/google-books-final-rescue-benchmark/covers/_books_OL16627003M__kA3qAAAAMAAJ.jpeg,15b9235435915002efa998376bd0b2bf0c0584dc76ccd1db03dfcac853717239,
/books/OL16965873M,NL,PROMISING,5,"Uit de doeken, uit de kleren",Jo Sporck,NO_MATCHING_VOLUME,WEB,,,,,,,,,,,,,,,,,,,
/books/OL18429142M,NL,PROMISING,5,Neo tot deco,Ebeltje Hartkamp-Jonxis,SEARCH_ERROR,WEB,,,,,,,,,,,,,,,,,,,HTTP_429
/books/OL19083237M,NL,PROMISING,5,Cont(r)aminaties,Paul Cortois,NO_MATCHING_VOLUME,WEB,,,,,,,,,,,,,,,,,,,
/books/OL19430744M,NL,PROMISING,5,David Hume,Maaike Engelen,NO_MATCHING_VOLUME,WEB,,,,,,,,,,,,,,,,,,,
/books/OL19883703M,NL,PROMISING,5,Nietzsche als verteller,Elisabeth Maria J.T Weijers,NO_MATCHING_VOLUME,WEB,,,,,,,,,,,,,,,,,,,
/books/OL20338571M,NL,PROMISING,5,Bibliografie van Nederlands onderzoek naar middeleeuwse beeldende kunst en kunstnijverheid van 1997 tot en met 2001,Matthijs Ilsink,NO_MATCHING_VOLUME,WEB,,,,,,,,,,,,,,,,,,,
/books/OL20793081M,NL,PROMISING,5,Werkboek voor muziek van nu,Bernard van Beurden,NO_MATCHING_VOLUME,WEB,,,,,,,,,,,,,,,,,,,
/books/OL21272559M,NL,PROMISING,5,Stille waters,Ward Ruyslinck,SEARCH_ERROR,WEB,,,,,,,,,,,,,,,,,,,HTTP_503
/books/OL21640797M,NL,PROMISING,5,Isaac Israels,Isaac Lazarus Israels,RECOVERED,WEB,gjFHAQAAIAAJ,Isaac Israels,Hollands impressionist,Isaac Lazarus Israels | Saskia de Bodt,,,1999,,,1.0,1.0,100.0,https://books.google.com/books/content?id=gjFHAQAAIAAJ&printsec=frontcover&img=1&zoom=1&source=gbs_api,128,165,JPEG,data/cache/google-books-final-rescue-benchmark/covers/_books_OL21640797M__gjFHAQAAIAAJ.jpeg,84edcc8826d7ab1394b4c39b30deb1d66cbc31c952eaa2743a4d03115f75d143,
/books/OL21964996M,NL,PROMISING,5,Naar de sterren kijken,Jan Godderis,NO_MATCHING_VOLUME,WEB,,,,,,,,,,,,,,,,,,,
/books/OL22496258M,NL,PROMISING,5,De Hollandsche Spectator,Justus van Effen,RECOVERED,WEB,bgxWAAAAcAAJ,De Hollandsche Spectator,een bloemlezing van een en tachtig vertoogen,Justus van Effen,,,1889,,,1.0,1.0,100.0,https://books.google.com/books/content?id=bgxWAAAAcAAJ&printsec=frontcover&img=1&zoom=1&edge=curl&source=gbs_api,128,192,JPEG,data/cache/google-books-final-rescue-benchmark/covers/_books_OL22496258M__bgxWAAAAcAAJ.jpeg,3cdf61fcec19e9a40aa94f0f8a4e66212d1efd3a45060924cab32ae499af064f,
/books/OL22556048M,NL,PROMISING,5,Handhaven onder de nieuwe orde,Frank van Riet,NO_MATCHING_VOLUME,WEB,,,,,,,,,,,,,,,,,,,
/books/OL2285932M,NL,PROMISING,5,In de speeltuin Nederland,Paul Kapteyn,NO_MATCHING_VOLUME,WEB,,,,,,,,,,,,,,,,,,,
/books/OL23179512M,NL,PROMISING,5,"Goed, en waar schuilden de Rechtvaardige Rechters?",Christtian Stickx,SEARCH_ERROR,WEB,,,,,,,,,,,,,,,,,,,HTTP_429
/books/OL23578317M,NL,PROMISING,5,"J.H. van Heek,1873-1957",Wim H. Nijhof,RECOVERED,WEB,I9_gNwAACAAJ,"J.H. van Heek,1873-1957","Kunst, katoen en kastelen",Wim H. Nijhof,,,2008,,,1.0,1.0,100.0,https://books.google.com/books/content?id=I9_gNwAACAAJ&printsec=frontcover&img=1&zoom=1&source=gbs_api,128,179,JPEG,data/cache/google-books-final-rescue-benchmark/covers/_books_OL23578317M__I9_gNwAACAAJ.jpeg,be9c5f7ca94390c3d69ccf37888e2522e85e526b14a715d77a4ed389fe152436,
/books/OL24067439M,NL,PROMISING,5,Darwin of Bijbel,Jan de Koning,RECOVERED,WEB,qr9UPgAACAAJ,Darwin of Bijbel,weten of geloven? : een verzameling essays met als thema: past de bijbel van het jaar nul nog in het Darwin jaar 2009?,Jan de Koning,,,2009,,,1.0,1.0,100.0,https://books.google.com/books/content?id=qr9UPgAACAAJ&printsec=frontcover&img=1&zoom=1&source=gbs_api,128,205,JPEG,data/cache/google-books-final-rescue-benchmark/covers/_books_OL24067439M__qr9UPgAACAAJ.jpeg,7ae44a9cc866565cb77e4bd56e72734476bf12d52ac495d642825e89b329825c,
/books/OL25261042M,NL,PROMISING,5,Delinquente meisjes,Maria Slotboom,NO_MATCHING_VOLUME,WEB,,,,,,,,,,,,,,,,,,,
/books/OL25617641M,NL,STRONG,7,De publicatiefabriek,Ruud Abma,NO_MATCHING_VOLUME,WEB,,,,,,,,,,,,,,,,,,,
/books/OL2758244M,NL,PROMISING,5,Macht en tegenmacht,Louis Baeck,RECOVERED,WEB,uY4zAAAAIAAJ,Macht en tegenmacht,een socio-politieke visie op de wereld,Louis Baeck,,,1985,,,1.0,1.0,100.0,https://books.google.com/books/content?id=uY4zAAAAIAAJ&printsec=frontcover&img=1&zoom=1&source=gbs_api,128,205,JPEG,data/cache/google-books-final-rescue-benchmark/covers/_books_OL2758244M__uY4zAAAAIAAJ.jpeg,795f28a32d14f205e34a986177e5870e340f1f3c44e3e76de6b0ee819e714949,
/books/OL3521229M,NL,PROMISING,5,"De groten der aarde, of, Bentinck tegen Bentinck",Hella S. Haasse,NO_MATCHING_VOLUME,WEB,,,,,,,,,,,,,,,,,,,
/books/OL4344718M,NL,PROMISING,5,Wetenschapsbeoefening,Eugène Antoine Désiré Émile Carp,SEARCH_ERROR,WEB,,,,,,,,,,,,,,,,,,,HTTP_429
/books/OL4837544M,NL,PROMISING,5,Een rebel in de abdij.,Armand Boni,SEARCH_ERROR,WEB,,,,,,,,,,,,,,,,,,,HTTP_429
/books/OL876180M,NL,PROMISING,5,Vertelsels,Felix Timmermans,SEARCH_ERROR,WEB,,,,,,,,,,,,,,,,,,,HTTP_429
