language,category,policy_author,tier,max_selected,max_total,work_key,work_title,work_authors,author_score,first_publish_year,edition_key,edition_title,edition_subtitle,edition_languages,edition_title_score,isbn,publisher,publish_date,page_count,cover_id,cover_state,cover_width,cover_height,cover_format,cover_local_path,collection_flag,suspicious_flag,pre_cover_score,final_score,classification,classification_reason,selection_state,selection_reason
NL,TWENTIETH_CENTURY,Hella S. Haasse,1,10,15,/works/OL1348404W,Zwanen schieten,Hella S. Haasse,1.0000,1997,/books/OL405829M,Zwanen schieten,,dut,1.0000,9021464713,Querido,1997,,3743578,VALID_COVER,128,205,JPEG,data/cache/nl-mass-editorial-engine/covers/NL-OL405829M.jpeg,NO,NO,167.0000,201.0000,AUTO_ACCEPT,Strong author/title/language match and validated physical cover.,RESERVE,VALIDATED_AUTO_ACCEPT_NOT_NEEDED
NL,TWENTIETH_CENTURY,Maarten 't Hart,1,10,15,/works/OL719946W,Een deerne in lokkend postuur,Maarten 't Hart,1.0000,2000,/books/OL6839890M,Een deerne in lokkend postuur,persoonlijke kroniek 1999,dut,1.0000,9029521724,Arbeiderspers,2000,,6275782,VALID_COVER,149,250,JPEG,data/cache/nl-mass-editorial-engine/covers/NL-OL6839890M.jpeg,NO,NO,167.0000,201.0000,AUTO_ACCEPT,Strong author/title/language match and validated physical cover.,RESERVE,VALIDATED_AUTO_ACCEPT_NOT_NEEDED
NL,TWENTIETH_CENTURY,Maarten 't Hart,1,10,15,/works/OL719947W,Een havik onder Delft,Maarten 't Hart,1.0000,1992,/books/OL1306769M,Een havik onder Delft,polemische paukeslagen en andere kritische beschouwingen,dut,1.0000,9029520469,De Arbeiderspers,1992,,6275836,VALID_COVER,264,419,JPEG,data/cache/nl-mass-editorial-engine/covers/NL-OL1306769M.jpeg,NO,NO,167.0000,201.0000,AUTO_ACCEPT,Strong author/title/language match and validated physical cover.,RESERVE,VALIDATED_AUTO_ACCEPT_NOT_NEEDED
NL,TWENTIETH_CENTURY,Maarten 't Hart,1,10,15,/works/OL719962W,Een vlucht regenwulpen,Maarten 't Hart,1.0000,1978,/books/OL24922333M,Een vlucht regenwulpen,,dut,1.0000,9789029518215,De Arbeiderspers,1981,,6868785,VALID_COVER,314,500,JPEG,data/cache/nl-mass-editorial-engine/covers/NL-OL24922333M.jpeg,NO,NO,167.0000,201.0000,AUTO_ACCEPT,Strong author/title/language match and validated physical cover.,RESERVE,VALIDATED_AUTO_ACCEPT_NOT_NEEDED
NL,TWENTIETH_CENTURY,Maarten 't Hart,1,10,15,/works/OL17687739W,Het dovemansorendieet,Maarten 't Hart,1.0000,2007,/books/OL35325466M,Het dovemansorendieet,over zin en onzin van gewichtsverlies,dut,1.0000,9789029565813,De Arbeiderspers,2007,,12141201,VALID_COVER,297,500,JPEG,data/cache/nl-mass-editorial-engine/covers/NL-OL35325466M.jpeg,NO,NO,167.0000,201.0000,AUTO_ACCEPT,Strong author/title/language match and validated physical cover.,RESERVE,VALIDATED_AUTO_ACCEPT_NOT_NEEDED
NL,TWENTIETH_CENTURY,Maarten 't Hart,1,10,15,/works/OL719949W,Het eeuwige moment,Maarten 't Hart,1.0000,1983,/books/OL3268164M,Het  eeuwige moment,essays,dut,1.0000,9029518200,De Arbeiderspers,1983,,6275794,VALID_COVER,145,234,JPEG,data/cache/nl-mass-editorial-engine/covers/NL-OL3268164M.jpeg,NO,NO,167.0000,201.0000,AUTO_ACCEPT,Strong author/title/language match and validated physical cover.,RESERVE,VALIDATED_AUTO_ACCEPT_NOT_NEEDED
NL,TWENTIETH_CENTURY,Maarten 't Hart,1,10,15,/works/OL719950W,Het psalmenoproer,Maarten 't Hart,1.0000,2006,/books/OL16292541M,Het psalmenoproer,roman,dut,1.0000,9029564083,De Arbeiderspers,2006,,6276696,VALID_COVER,312,500,JPEG,data/cache/nl-mass-editorial-engine/covers/NL-OL16292541M.jpeg,NO,NO,167.0000,201.0000,AUTO_ACCEPT,Strong author/title/language match and validated physical cover.,RESERVE,VALIDATED_AUTO_ACCEPT_NOT_NEEDED
NL,TWENTIETH_CENTURY,Maarten 't Hart,1,10,15,/works/OL14904319W,Het roer kan nog zesmaal om,Maarten 't Hart,1.0000,1984,/books/OL2955405M,Het roer kan nog zesmaal om,,dut,1.0000,9029518197,De Arbeiderspers,1984,,6452318,VALID_COVER,303,500,JPEG,data/cache/nl-mass-editorial-engine/covers/NL-OL2955405M.jpeg,NO,NO,167.0000,201.0000,AUTO_ACCEPT,Strong author/title/language match and validated physical cover.,RESERVE,VALIDATED_AUTO_ACCEPT_NOT_NEEDED
NL,TWENTIETH_CENTURY,Maarten 't Hart,1,10,15,/works/OL719953W,Het vrome volk,Maarten 't Hart,1.0000,1974,/books/OL4834348M,Het vrome volk,verhalen,dut,1.0000,9029518731,De Arbeiderspers,1974,,6452297,VALID_COVER,317,500,JPEG,data/cache/nl-mass-editorial-engine/covers/NL-OL4834348M.jpeg,NO,NO,167.0000,201.0000,AUTO_ACCEPT,Strong author/title/language match and validated physical cover.,RESERVE,VALIDATED_AUTO_ACCEPT_NOT_NEEDED
NL,TWENTIETH_CENTURY,Maarten 't Hart,1,10,15,/works/OL719963W,Het woeden der gehele wereld,Maarten 't Hart,1.0000,1993,/books/OL1155826M,Het woeden der gehele wereld,roman,dut,1.0000,9029520248,Uitgeverij De Arbeiderspers,1993,,12651972,VALID_COVER,312,500,JPEG,data/cache/nl-mass-editorial-engine/covers/NL-OL1155826M.jpeg,NO,NO,167.0000,201.0000,AUTO_ACCEPT,Strong author/title/language match and validated physical cover.,RESERVE,VALIDATED_AUTO_ACCEPT_NOT_NEEDED
NL,TWENTIETH_CENTURY,Maarten 't Hart,1,10,15,/works/OL719954W,Ik had een wapenbroeder,Maarten 't Hart,1.0000,1973,/books/OL5495005M,Ik had een wapenbroeder,,dut,1.0000,9029518707,De Arbeiderspers,1973,,6452298,VALID_COVER,317,500,JPEG,data/cache/nl-mass-editorial-engine/covers/NL-OL5495005M.jpeg,NO,NO,167.0000,201.0000,AUTO_ACCEPT,Strong author/title/language match and validated physical cover.,RESERVE,VALIDATED_AUTO_ACCEPT_NOT_NEEDED
NL,TWENTIETH_CENTURY,Maarten 't Hart,1,10,15,/works/OL9096461W,Johann Sebastian Bach,Maarten 't Hart,1.0000,2000,/books/OL9097551M,Johann Sebastian Bach,,dut,1.0000,9029521872,Joan Records,2000,,6275853,VALID_COVER,146,233,JPEG,data/cache/nl-mass-editorial-engine/covers/NL-OL9097551M.jpeg,NO,NO,167.0000,201.0000,AUTO_ACCEPT,Strong author/title/language match and validated physical cover.,RESERVE,VALIDATED_AUTO_ACCEPT_NOT_NEEDED
NL,TWENTIETH_CENTURY,Maarten 't Hart,1,10,15,/works/OL15217309W,Laatste zomernacht,Maarten 't Hart,1.0000,1977,/books/OL24327144M,Laatste zomernacht,,dut,1.0000,9029518685,De Arbeiderspers,1977,,6452292,VALID_COVER,321,500,JPEG,data/cache/nl-mass-editorial-engine/covers/NL-OL24327144M.jpeg,NO,NO,167.0000,201.0000,AUTO_ACCEPT,Strong author/title/language match and validated physical cover.,RESERVE,VALIDATED_AUTO_ACCEPT_NOT_NEEDED
NL,TWENTIETH_CENTURY,Maarten 't Hart,1,10,15,/works/OL719955W,Maarten 't Hart,Maarten 't Hart,1.0000,1985,/books/OL2763243M,Maarten 't Hart,uit en over zijn werk,dut,1.0000,9029536128,Arbeiderspers,1985,,6275873,VALID_COVER,140,224,JPEG,data/cache/nl-mass-editorial-engine/covers/NL-OL2763243M.jpeg,NO,NO,167.0000,201.0000,AUTO_ACCEPT,Strong author/title/language match and validated physical cover.,RESERVE,VALIDATED_AUTO_ACCEPT_NOT_NEEDED
NL,TWENTIETH_CENTURY,Maarten 't Hart,1,10,15,/works/OL17092729W,Magdalena,Maarten 't Hart,1.0000,2015,/books/OL30855034M,Magdalena,,dut,1.0000,9789029538558,Uitgeverij De Arbeiderspers,2015,,12990289,VALID_COVER,310,500,JPEG,data/cache/nl-mass-editorial-engine/covers/NL-OL30855034M.jpeg,NO,NO,167.0000,201.0000,AUTO_ACCEPT,Strong author/title/language match and validated physical cover.,RESERVE,VALIDATED_AUTO_ACCEPT_NOT_NEEDED
NL,TWENTIETH_CENTURY,Maarten 't Hart,1,10,15,/works/OL719956W,Mammoet op zondag,Maarten 't Hart,1.0000,1977,/books/OL4650339M,Mammoet op zondag,verhalen,dut,1.0000,9029518693,De Arbeiderspers,1977,,6732275,VALID_COVER,319,500,JPEG,data/cache/nl-mass-editorial-engine/covers/NL-OL4650339M.jpeg,NO,NO,167.0000,201.0000,AUTO_ACCEPT,Strong author/title/language match and validated physical cover.,RESERVE,VALIDATED_AUTO_ACCEPT_NOT_NEEDED
NL,TWENTIETH_CENTURY,Maarten 't Hart,1,10,15,/works/OL15176486W,November,Maarten 't Hart,1.0000,1979,/books/OL24327282M,November,,dut,1.0000,9027492352,Het Spectrum,1979,,6452359,VALID_COVER,318,500,JPEG,data/cache/nl-mass-editorial-engine/covers/NL-OL24327282M.jpeg,NO,NO,167.0000,201.0000,AUTO_ACCEPT,Strong author/title/language match and validated physical cover.,RESERVE,VALIDATED_AUTO_ACCEPT_NOT_NEEDED
NL,TWENTIETH_CENTURY,Maarten 't Hart,1,10,15,/works/OL9071741W,Onder de korenmaat,Maarten 't Hart,1.0000,1991,/books/OL9097548M,Onder de korenmaat,roman,dut,1.0000,9789029520454,De Arbeiderspers,1991,,6452314,VALID_COVER,314,500,JPEG,data/cache/nl-mass-editorial-engine/covers/NL-OL9097548M.jpeg,NO,NO,167.0000,201.0000,AUTO_ACCEPT,Strong author/title/language match and validated physical cover.,RESERVE,VALIDATED_AUTO_ACCEPT_NOT_NEEDED
NL,TWENTIETH_CENTURY,Maarten 't Hart,1,10,15,/works/OL719958W,Ongewenste zeereis,Maarten 't Hart,1.0000,1979,/books/OL4045405M,Ongewenste zeereis,"essays, al dan niet autobiografisch",dut,1.0000,9029518227,De Arbeiderspers,1979,,6276059,VALID_COVER,143,234,JPEG,data/cache/nl-mass-editorial-engine/covers/NL-OL4045405M.jpeg,NO,NO,167.0000,201.0000,AUTO_ACCEPT,Strong author/title/language match and validated physical cover.,RESERVE,VALIDATED_AUTO_ACCEPT_NOT_NEEDED
NL,TWENTIETH_CENTURY,Maarten 't Hart,1,10,15,/works/OL15217317W,Ratten,Maarten 't Hart,1.0000,1973,/books/OL24327145M,Ratten,"over het gedrag, de leefwijze en het leervermogen van de rat, over de rattenbestrijding en de rattenkoning : met enkele aanwijzingen voor het houden van de rat als huisdier",dut,1.0000,9062877508,Wetenschappelijke Uitgeverij,1973,,6452294,VALID_COVER,324,500,JPEG,data/cache/nl-mass-editorial-engine/covers/NL-OL24327145M.jpeg,NO,NO,167.0000,201.0000,AUTO_ACCEPT,Strong author/title/language match and validated physical cover.,RESERVE,VALIDATED_AUTO_ACCEPT_NOT_NEEDED
NL,TWENTIETH_CENTURY,Maarten 't Hart,1,10,15,/works/OL14904321W,Stenen voor een ransuil,Maarten 't Hart,1.0000,1978,/books/OL4357793M,Stenen voor een ransuil,,dut,1.0000,9029518723,De Arbeiderspers,1978,,6277068,VALID_COVER,142,246,JPEG,data/cache/nl-mass-editorial-engine/covers/NL-OL4357793M.jpeg,NO,NO,167.0000,201.0000,AUTO_ACCEPT,Strong author/title/language match and validated physical cover.,RESERVE,VALIDATED_AUTO_ACCEPT_NOT_NEEDED
NL,TWENTIETH_CENTURY,Maarten 't Hart,1,10,15,/works/OL719941W,Verhalen,Maarten 't Hart,1.0000,1987,/books/OL24629542M,Verhalen,,dut,1.0000,90717610371,IC/M-Rubinstein,1987,,6718072,VALID_COVER,335,500,JPEG,data/cache/nl-mass-editorial-engine/covers/NL-OL24629542M.jpeg,NO,NO,167.0000,201.0000,AUTO_ACCEPT,Strong author/title/language match and validated physical cover.,RESERVE,VALIDATED_AUTO_ACCEPT_NOT_NEEDED
NL,TWENTIETH_CENTURY,Maarten 't Hart,1,10,15,/works/OL34798696W,Verzamelde Verhalen,Maarten t Hart,1.0000,1992,/books/OL47150881M,Verzamelde Verhalen,,dut,1.0000,9789029520430,Arbeiderspers,"Mar 17, 1992",,13554197,VALID_COVER,167,257,JPEG,data/cache/nl-mass-editorial-engine/covers/NL-OL47150881M.jpeg,NO,NO,167.0000,201.0000,AUTO_ACCEPT,Strong author/title/language match and validated physical cover.,RESERVE,VALIDATED_AUTO_ACCEPT_NOT_NEEDED
NL,TWENTIETH_CENTURY,Maarten 't Hart,1,10,15,/works/OL2895296W,Wie God verlaat heeft niets te vrezen,Maarten 't Hart,1.0000,1997,/books/OL775067M,Wie God verlaat heeft niets te vrezen,de Schrift betwist,dut,1.0000,9029520795,De Arbeiderspers,1997,,6452335,VALID_COVER,314,500,JPEG,data/cache/nl-mass-editorial-engine/covers/NL-OL775067M.jpeg,NO,NO,167.0000,201.0000,AUTO_ACCEPT,Strong author/title/language match and validated physical cover.,RESERVE,VALIDATED_AUTO_ACCEPT_NOT_NEEDED
NL,DUTCH_FLEMISH_CANON,Marcellus Emants,1,5,8,/works/OL15347093W,Op zee,Marcellus Emants,1.0000,1983,/books/OL24334589M,Op zee,,dut,1.0000,9020453599,Veen,1983,,6461040,VALID_COVER,314,500,JPEG,data/cache/nl-mass-editorial-engine/covers/NL-OL24334589M.jpeg,NO,NO,167.0000,201.0000,AUTO_ACCEPT,Strong author/title/language match and validated physical cover.,RESERVE,VALIDATED_AUTO_ACCEPT_NOT_NEEDED
NL,DUTCH_FLEMISH_CANON,Marcellus Emants,1,5,8,/works/OL2349752W,Waan,Marcellus Emants,1.0000,1968,/books/OL24334594M,Waan,,dut,1.0000,9028201297,Van Oorschot,1977,,6461042,VALID_COVER,314,500,JPEG,data/cache/nl-mass-editorial-engine/covers/NL-OL24334594M.jpeg,NO,NO,167.0000,201.0000,AUTO_ACCEPT,Strong author/title/language match and validated physical cover.,RESERVE,VALIDATED_AUTO_ACCEPT_NOT_NEEDED
NL,YOUTH,Paul van Loon,1,10,15,/works/OL26181199W,Ik ben net als jij,Paul van Loon,1.0000,1999,/books/OL35330918M,Ik ben net als jij,,dut,1.0000,9789027642233,Zwijsen,1999,,12149615,VALID_COVER,305,500,JPEG,data/cache/nl-mass-editorial-engine/covers/NL-OL35330918M.jpeg,NO,NO,167.0000,201.0000,AUTO_ACCEPT,Strong author/title/language match and validated physical cover.,RESERVE,VALIDATED_AUTO_ACCEPT_NOT_NEEDED
NL,YOUTH,Paul van Loon,1,10,15,/works/OL2286364W,Meester kikker,Paul van Loon,1.0000,1995,/books/OL616308M,Meester kikker,,dut,1.0000,9066921463,Elzenga,1995,,12818451,VALID_COVER,338,500,JPEG,data/cache/nl-mass-editorial-engine/covers/NL-OL616308M.jpeg,NO,NO,167.0000,201.0000,AUTO_ACCEPT,Strong author/title/language match and validated physical cover.,RESERVE,VALIDATED_AUTO_ACCEPT_NOT_NEEDED
NL,YOUTH,Paul van Loon,1,10,15,/works/OL26178338W,"Niet bijten, Dolfje",Paul van Loon,1.0000,2005,/books/OL35327834M,"Niet bijten, Dolfje",,dut,1.0000,9789025844585,Leopold,2005,,12144921,VALID_COVER,329,500,JPEG,data/cache/nl-mass-editorial-engine/covers/NL-OL35327834M.jpeg,NO,NO,167.0000,201.0000,AUTO_ACCEPT,Strong author/title/language match and validated physical cover.,RESERVE,VALIDATED_AUTO_ACCEPT_NOT_NEEDED
NL,YOUTH,Paul van Loon,1,10,15,/works/OL26178989W,Nooit de buren bijten,Paul van Loon,1.0000,2000,/books/OL35328537M,Nooit de buren bijten,,dut,1.0000,9789066921511,Elzenga,2000,,12146016,VALID_COVER,304,500,JPEG,data/cache/nl-mass-editorial-engine/covers/NL-OL35328537M.jpeg,NO,NO,167.0000,201.0000,AUTO_ACCEPT,Strong author/title/language match and validated physical cover.,RESERVE,VALIDATED_AUTO_ACCEPT_NOT_NEEDED
NL,YOUTH,Paul van Loon,1,10,15,/works/OL24749628W,Paniek in de Leeuwenkuil,Paul van Loon,1.0000,2013,/books/OL32860318M,Paniek in de Leeuwenkuil,,dut,1.0000,9789025844349,Leopold,2013,,11493079,VALID_COVER,317,500,JPEG,data/cache/nl-mass-editorial-engine/covers/NL-OL32860318M.jpeg,NO,NO,167.0000,201.0000,AUTO_ACCEPT,Strong author/title/language match and validated physical cover.,RESERVE,VALIDATED_AUTO_ACCEPT_NOT_NEEDED
NL,YOUTH,Paul van Loon,1,10,15,/works/OL24809500W,Pas op voor een pad!,Paul van Loon,1.0000,2000,/books/OL32966919M,Pas op voor een pad!,,dut,1.0000,9789027644909,Zwijsen,2000,,11579124,VALID_COVER,307,500,JPEG,data/cache/nl-mass-editorial-engine/covers/NL-OL32966919M.jpeg,NO,NO,167.0000,201.0000,AUTO_ACCEPT,Strong author/title/language match and validated physical cover.,RESERVE,VALIDATED_AUTO_ACCEPT_NOT_NEEDED
NL,YOUTH,Paul van Loon,1,10,15,/works/OL20421257W,Raveleijn,Paul van Loon,1.0000,2011,/books/OL27642355M,Raveleijn,,dut,1.0000,9789025857813,Leopold | Efteling,"Mar 01, 2011",,9088450,VALID_COVER,339,500,JPEG,data/cache/nl-mass-editorial-engine/covers/NL-OL27642355M.jpeg,NO,NO,167.0000,201.0000,AUTO_ACCEPT,Strong author/title/language match and validated physical cover.,RESERVE,VALIDATED_AUTO_ACCEPT_NOT_NEEDED
NL,YOUTH,Paul van Loon,1,10,15,/works/OL9467844W,Sam Schoffel meester-speurder,Paul van Loon,1.0000,1998,/books/OL61305957M,Sam Schoffel meester-speurder,De drie allerleukste verhalen,dut,1.0000,9789027648655,Zwijsen,"January 1, 2003",,15169919,VALID_COVER,228,345,JPEG,data/cache/nl-mass-editorial-engine/covers/NL-OL61305957M.jpeg,NO,NO,167.0000,201.0000,AUTO_ACCEPT,Strong author/title/language match and validated physical cover.,RESERVE,VALIDATED_AUTO_ACCEPT_NOT_NEEDED
NL,YOUTH,Paul van Loon,1,10,15,/works/OL26185844W,Sammie en het snotmonster,Paul van Loon,1.0000,2010,/books/OL35335847M,Sammie en het snotmonster,,dut,1.0000,9789048707553,Zwijsen,2010,,12157921,VALID_COVER,353,500,JPEG,data/cache/nl-mass-editorial-engine/covers/NL-OL35335847M.jpeg,NO,NO,167.0000,201.0000,AUTO_ACCEPT,Strong author/title/language match and validated physical cover.,RESERVE,VALIDATED_AUTO_ACCEPT_NOT_NEEDED
NL,YOUTH,Paul van Loon,1,10,15,/works/OL24849946W,Schildpad ontvoerd,Paul van Loon,1.0000,1989,/books/OL33029014M,Schildpad ontvoerd,,dut,1.0000,9789027614339,Zwijsen,1989,,11709728,VALID_COVER,290,500,JPEG,data/cache/nl-mass-editorial-engine/covers/NL-OL33029014M.jpeg,NO,NO,167.0000,201.0000,AUTO_ACCEPT,Strong author/title/language match and validated physical cover.,RESERVE,VALIDATED_AUTO_ACCEPT_NOT_NEEDED
NL,YOUTH,Paul van Loon,1,10,15,/works/OL24421634W,Stoel loopt weg,Paul van Loon,1.0000,1997,/books/OL32347599M,Stoel loopt weg,,dut,1.0000,9789027636751,Zwijsen,1997,,10973883,VALID_COVER,300,500,JPEG,data/cache/nl-mass-editorial-engine/covers/NL-OL32347599M.jpeg,NO,NO,167.0000,201.0000,AUTO_ACCEPT,Strong author/title/language match and validated physical cover.,RESERVE,VALIDATED_AUTO_ACCEPT_NOT_NEEDED
NL,YOUTH,Paul van Loon,1,10,15,/works/OL26183459W,Stuurloos tussen de sterren,Paul van Loon,1.0000,2008,/books/OL35333337M,Stuurloos tussen de sterren,,dut,1.0000,9789027668790,Zwijsen,2008,,12153610,VALID_COVER,355,500,JPEG,data/cache/nl-mass-editorial-engine/covers/NL-OL35333337M.jpeg,NO,NO,167.0000,201.0000,AUTO_ACCEPT,Strong author/title/language match and validated physical cover.,RESERVE,VALIDATED_AUTO_ACCEPT_NOT_NEEDED
NL,YOUTH,Paul van Loon,1,10,15,/works/OL26185923W,Tilde de Wilde,Paul van Loon,1.0000,2008,/books/OL35335929M,Tilde de Wilde,,dut,1.0000,9789027668677,Zwijsen,2008,,12158083,VALID_COVER,347,500,JPEG,data/cache/nl-mass-editorial-engine/covers/NL-OL35335929M.jpeg,NO,NO,167.0000,201.0000,AUTO_ACCEPT,Strong author/title/language match and validated physical cover.,RESERVE,VALIDATED_AUTO_ACCEPT_NOT_NEEDED
NL,YOUTH,Paul van Loon,1,10,15,/works/OL26201941W,Volle maan,Paul van Loon,1.0000,2013,/books/OL35356318M,Volle maan,,dut,1.0000,9789025845858,Leopold,2013,,12198637,VALID_COVER,338,500,JPEG,data/cache/nl-mass-editorial-engine/covers/NL-OL35356318M.jpeg,NO,NO,167.0000,201.0000,AUTO_ACCEPT,Strong author/title/language match and validated physical cover.,RESERVE,VALIDATED_AUTO_ACCEPT_NOT_NEEDED
NL,YOUTH,Paul van Loon,1,10,15,/works/OL27682852W,Vrolijke snuiters,Paul van Loon,1.0000,2008,/books/OL37749606M,Vrolijke snuiters,,dut,1.0000,9789027668738,Zwijsen,2008,,12663217,VALID_COVER,344,500,JPEG,data/cache/nl-mass-editorial-engine/covers/NL-OL37749606M.jpeg,NO,NO,167.0000,201.0000,AUTO_ACCEPT,Strong author/title/language match and validated physical cover.,RESERVE,VALIDATED_AUTO_ACCEPT_NOT_NEEDED
NL,YOUTH,Paul van Loon,1,10,15,/works/OL24443101W,Wat hoor ik daar?,Paul van Loon,1.0000,2008,/books/OL32374774M,Wat hoor ik daar?,,dut,1.0000,9789027668653,Zwijsen,2008,,11031969,VALID_COVER,340,500,JPEG,data/cache/nl-mass-editorial-engine/covers/NL-OL32374774M.jpeg,NO,NO,167.0000,201.0000,AUTO_ACCEPT,Strong author/title/language match and validated physical cover.,RESERVE,VALIDATED_AUTO_ACCEPT_NOT_NEEDED
NL,YOUTH,Paul van Loon,1,10,15,/works/OL44924506W,Wij gaan op monsterjacht,Paul van Loon,1.0000,2025,/books/OL61305941M,Wij gaan op monsterjacht,,dut,1.0000,9789025889180,Leopold,"November 5, 2025",,15169917,VALID_COVER,420,500,JPEG,data/cache/nl-mass-editorial-engine/covers/NL-OL61305941M.jpeg,NO,NO,167.0000,201.0000,AUTO_ACCEPT,Strong author/title/language match and validated physical cover.,RESERVE,VALIDATED_AUTO_ACCEPT_NOT_NEEDED
NL,TWENTIETH_CENTURY,Maarten 't Hart,1,10,15,/works/OL9071733W,De steile helling (Grote ABC),Maarten 't Hart,1.0000,1988,/books/OL9097546M,De steile helling,,dut,0.9600,9789029519816,De Arbeiderspers,1988,,6452300,VALID_COVER,314,500,JPEG,data/cache/nl-mass-editorial-engine/covers/NL-OL9097546M.jpeg,NO,NO,166.2000,200.2000,AUTO_ACCEPT,Strong author/title/language match and validated physical cover.,RESERVE,VALIDATED_AUTO_ACCEPT_NOT_NEEDED
NL,YOUTH,Paul van Loon,1,10,15,/works/OL35411089W,Gevaarlijke tijden voor katten,Paul van Loon,1.0000,1997,/books/OL47834163M,Gevaarlijke tijden voor katten (Wachtwoord Dieren),,dut,0.9600,9789027639233,Zwijsen,1 January 1997,,15169913,VALID_COVER,302,475,JPEG,data/cache/nl-mass-editorial-engine/covers/NL-OL47834163M.jpeg,NO,NO,166.2000,200.2000,AUTO_ACCEPT,Strong author/title/language match and validated physical cover.,RESERVE,VALIDATED_AUTO_ACCEPT_NOT_NEEDED
NL,TWENTIETH_CENTURY,Maarten 't Hart,1,10,15,/works/OL16798167W,Maassluis,Maarten 't Hart,1.0000,,/books/OL25419748M,Maassluis,,dut,1.0000,9789085160915,B for Books,,,7244795,VALID_COVER,339,500,JPEG,data/cache/nl-mass-editorial-engine/covers/NL-OL25419748M.jpeg,NO,NO,163.0000,197.0000,AUTO_ACCEPT,Strong author/title/language match and validated physical cover.,RESERVE,VALIDATED_AUTO_ACCEPT_NOT_NEEDED
NL,DUTCH_FLEMISH_CANON,Frederik van Eeden,1,6,9,/works/OL15728261W,Van de passielooze leelie,Frederik van Eeden,1.0000,1920,/books/OL24644517M,Van de passielooze leelie,verzen,dut,1.0000,,W. Versluys,1920,,6745948,VALID_COVER,325,500,JPEG,data/cache/nl-mass-editorial-engine/covers/NL-OL24644517M.jpeg,NO,NO,161.0000,190.0000,AUTO_ACCEPT,Strong author/title/language match and validated physical cover.,RESERVE,VALIDATED_AUTO_ACCEPT_NOT_NEEDED
NL,TWENTIETH_CENTURY,Maarten 't Hart,1,10,15,/works/OL15216945W,Avondwandeling,Maarten 't Hart,1.0000,1976,/books/OL24327142M,Avondwandeling,,dut,1.0000,,BZZTôH,1976,,6452284,VALID_COVER,317,500,JPEG,data/cache/nl-mass-editorial-engine/covers/NL-OL24327142M.jpeg,NO,NO,161.0000,190.0000,AUTO_ACCEPT,Strong author/title/language match and validated physical cover.,RESERVE,VALIDATED_AUTO_ACCEPT_NOT_NEEDED
NL,TWENTIETH_CENTURY,Maarten 't Hart,1,10,15,/works/OL15176485W,De nagapers,Maarten 't Hart,1.0000,1986,/books/OL24308265M,De nagapers,,dut,1.0000,,Nederlandse Lezerskring Boek en Plaat,1986,,6433519,VALID_COVER,381,500,JPEG,data/cache/nl-mass-editorial-engine/covers/NL-OL24308265M.jpeg,NO,NO,161.0000,190.0000,AUTO_ACCEPT,Strong author/title/language match and validated physical cover.,RESERVE,VALIDATED_AUTO_ACCEPT_NOT_NEEDED
NL,TWENTIETH_CENTURY,Maarten 't Hart,1,10,15,/works/OL719938W,De steile helling,Maarten 't Hart,1.0000,1988,/books/OL2132888M,De steile helling,,dut,1.0000,,Arbeiderspers,1988,,6452299,VALID_COVER,314,500,JPEG,data/cache/nl-mass-editorial-engine/covers/NL-OL2132888M.jpeg,NO,NO,161.0000,190.0000,AUTO_ACCEPT,Strong author/title/language match and validated physical cover.,RESERVE,VALIDATED_AUTO_ACCEPT_NOT_NEEDED
NL,TWENTIETH_CENTURY,Maarten 't Hart,1,10,15,/works/OL15214964W,De vrĳwillige brandweer,Maarten 't Hart,1.0000,1991,/books/OL24327076M,De vrĳwillige brandweer,,dut,1.0000,,Koninklijke Nederlandse Brandweer Vereniging,1991,,6452272,VALID_COVER,500,499,JPEG,data/cache/nl-mass-editorial-engine/covers/NL-OL24327076M.jpeg,NO,NO,161.0000,190.0000,AUTO_ACCEPT,Strong author/title/language match and validated physical cover.,RESERVE,VALIDATED_AUTO_ACCEPT_NOT_NEEDED
NL,DUTCH_FLEMISH_CANON,Marcellus Emants,1,5,8,/works/OL15361232W,De krankzinnigheid die leven heet,Marcellus Emants | Abraham Elias d'Oliveira,1.0000,1982,/books/OL24347682M,De krankzinnigheid die leven heet,Marcellus Emants in gesprek met E. d'Oliveira,dut,1.0000,,De Hak,1982,,6463859,VALID_COVER,353,500,JPEG,data/cache/nl-mass-editorial-engine/covers/NL-OL24347682M.jpeg,NO,NO,161.0000,190.0000,AUTO_ACCEPT,Strong author/title/language match and validated physical cover.,RESERVE,VALIDATED_AUTO_ACCEPT_NOT_NEEDED
NL,DUTCH_FLEMISH_CANON,Marcellus Emants,1,5,8,/works/OL15166823W,Godenschemering,Marcellus Emants,1.0000,1885,/books/OL24331006M,Godenschemering,een gedicht,dut,1.0000,,Tjeenk Willink,1921,,6458120,VALID_COVER,325,500,JPEG,data/cache/nl-mass-editorial-engine/covers/NL-OL24331006M.jpeg,NO,NO,161.0000,190.0000,AUTO_ACCEPT,Strong author/title/language match and validated physical cover.,RESERVE,VALIDATED_AUTO_ACCEPT_NOT_NEEDED
NL,DUTCH_FLEMISH_CANON,Marcellus Emants,1,5,8,/works/OL2349744W,Lilith,Marcellus Emants,1.0000,1885,/books/OL24235778M,Lilith,gedicht in drie zangen,dut,1.0000,,Tjeenk Willink & Zoon,[1885],,6457990,VALID_COVER,326,500,JPEG,data/cache/nl-mass-editorial-engine/covers/NL-OL24235778M.jpeg,NO,NO,161.0000,190.0000,AUTO_ACCEPT,Strong author/title/language match and validated physical cover.,RESERVE,VALIDATED_AUTO_ACCEPT_NOT_NEEDED
NL,DUTCH_FLEMISH_CANON,Marcellus Emants,1,5,8,/works/OL15347153W,Onze onzalige erfenis,Marcellus Emants | Robert Nieuwenhuys,1.0000,1964,/books/OL24334599M,Onze onzalige erfenis,,dut,1.0000,,Van Oorschot,1964,,6461045,VALID_COVER,323,500,JPEG,data/cache/nl-mass-editorial-engine/covers/NL-OL24334599M.jpeg,NO,NO,161.0000,190.0000,AUTO_ACCEPT,Strong author/title/language match and validated physical cover.,RESERVE,VALIDATED_AUTO_ACCEPT_NOT_NEEDED
NL,DUTCH_FLEMISH_CANON,Marcellus Emants,1,5,8,/works/OL2349749W,Pro domo,Marcellus Emants,1.0000,1967,/books/OL5661251M,Pro domo,essays,dut,1.0000,,Van Oorschot,[1967],,6461193,VALID_COVER,297,500,JPEG,data/cache/nl-mass-editorial-engine/covers/NL-OL5661251M.jpeg,NO,NO,161.0000,190.0000,AUTO_ACCEPT,Strong author/title/language match and validated physical cover.,RESERVE,VALIDATED_AUTO_ACCEPT_NOT_NEEDED
NL,TWENTIETH_CENTURY,Remco Campert,1,8,12,/works/OL11820158W,Het gangstermeisje,Remco Campert,1.0000,1965,/books/OL25677596M,Het gangstermeisje,een roman,dut,1.0000,,De Bezige Bij,1965,,7347639,VALID_COVER,317,500,JPEG,data/cache/nl-mass-editorial-engine/covers/NL-OL25677596M.jpeg,NO,NO,161.0000,190.0000,AUTO_ACCEPT,Strong author/title/language match and validated physical cover.,RESERVE,VALIDATED_AUTO_ACCEPT_NOT_NEEDED
NL,DUTCH_FLEMISH_CANON,Simon Vestdijk,1,10,15,/works/OL15193551W,Fabels met kleurkrijt,Simon Vestdijk,1.0000,1956,/books/OL24326156M,Fabels met kleurkrijt,,dut,1.0000,,Athenaeum-Polak & Van Gennep,1980,,6451532,VALID_COVER,329,500,JPEG,data/cache/nl-mass-editorial-engine/covers/NL-OL24326156M.jpeg,NO,NO,161.0000,190.0000,AUTO_ACCEPT,Strong author/title/language match and validated physical cover.,RESERVE,VALIDATED_AUTO_ACCEPT_NOT_NEEDED
NL,DUTCH_FLEMISH_CANON,Simon Vestdijk,1,10,15,/works/OL812158W,Gallische facetten,Simon Vestdijk,1.0000,1968,/books/OL5667943M,Gallische facetten,"opstellen over: Constant, Proust, Giono, Radiguet, Simenon, Dupré, Jünger",dut,1.0000,,Bert Bakker/Daamen,1968,,6451426,VALID_COVER,327,500,JPEG,data/cache/nl-mass-editorial-engine/covers/NL-OL5667943M.jpeg,NO,NO,161.0000,190.0000,AUTO_ACCEPT,Strong author/title/language match and validated physical cover.,RESERVE,VALIDATED_AUTO_ACCEPT_NOT_NEEDED
NL,DUTCH_FLEMISH_CANON,Simon Vestdijk,1,10,15,/works/OL812159W,Gestalten tegenover mij,Simon Vestdijk,1.0000,1961,/books/OL4358717M,Gestalten tegenover mij,persoonlijke herinneringen,dut,1.0000,,Bert Bakker/Daamen,1961,,6751945,VALID_COVER,354,500,JPEG,data/cache/nl-mass-editorial-engine/covers/NL-OL4358717M.jpeg,NO,NO,161.0000,190.0000,AUTO_ACCEPT,Strong author/title/language match and validated physical cover.,RESERVE,VALIDATED_AUTO_ACCEPT_NOT_NEEDED
NL,DUTCH_FLEMISH_CANON,Simon Vestdijk,1,10,15,/works/OL812163W,Het schuldprobleem bij Dostojewski,Simon Vestdijk,1.0000,1945,/books/OL191972M,Het schuldprobleem bij Dostojewski,,dut,1.0000,,Bayard pers/Kroonder,1945,,6452895,VALID_COVER,326,500,JPEG,data/cache/nl-mass-editorial-engine/covers/NL-OL191972M.jpeg,NO,NO,161.0000,190.0000,AUTO_ACCEPT,Strong author/title/language match and validated physical cover.,RESERVE,VALIDATED_AUTO_ACCEPT_NOT_NEEDED
NL,DUTCH_FLEMISH_CANON,Simon Vestdijk,1,10,15,/works/OL812168W,Iersche nachten,Simon Vestdijk,1.0000,1946,/books/OL24650665M,Iersche nachten,roman,dut,1.0000,,Nijgh & Van Ditmar,1946,,6757924,VALID_COVER,299,500,JPEG,data/cache/nl-mass-editorial-engine/covers/NL-OL24650665M.jpeg,NO,NO,161.0000,190.0000,AUTO_ACCEPT,Strong author/title/language match and validated physical cover.,RESERVE,VALIDATED_AUTO_ACCEPT_NOT_NEEDED
NL,DUTCH_FLEMISH_CANON,Simon Vestdijk,1,10,15,/works/OL812207W,Ivoren wachters,Simon Vestdijk,1.0000,1951,/books/OL22918388M,Ivoren wachters,roman,dut,1.0000,,De Bezige Bij,[1951],,6751197,VALID_COVER,346,500,JPEG,data/cache/nl-mass-editorial-engine/covers/NL-OL22918388M.jpeg,NO,NO,161.0000,190.0000,AUTO_ACCEPT,Strong author/title/language match and validated physical cover.,RESERVE,VALIDATED_AUTO_ACCEPT_NOT_NEEDED
NL,DUTCH_FLEMISH_CANON,Simon Vestdijk,1,10,15,/works/OL812172W,Merlijn,Simon Vestdijk,1.0000,1957,/books/OL24326155M,Merlijn,een drama in verzen,dut,1.0000,,Bert Bakker/Daamen,1957,,6451531,VALID_COVER,294,500,JPEG,data/cache/nl-mass-editorial-engine/covers/NL-OL24326155M.jpeg,NO,NO,161.0000,190.0000,AUTO_ACCEPT,Strong author/title/language match and validated physical cover.,RESERVE,VALIDATED_AUTO_ACCEPT_NOT_NEEDED
NL,DUTCH_FLEMISH_CANON,Simon Vestdijk,1,10,15,/works/OL812174W,Mnemosyne in de bergen,Simon Vestdijk,1.0000,1946,/books/OL230026M,Mnemosyne in de bergen,een episch gedicht in negen zangen,dut,1.0000,,De Bezige Bij,1946,,6717253,VALID_COVER,333,500,JPEG,data/cache/nl-mass-editorial-engine/covers/NL-OL230026M.jpeg,NO,NO,161.0000,190.0000,AUTO_ACCEPT,Strong author/title/language match and validated physical cover.,RESERVE,VALIDATED_AUTO_ACCEPT_NOT_NEEDED
NL,DUTCH_FLEMISH_CANON,Simon Vestdijk,1,10,15,/works/OL812210W,Stomme getuigen,Simon Vestdijk,1.0000,1946,/books/OL6520116M,Stomme getuigen,verhalen,dut,1.0000,,Uitgeverij Contact,1946,,6451424,VALID_COVER,312,500,JPEG,data/cache/nl-mass-editorial-engine/covers/NL-OL6520116M.jpeg,NO,NO,161.0000,190.0000,AUTO_ACCEPT,Strong author/title/language match and validated physical cover.,RESERVE,VALIDATED_AUTO_ACCEPT_NOT_NEEDED
NL,DUTCH_FLEMISH_CANON,Marcellus Emants,1,5,8,/works/OL2349740W,Juffrouw Lina,Marcellus Emants,1.0000,1888,/books/OL23443692M,Juffrouw Lina: een portret,,dut,0.9600,,W. Cremer,1888,,6160955,VALID_COVER,310,500,JPEG,data/cache/nl-mass-editorial-engine/covers/NL-OL23443692M.jpeg,NO,NO,160.2000,189.2000,AUTO_ACCEPT,Strong author/title/language match and validated physical cover.,RESERVE,VALIDATED_AUTO_ACCEPT_NOT_NEEDED
NL,DUTCH_FLEMISH_CANON,Simon Vestdijk,1,10,15,/works/OL812143W,De  leugen is onze moeder en andere essays over,Simon Vestdijk,1.0000,1965,/books/OL5345531M,"De  leugen is onze moeder en andere essays over: filosofie, psychologie, beeldende kunst, literatuur",,dut,0.9600,,Bert Bakker/Daamen,1965,,6451427,VALID_COVER,327,500,JPEG,data/cache/nl-mass-editorial-engine/covers/NL-OL5345531M.jpeg,NO,NO,160.2000,189.2000,AUTO_ACCEPT,Strong author/title/language match and validated physical cover.,RESERVE,VALIDATED_AUTO_ACCEPT_NOT_NEEDED
NL,YOUTH,Carry Slee,2,8,12,/works/OL26189341W,Fleur,Carry Slee,1.0000,2006,/books/OL35339571M,Fleur,,dut,1.0000,9789049921811,Slee,2006,,12164562,VALID_COVER,336,500,JPEG,data/cache/nl-mass-editorial-engine/covers/NL-OL35339571M.jpeg,NO,NO,147.0000,181.0000,AUTO_ACCEPT,Strong author/title/language match and validated physical cover.,RESERVE,VALIDATED_AUTO_ACCEPT_NOT_NEEDED
NL,YOUTH,Carry Slee,2,8,12,/works/OL26177574W,Geklutste geheimen met strafwerk toe,Carry Slee,1.0000,1999,/books/OL35327023M,Geklutste geheimen met strafwerk toe,,dut,1.0000,9789026992346,Van Holkema & Warendorf,1999,,12143711,VALID_COVER,301,500,JPEG,data/cache/nl-mass-editorial-engine/covers/NL-OL35327023M.jpeg,NO,NO,147.0000,181.0000,AUTO_ACCEPT,Strong author/title/language match and validated physical cover.,RESERVE,VALIDATED_AUTO_ACCEPT_NOT_NEEDED
NL,YOUTH,Carry Slee,2,8,12,/works/OL26182753W,Hebbes,Carry Slee,1.0000,2002,/books/OL35639135M,Hebbes,,dut,1.0000,9789049925512,Slee,2012,,12346417,VALID_COVER,303,500,JPEG,data/cache/nl-mass-editorial-engine/covers/NL-OL35639135M.jpeg,NO,NO,147.0000,181.0000,AUTO_ACCEPT,Strong author/title/language match and validated physical cover.,RESERVE,VALIDATED_AUTO_ACCEPT_NOT_NEEDED
NL,YOUTH,Carry Slee,2,8,12,/works/OL24762210W,Hieperdepiep!,Carry Slee,1.0000,2014,/books/OL32879780M,Hieperdepiep!,feestvieren met Iris & Michiel,dut,1.0000,9789049926830,Carry Slee,2014,,11511649,VALID_COVER,258,500,JPEG,data/cache/nl-mass-editorial-engine/covers/NL-OL32879780M.jpeg,NO,NO,147.0000,181.0000,AUTO_ACCEPT,Strong author/title/language match and validated physical cover.,RESERVE,VALIDATED_AUTO_ACCEPT_NOT_NEEDED
NL,YOUTH,Carry Slee,2,8,12,/works/OL26181097W,Hokus pokus ... plas!,Carry Slee,1.0000,2000,/books/OL35330809M,Hokus pokus ... plas!,,dut,1.0000,9789049921460,Slee,2007,,12149435,VALID_COVER,311,500,JPEG,data/cache/nl-mass-editorial-engine/covers/NL-OL35330809M.jpeg,NO,NO,147.0000,181.0000,AUTO_ACCEPT,Strong author/title/language match and validated physical cover.,RESERVE,VALIDATED_AUTO_ACCEPT_NOT_NEEDED
NL,YOUTH,Carry Slee,2,8,12,/works/OL24753388W,Kaatje Knal en de Biefstukbende,Carry Slee,1.0000,2006,/books/OL32866296M,Kaatje Knal en de Biefstukbende,,dut,1.0000,9789049921149,Pimento,2006,,11498520,VALID_COVER,303,500,JPEG,data/cache/nl-mass-editorial-engine/covers/NL-OL32866296M.jpeg,NO,NO,147.0000,181.0000,AUTO_ACCEPT,Strong author/title/language match and validated physical cover.,RESERVE,VALIDATED_AUTO_ACCEPT_NOT_NEEDED
NL,YOUTH,Carry Slee,2,8,12,/works/OL27677556W,Kappen!,Carry Slee,1.0000,2008,/books/OL37738018M,Kappen!,,dut,1.0000,9789049923273,Slee,2008,,12654867,VALID_COVER,296,500,JPEG,data/cache/nl-mass-editorial-engine/covers/NL-OL37738018M.jpeg,NO,NO,147.0000,181.0000,AUTO_ACCEPT,Strong author/title/language match and validated physical cover.,RESERVE,VALIDATED_AUTO_ACCEPT_NOT_NEEDED
NL,YOUTH,Carry Slee,2,8,12,/works/OL24754099W,Kilometers cola en knetterende ruzie,Carry Slee,1.0000,1994,/books/OL35336625M,Kilometers cola en knetterende ruzie,,dut,1.0000,9789026901133,Van Holkema & Warendorf,1994,,12159344,VALID_COVER,291,500,JPEG,data/cache/nl-mass-editorial-engine/covers/NL-OL35336625M.jpeg,NO,NO,147.0000,181.0000,AUTO_ACCEPT,Strong author/title/language match and validated physical cover.,RESERVE,VALIDATED_AUTO_ACCEPT_NOT_NEEDED
NL,YOUTH,Carry Slee,2,8,12,/works/OL24738223W,Kindertelefoon-tips van Carry Slee,Carry Slee,1.0000,2007,/books/OL32843242M,Kindertelefoon-tips van Carry Slee,,dut,1.0000,9789049922436,SWP,2007,,11475503,VALID_COVER,303,500,JPEG,data/cache/nl-mass-editorial-engine/covers/NL-OL32843242M.jpeg,NO,NO,147.0000,181.0000,AUTO_ACCEPT,Strong author/title/language match and validated physical cover.,RESERVE,VALIDATED_AUTO_ACCEPT_NOT_NEEDED
NL,YOUTH,Carry Slee,2,8,12,/works/OL26178174W,Lover of loser,Carry Slee,1.0000,2006,/books/OL35327646M,Lover of loser,your choice,dut,1.0000,9789049921446,Pimento,2006,,12144655,VALID_COVER,297,500,JPEG,data/cache/nl-mass-editorial-engine/covers/NL-OL35327646M.jpeg,NO,NO,147.0000,181.0000,AUTO_ACCEPT,Strong author/title/language match and validated physical cover.,RESERVE,VALIDATED_AUTO_ACCEPT_NOT_NEEDED
NL,YOUTH,Carry Slee,2,8,12,/works/OL26187118W,"Mam, je wordt oma!",Carry Slee,1.0000,2010,/books/OL35337192M,"Mam, je wordt oma!",,dut,1.0000,9789049924454,Slee,2010,,12160352,VALID_COVER,299,500,JPEG,data/cache/nl-mass-editorial-engine/covers/NL-OL35337192M.jpeg,NO,NO,147.0000,181.0000,AUTO_ACCEPT,Strong author/title/language match and validated physical cover.,RESERVE,VALIDATED_AUTO_ACCEPT_NOT_NEEDED
NL,YOUTH,Carry Slee,2,8,12,/works/OL20660639W,Markies Kattenpies,Carry Slee,1.0000,1999,/books/OL32698354M,Markies Kattenpies,,dut,1.0000,9789064940699,Prometheus Kinderboeken,2003,,11321498,VALID_COVER,305,500,JPEG,data/cache/nl-mass-editorial-engine/covers/NL-OL32698354M.jpeg,NO,NO,147.0000,181.0000,AUTO_ACCEPT,Strong author/title/language match and validated physical cover.,RESERVE,VALIDATED_AUTO_ACCEPT_NOT_NEEDED
NL,YOUTH,Carry Slee,2,8,12,/works/OL26183725W,Megacool opkikkerboek van Britt en Masja,Carry Slee,1.0000,2011,/books/OL35333604M,Megacool opkikkerboek van Britt en Masja,,dut,1.0000,9789049925109,Pimento,2011,,12154049,VALID_COVER,497,500,JPEG,data/cache/nl-mass-editorial-engine/covers/NL-OL35333604M.jpeg,NO,NO,147.0000,181.0000,AUTO_ACCEPT,Strong author/title/language match and validated physical cover.,RESERVE,VALIDATED_AUTO_ACCEPT_NOT_NEEDED
NL,YOUTH,Carry Slee,2,8,12,/works/OL28170347W,Missing Timboektoe,Carry Slee,1.0000,2007,/books/OL38565763M,Missing Timboektoe,,dut,1.0000,9789049922566,Slee,2007,,12802999,VALID_COVER,330,500,JPEG,data/cache/nl-mass-editorial-engine/covers/NL-OL38565763M.jpeg,NO,NO,147.0000,181.0000,AUTO_ACCEPT,Strong author/title/language match and validated physical cover.,RESERVE,VALIDATED_AUTO_ACCEPT_NOT_NEEDED
NL,YOUTH,Carry Slee,2,8,12,/works/OL24651297W,Opa en oma komen logeren,Carry Slee,1.0000,2003,/books/OL35326465M,Opa en oma komen logeren,,dut,1.0000,9789049922221,Slee,2007,,12142813,VALID_COVER,258,500,JPEG,data/cache/nl-mass-editorial-engine/covers/NL-OL35326465M.jpeg,NO,NO,147.0000,181.0000,AUTO_ACCEPT,Strong author/title/language match and validated physical cover.,RESERVE,VALIDATED_AUTO_ACCEPT_NOT_NEEDED
NL,YOUTH,Carry Slee,2,8,12,/works/OL26398509W,Pak de kip,Carry Slee,1.0000,2004,/books/OL35639381M,Pak de kip,,dut,1.0000,9789064941320,Slee,2004,,12346851,VALID_COVER,296,500,JPEG,data/cache/nl-mass-editorial-engine/covers/NL-OL35639381M.jpeg,NO,NO,147.0000,181.0000,AUTO_ACCEPT,Strong author/title/language match and validated physical cover.,RESERVE,VALIDATED_AUTO_ACCEPT_NOT_NEEDED
NL,YOUTH,Carry Slee,2,8,12,/works/OL26180341W,Paniek,Carry Slee,1.0000,2001,/books/OL38560586M,Paniek,,dut,1.0000,9789049923754,Slee,2009,,12795576,VALID_COVER,287,500,JPEG,data/cache/nl-mass-editorial-engine/covers/NL-OL38560586M.jpeg,NO,NO,147.0000,181.0000,AUTO_ACCEPT,Strong author/title/language match and validated physical cover.,RESERVE,VALIDATED_AUTO_ACCEPT_NOT_NEEDED
NL,YOUTH,Carry Slee,2,8,12,/works/OL973941W,Pijnstillers,Carry Slee,1.0000,1998,/books/OL32708318M,Pijnstillers,,dut,1.0000,9789049920845,Pimento,2005,,11335064,VALID_COVER,299,500,JPEG,data/cache/nl-mass-editorial-engine/covers/NL-OL32708318M.jpeg,NO,NO,147.0000,181.0000,AUTO_ACCEPT,Strong author/title/language match and validated physical cover.,RESERVE,VALIDATED_AUTO_ACCEPT_NOT_NEEDED
NL,YOUTH,Carry Slee,2,8,12,/works/OL20660641W,Radeloos,Carry Slee,1.0000,2003,/books/OL27935745M,Radeloos,,dut,1.0000,9064940894,Prometheus,2003,,9324284,VALID_COVER,310,500,JPEG,data/cache/nl-mass-editorial-engine/covers/NL-OL27935745M.jpeg,NO,NO,147.0000,181.0000,AUTO_ACCEPT,Strong author/title/language match and validated physical cover.,RESERVE,VALIDATED_AUTO_ACCEPT_NOT_NEEDED
NL,YOUTH,Carry Slee,2,8,12,/works/OL23780645W,Razend,Carry Slee,1.0000,2000,/books/OL31515930M,Razend,,dut,1.0000,9026993390,Van Holkema & Warendorf,2000,,13060940,VALID_COVER,309,500,JPEG,data/cache/nl-mass-editorial-engine/covers/NL-OL31515930M.jpeg,NO,NO,147.0000,181.0000,AUTO_ACCEPT,Strong author/title/language match and validated physical cover.,RESERVE,VALIDATED_AUTO_ACCEPT_NOT_NEEDED
NL,YOUTH,Carry Slee,2,8,12,/works/OL26179330W,Rekenen in het oerwoud,Carry Slee,1.0000,1997,/books/OL35328909M,Rekenen in het oerwoud,,dut,1.0000,9789026989254,Van Holkema & Warendorf,1997,,12146566,VALID_COVER,318,500,JPEG,data/cache/nl-mass-editorial-engine/covers/NL-OL35328909M.jpeg,NO,NO,147.0000,181.0000,AUTO_ACCEPT,Strong author/title/language match and validated physical cover.,RESERVE,VALIDATED_AUTO_ACCEPT_NOT_NEEDED
NL,YOUTH,Carry Slee,2,8,12,/works/OL973942W,Ridder Schijtebroek,Carry Slee,1.0000,1994,/books/OL919524M,Ridder Schijtebroek,,dut,1.0000,9026910657,Van Holkema & Warendorf,1994,,12156786,VALID_COVER,326,500,JPEG,data/cache/nl-mass-editorial-engine/covers/NL-OL919524M.jpeg,NO,NO,147.0000,181.0000,AUTO_ACCEPT,Strong author/title/language match and validated physical cover.,RESERVE,VALIDATED_AUTO_ACCEPT_NOT_NEEDED
NL,YOUTH,Carry Slee,2,8,12,/works/OL24717751W,Rood met witte stippen,Carry Slee,1.0000,2007,/books/OL32811933M,Rood met witte stippen,een boekje over de herfst,dut,1.0000,9789049922238,Slee,2007,,11444663,VALID_COVER,262,500,JPEG,data/cache/nl-mass-editorial-engine/covers/NL-OL32811933M.jpeg,NO,NO,147.0000,181.0000,AUTO_ACCEPT,Strong author/title/language match and validated physical cover.,RESERVE,VALIDATED_AUTO_ACCEPT_NOT_NEEDED
NL,YOUTH,Carry Slee,2,8,12,/works/OL26179053W,Schreeuwende slaapzakken en stiekeme stropers,Carry Slee,1.0000,2007,/books/OL35328600M,Schreeuwende slaapzakken en stiekeme stropers,,dut,1.0000,9789049922665,Slee,2007,,12146114,VALID_COVER,300,500,JPEG,data/cache/nl-mass-editorial-engine/covers/NL-OL35328600M.jpeg,NO,NO,147.0000,181.0000,AUTO_ACCEPT,Strong author/title/language match and validated physical cover.,RESERVE,VALIDATED_AUTO_ACCEPT_NOT_NEEDED
NL,YOUTH,Carry Slee,2,8,12,/works/OL24851546W,"Sneeuwman, pak me dan",Carry Slee,1.0000,2008,/books/OL33031312M,"Sneeuwman, pak me dan",,dut,1.0000,9789049923143,Slee,2008,,11715427,VALID_COVER,265,500,JPEG,data/cache/nl-mass-editorial-engine/covers/NL-OL33031312M.jpeg,NO,NO,147.0000,181.0000,AUTO_ACCEPT,Strong author/title/language match and validated physical cover.,RESERVE,VALIDATED_AUTO_ACCEPT_NOT_NEEDED
NL,YOUTH,Carry Slee,2,8,12,/works/OL973945W,Spijt!,Carry Slee,1.0000,1997,/books/OL61125599M,Spijt!,,dut,1.0000,9789049924058,Dutch Media uitgevers,26 February 2010,,15162118,VALID_COVER,355,500,JPEG,data/cache/nl-mass-editorial-engine/covers/NL-OL61125599M.jpeg,NO,NO,147.0000,181.0000,AUTO_ACCEPT,Strong author/title/language match and validated physical cover.,RESERVE,VALIDATED_AUTO_ACCEPT_NOT_NEEDED
NL,YOUTH,Carry Slee,2,8,12,/works/OL27060726W,Strijken,Carry Slee,1.0000,2013,/books/OL36693517M,Strijken,,dut,1.0000,9789029588508,Uitgeverij De Arbeiderspers,2013,,12579459,VALID_COVER,309,500,JPEG,data/cache/nl-mass-editorial-engine/covers/NL-OL36693517M.jpeg,NO,NO,147.0000,181.0000,AUTO_ACCEPT,Strong author/title/language match and validated physical cover.,RESERVE,VALIDATED_AUTO_ACCEPT_NOT_NEEDED
NL,YOUTH,Carry Slee,2,8,12,/works/OL24302953W,Timboektoe,Carry Slee,1.0000,2007,/books/OL32147582M,Timboektoe,de filmeditie,dut,1.0000,9789049922351,Slee,2007,,10813986,VALID_COVER,330,500,JPEG,data/cache/nl-mass-editorial-engine/covers/NL-OL32147582M.jpeg,NO,NO,147.0000,181.0000,AUTO_ACCEPT,Strong author/title/language match and validated physical cover.,RESERVE,VALIDATED_AUTO_ACCEPT_NOT_NEEDED
NL,YOUTH,Carry Slee,2,8,12,/works/OL26188189W,Timboektoe rocks!,Carry Slee,1.0000,2007,/books/OL35338313M,Timboektoe rocks!,,dut,1.0000,9789049922115,Slee,2007,,12162392,VALID_COVER,317,500,JPEG,data/cache/nl-mass-editorial-engine/covers/NL-OL35338313M.jpeg,NO,NO,147.0000,181.0000,AUTO_ACCEPT,Strong author/title/language match and validated physical cover.,RESERVE,VALIDATED_AUTO_ACCEPT_NOT_NEEDED
NL,YOUTH,Carry Slee,2,8,12,/works/OL26180543W,Toine,Carry Slee,1.0000,2006,/books/OL35330196M,Toine,,dut,1.0000,9789049921798,Slee,2006,,12148469,VALID_COVER,341,500,JPEG,data/cache/nl-mass-editorial-engine/covers/NL-OL35330196M.jpeg,NO,NO,147.0000,181.0000,AUTO_ACCEPT,Strong author/title/language match and validated physical cover.,RESERVE,VALIDATED_AUTO_ACCEPT_NOT_NEEDED
NL,YOUTH,Carry Slee,2,8,12,/works/OL24728790W,Vals,Carry Slee,1.0000,2006,/books/OL32829103M,Vals,,dut,1.0000,9789049921750,Slee,2006,,11460701,VALID_COVER,312,500,JPEG,data/cache/nl-mass-editorial-engine/covers/NL-OL32829103M.jpeg,NO,NO,147.0000,181.0000,AUTO_ACCEPT,Strong author/title/language match and validated physical cover.,RESERVE,VALIDATED_AUTO_ACCEPT_NOT_NEEDED
NL,YOUTH,Carry Slee,2,8,12,/works/OL26193840W,We zijn er bijna!,Carry Slee,1.0000,2007,/books/OL35344511M,We zijn er bijna!,,dut,1.0000,9789049922245,Slee,2007,,12172748,VALID_COVER,264,500,JPEG,data/cache/nl-mass-editorial-engine/covers/NL-OL35344511M.jpeg,NO,NO,147.0000,181.0000,AUTO_ACCEPT,Strong author/title/language match and validated physical cover.,RESERVE,VALIDATED_AUTO_ACCEPT_NOT_NEEDED
NL,YOUTH,Carry Slee,2,8,12,/works/OL24762132W,Zin in zomer,Carry Slee,1.0000,2007,/books/OL32879688M,Zin in zomer,,dut,1.0000,9789049922344,Pimento,2007,,11511493,VALID_COVER,302,500,JPEG,data/cache/nl-mass-editorial-engine/covers/NL-OL32879688M.jpeg,NO,NO,147.0000,181.0000,AUTO_ACCEPT,Strong author/title/language match and validated physical cover.,RESERVE,VALIDATED_AUTO_ACCEPT_NOT_NEEDED
NL,YOUTH,Edward van de Vendel,2,7,10,/works/OL24739601W,"Voor jou, voor wie anders?",Edward van de Vendel,1.0000,2008,/books/OL32844853M,"Voor jou, voor wie anders?",,dut,1.0000,9789047700838,Lemniscaat,2008,,11477864,VALID_COVER,500,425,JPEG,data/cache/nl-mass-editorial-engine/covers/NL-OL32844853M.jpeg,NO,NO,147.0000,181.0000,AUTO_ACCEPT,Strong author/title/language match and validated physical cover.,RESERVE,VALIDATED_AUTO_ACCEPT_NOT_NEEDED
NL,YOUTH,Edward van de Vendel,2,7,10,/works/OL24307363W,Wat rijmt er op puree?,Edward van de Vendel,1.0000,2005,/books/OL32153115M,Wat rijmt er op puree?,,dut,1.0000,9789059650176,Stichting Collectieve Propaganda van het Nederlandse Boek,2005,,10821320,VALID_COVER,297,500,JPEG,data/cache/nl-mass-editorial-engine/covers/NL-OL32153115M.jpeg,NO,NO,147.0000,181.0000,AUTO_ACCEPT,Strong author/title/language match and validated physical cover.,RESERVE,VALIDATED_AUTO_ACCEPT_NOT_NEEDED
NL,YOUTH,Edward van de Vendel,2,7,10,/works/OL26181411W,Wie wil er met ons trouwen?,Edward van de Vendel,1.0000,2008,/books/OL35331128M,Wie wil er met ons trouwen?,,dut,1.0000,9789045107387,Querido,2008,,12149975,VALID_COVER,300,500,JPEG,data/cache/nl-mass-editorial-engine/covers/NL-OL35331128M.jpeg,NO,NO,147.0000,181.0000,AUTO_ACCEPT,Strong author/title/language match and validated physical cover.,RESERVE,VALIDATED_AUTO_ACCEPT_NOT_NEEDED
NL,TWENTIETH_CENTURY,Hubert Lampo,2,7,10,/works/OL1337913W,The coming of Joachim Stiller,Hubert Lampo,1.0000,1974,/books/OL5412777M,The coming of Joachim Stiller.,,eng | dut,1.0000,0805734163,Twayne Publishers,1974,,4506625,VALID_COVER,128,199,JPEG,data/cache/nl-mass-editorial-engine/covers/NL-OL5412777M.jpeg,NO,NO,147.0000,181.0000,AUTO_ACCEPT,Strong author/title/language match and validated physical cover.,RESERVE,VALIDATED_AUTO_ACCEPT_NOT_NEEDED
NL,TWENTIETH_CENTURY,Hubert Lampo,2,7,10,/works/OL1337950W,Wijlen Sarah Silbermann,Hubert Lampo,1.0000,1980,/books/OL4163647M,Wijlen Sarah Silbermann,roman,dut,1.0000,9029012730,Meulenhoff,1980,,4370804,VALID_COVER,128,216,JPEG,data/cache/nl-mass-editorial-engine/covers/NL-OL4163647M.jpeg,NO,NO,147.0000,181.0000,AUTO_ACCEPT,Strong author/title/language match and validated physical cover.,RESERVE,VALIDATED_AUTO_ACCEPT_NOT_NEEDED
NL,YOUTH,Jacques Vriens,2,8,12,/works/OL26398022W,Het raadsel van de Regenboog,Jacques Vriens,1.0000,2001,/books/OL35638830M,Het raadsel van de Regenboog,,dut,1.0000,9789026989223,Van Holkema & Warendorf,2001,,12345949,VALID_COVER,293,500,JPEG,data/cache/nl-mass-editorial-engine/covers/NL-OL35638830M.jpeg,NO,NO,147.0000,181.0000,AUTO_ACCEPT,Strong author/title/language match and validated physical cover.,RESERVE,VALIDATED_AUTO_ACCEPT_NOT_NEEDED
NL,YOUTH,Jacques Vriens,2,8,12,/works/OL24832739W,Ik wil mijn poes terug,Jacques Vriens,1.0000,1987,/books/OL33002678M,Ik wil mijn poes terug,Geen schoenen voor Bram,dut,1.0000,9789026902505,Van Holkema & Warendorf,1987,,11650615,VALID_COVER,410,500,JPEG,data/cache/nl-mass-editorial-engine/covers/NL-OL33002678M.jpeg,NO,NO,147.0000,181.0000,AUTO_ACCEPT,Strong author/title/language match and validated physical cover.,RESERVE,VALIDATED_AUTO_ACCEPT_NOT_NEEDED
NL,YOUTH,Jacques Vriens,2,8,12,/works/OL24679160W,Lampkapje & de Wolf,Jacques Vriens,1.0000,2013,/books/OL32756136M,Lampkapje & de Wolf,,dut,1.0000,9789047518914,Van Holkema & Warendorf,2013,,11382049,VALID_COVER,365,500,JPEG,data/cache/nl-mass-editorial-engine/covers/NL-OL32756136M.jpeg,NO,NO,147.0000,181.0000,AUTO_ACCEPT,Strong author/title/language match and validated physical cover.,RESERVE,VALIDATED_AUTO_ACCEPT_NOT_NEEDED
NL,YOUTH,Jacques Vriens,2,8,12,/works/OL26179134W,Max en de ontplofte vriendschap,Jacques Vriens,1.0000,2014,/books/OL35328685M,Max en de ontplofte vriendschap,,dut,1.0000,9789000333202,Van Holkema & Warendorf,2014,,12146247,VALID_COVER,481,500,JPEG,data/cache/nl-mass-editorial-engine/covers/NL-OL35328685M.jpeg,NO,NO,147.0000,181.0000,AUTO_ACCEPT,Strong author/title/language match and validated physical cover.,RESERVE,VALIDATED_AUTO_ACCEPT_NOT_NEEDED
NL,YOUTH,Jacques Vriens,2,8,12,/works/OL26181162W,Menno zet zijn schoenen,Jacques Vriens,1.0000,2000,/books/OL35330881M,Menno zet zijn schoenen,,dut,1.0000,9789000033379,Van Goor,2000,,12149548,VALID_COVER,321,500,JPEG,data/cache/nl-mass-editorial-engine/covers/NL-OL35330881M.jpeg,NO,NO,147.0000,181.0000,AUTO_ACCEPT,Strong author/title/language match and validated physical cover.,RESERVE,VALIDATED_AUTO_ACCEPT_NOT_NEEDED
NL,YOUTH,Jacques Vriens,2,8,12,/works/OL27062919W,"Napoleon, de stoerste kater van de hele buurt",Jacques Vriens,1.0000,1994,/books/OL36696239M,"Napoleon, de stoerste kater van de hele buurt",,dut,1.0000,9789000030217,Piccolo,1994,,12584274,VALID_COVER,330,500,JPEG,data/cache/nl-mass-editorial-engine/covers/NL-OL36696239M.jpeg,NO,NO,147.0000,181.0000,AUTO_ACCEPT,Strong author/title/language match and validated physical cover.,RESERVE,VALIDATED_AUTO_ACCEPT_NOT_NEEDED
NL,YOUTH,Jacques Vriens,2,8,12,/works/OL29237572W,"O, dennenboom",Jacques Vriens,1.0000,1998,/books/OL40214275M,"O, dennenboom",,dut,1.0000,9789026987816,Van Holkema & Warendorf,1998,,12970646,VALID_COVER,269,500,JPEG,data/cache/nl-mass-editorial-engine/covers/NL-OL40214275M.jpeg,NO,NO,147.0000,181.0000,AUTO_ACCEPT,Strong author/title/language match and validated physical cover.,RESERVE,VALIDATED_AUTO_ACCEPT_NOT_NEEDED
NL,YOUTH,Jacques Vriens,2,8,12,/works/OL26455760W,Sint en de verdwenen Wammes,Jacques Vriens,1.0000,2007,/books/OL35743036M,Sint en de verdwenen Wammes,,dut,1.0000,9789047504214,"Uitgeverij Van Holkema & Warendorf, Unieboek BV",2007,,12493854,VALID_COVER,342,500,JPEG,data/cache/nl-mass-editorial-engine/covers/NL-OL35743036M.jpeg,NO,NO,147.0000,181.0000,AUTO_ACCEPT,Strong author/title/language match and validated physical cover.,RESERVE,VALIDATED_AUTO_ACCEPT_NOT_NEEDED
NL,YOUTH,Jacques Vriens,2,8,12,/works/OL24444970W,Tien torens diep,Jacques Vriens,1.0000,2004,/books/OL32377176M,Tien torens diep,een verhaal over vriendschap,dut,1.0000,9789026998003,Van Holkema & Warendorf,2004,,11036739,VALID_COVER,304,500,JPEG,data/cache/nl-mass-editorial-engine/covers/NL-OL32377176M.jpeg,NO,NO,147.0000,181.0000,AUTO_ACCEPT,Strong author/title/language match and validated physical cover.,RESERVE,VALIDATED_AUTO_ACCEPT_NOT_NEEDED
NL,YOUTH,Jacques Vriens,2,8,12,/works/OL27973549W,"Vaders, moeders? Hardgekookte eieren!",Jacques Vriens,1.0000,2011,/books/OL38244361M,"Vaders, moeders? Hardgekookte eieren!",,dut,1.0000,9789047506454,Van Holkema & Warendorf,2011,,12789081,VALID_COVER,331,500,JPEG,data/cache/nl-mass-editorial-engine/covers/NL-OL38244361M.jpeg,NO,NO,147.0000,181.0000,AUTO_ACCEPT,Strong author/title/language match and validated physical cover.,RESERVE,VALIDATED_AUTO_ACCEPT_NOT_NEEDED
NL,TWENTIETH_CENTURY,Jef Geeraerts,2,7,10,/works/OL34924633W,Z 17,Jef Geeraerts,1.0000,1992,/books/OL47283294M,Z 17,,dut,1.0000,9789022312346,WPG Uitgevers België - Algemeen & Import,1992,,13741953,VALID_COVER,375,500,JPEG,data/cache/nl-mass-editorial-engine/covers/NL-OL47283294M.jpeg,NO,NO,147.0000,181.0000,AUTO_ACCEPT,Strong author/title/language match and validated physical cover.,RESERVE,VALIDATED_AUTO_ACCEPT_NOT_NEEDED
NL,TWENTIETH_CENTURY,Jef Geeraerts,2,7,10,/works/OL780108W,Zonder clan,Jef Geeraerts,1.0000,1964,/books/OL5491784M,Zonder clan.,,dut,1.0000,9022303292,Paris-Manteau,1972,,4517096,VALID_COVER,128,200,JPEG,data/cache/nl-mass-editorial-engine/covers/NL-OL5491784M.jpeg,NO,NO,147.0000,181.0000,AUTO_ACCEPT,Strong author/title/language match and validated physical cover.,RESERVE,VALIDATED_AUTO_ACCEPT_NOT_NEEDED
NL,TWENTIETH_CENTURY,Kristien Hemmerechts,2,7,10,/works/OL682777W,Kleine zielen,Kristien Hemmerechts,1.0000,2009,/books/OL23578313M,Kleine zielen,roman,dut,1.0000,9789045014739,Atlas,2009,,12667944,VALID_COVER,301,500,JPEG,data/cache/nl-mass-editorial-engine/covers/NL-OL23578313M.jpeg,NO,NO,147.0000,181.0000,AUTO_ACCEPT,Strong author/title/language match and validated physical cover.,RESERVE,VALIDATED_AUTO_ACCEPT_NOT_NEEDED
NL,TWENTIETH_CENTURY,Kristien Hemmerechts,2,7,10,/works/OL23080166W,'s Nachts,Kristien Hemmerechts,1.0000,1989,/books/OL30933225M,'s Nachts,,dut,1.0000,9052400237,Houtekiet,1989,,13437958,VALID_COVER,297,500,JPEG,data/cache/nl-mass-editorial-engine/covers/NL-OL30933225M.jpeg,NO,NO,147.0000,181.0000,AUTO_ACCEPT,Strong author/title/language match and validated physical cover.,RESERVE,VALIDATED_AUTO_ACCEPT_NOT_NEEDED
NL,TWENTIETH_CENTURY,Kristien Hemmerechts,2,7,10,/works/OL682781W,Taal zonder mij,Kristien Hemmerechts,1.0000,1998,/books/OL79945M,Taal zonder mij,,dut,1.0000,9045001330,Atlas,1998,,9735313,VALID_COVER,266,500,JPEG,data/cache/nl-mass-editorial-engine/covers/NL-OL79945M.jpeg,NO,NO,147.0000,181.0000,AUTO_ACCEPT,Strong author/title/language match and validated physical cover.,RESERVE,VALIDATED_AUTO_ACCEPT_NOT_NEEDED
NL,TWENTIETH_CENTURY,Kristien Hemmerechts,2,7,10,/works/OL26183893W,V,Kristien Hemmerechts,1.0000,2004,/books/OL35333792M,V,notities bij een reis naar Vietnam,dut,1.0000,9789045010809,Atlas,2004,,12154347,VALID_COVER,303,500,JPEG,data/cache/nl-mass-editorial-engine/covers/NL-OL35333792M.jpeg,NO,NO,147.0000,181.0000,AUTO_ACCEPT,Strong author/title/language match and validated physical cover.,RESERVE,VALIDATED_AUTO_ACCEPT_NOT_NEEDED
NL,TWENTIETH_CENTURY,Kristien Hemmerechts,2,7,10,/works/OL682782W,"Veel vrouwen, af en toe een man",Kristien Hemmerechts,1.0000,1995,/books/OL862707M,"Veel vrouwen, af en toe een man",,dut,1.0000,9025409946,Atlas,1995,,11477716,VALID_COVER,301,500,JPEG,data/cache/nl-mass-editorial-engine/covers/NL-OL862707M.jpeg,NO,NO,147.0000,181.0000,AUTO_ACCEPT,Strong author/title/language match and validated physical cover.,RESERVE,VALIDATED_AUTO_ACCEPT_NOT_NEEDED
NL,TWENTIETH_CENTURY,Kristien Hemmerechts,2,7,10,/works/OL682786W,Zonder grenzen,Kristien Hemmerechts,1.0000,1991,/books/OL1639018M,Zonder grenzen,,dut,1.0000,9789029520133,Arbeiderspers,1991,,6834374,VALID_COVER,311,500,JPEG,data/cache/nl-mass-editorial-engine/covers/NL-OL1639018M.jpeg,NO,NO,147.0000,181.0000,AUTO_ACCEPT,Strong author/title/language match and validated physical cover.,RESERVE,VALIDATED_AUTO_ACCEPT_NOT_NEEDED
NL,YOUTH,Marc de Bel,2,8,12,/works/OL26195059W,Het verhaal van Hebbert Wezel,Marc De Bel,1.0000,2003,/books/OL35345862M,Het verhaal van Hebbert Wezel,,dut,1.0000,9789077060308,Tingel,2003,,12175846,VALID_COVER,322,500,JPEG,data/cache/nl-mass-editorial-engine/covers/NL-OL35345862M.jpeg,NO,NO,147.0000,181.0000,AUTO_ACCEPT,Strong author/title/language match and validated physical cover.,RESERVE,VALIDATED_AUTO_ACCEPT_NOT_NEEDED
NL,YOUTH,Marc de Bel,2,8,12,/works/OL27974492W,Kriepel de minisaurus,Marc De Bel,1.0000,2012,/books/OL38245350M,Kriepel de minisaurus,,dut,1.0000,9789059328976,Abimo,2012,,12791149,VALID_COVER,324,500,JPEG,data/cache/nl-mass-editorial-engine/covers/NL-OL38245350M.jpeg,NO,NO,147.0000,181.0000,AUTO_ACCEPT,Strong author/title/language match and validated physical cover.,RESERVE,VALIDATED_AUTO_ACCEPT_NOT_NEEDED
NL,YOUTH,Marc de Bel,2,8,12,/works/OL27679862W,Vanilla P.,Marc De Bel,1.0000,1994,/books/OL37744729M,Vanilla P.,,dut,1.0000,9789065656056,Davidsfonds/Infodok,1994,,12657557,VALID_COVER,300,500,JPEG,data/cache/nl-mass-editorial-engine/covers/NL-OL37744729M.jpeg,NO,NO,147.0000,181.0000,AUTO_ACCEPT,Strong author/title/language match and validated physical cover.,RESERVE,VALIDATED_AUTO_ACCEPT_NOT_NEEDED
NL,TWENTIETH_CENTURY,Simon Carmiggelt,2,8,12,/works/OL975164W,Drie in een,Simon Carmiggelt,1.0000,1985,/books/OL2653962M,Drie in een,"164 verhalen ontleend aan We leven nog, Vroeger kon je lachen en Bemoei je d'r niet mee",dut,1.0000,9029511044,Arbeiderspers,1985,,4161653,VALID_COVER,128,204,JPEG,data/cache/nl-mass-editorial-engine/covers/NL-OL2653962M.jpeg,NO,NO,147.0000,181.0000,AUTO_ACCEPT,Strong author/title/language match and validated physical cover.,RESERVE,VALIDATED_AUTO_ACCEPT_NOT_NEEDED
NL,TWENTIETH_CENTURY,Simon Carmiggelt,2,8,12,/works/OL26187283W,Gewoon maar doorgaan,Simon Carmiggelt,1.0000,1985,/books/OL35337374M,Gewoon maar doorgaan,,dut,1.0000,9789021496047,Querido,1985,,12160702,VALID_COVER,298,500,JPEG,data/cache/nl-mass-editorial-engine/covers/NL-OL35337374M.jpeg,NO,NO,147.0000,181.0000,AUTO_ACCEPT,Strong author/title/language match and validated physical cover.,RESERVE,VALIDATED_AUTO_ACCEPT_NOT_NEEDED
NL,TWENTIETH_CENTURY,Simon Carmiggelt,2,8,12,/works/OL24990095W,Het literaire leven,Simon Carmiggelt,1.0000,1987,/books/OL33219759M,Het literaire leven,,dut,1.0000,9789029511131,De Arbeiderspers,1987,,11931246,VALID_COVER,305,500,JPEG,data/cache/nl-mass-editorial-engine/covers/NL-OL33219759M.jpeg,NO,NO,147.0000,181.0000,AUTO_ACCEPT,Strong author/title/language match and validated physical cover.,RESERVE,VALIDATED_AUTO_ACCEPT_NOT_NEEDED
NL,TWENTIETH_CENTURY,Simon Carmiggelt,2,8,12,/works/OL975179W,"Louter leugens; &, Poespas",Simon Carmiggelt,1.0000,1997,/books/OL409794M,"Louter leugens; &, Poespas",,dut,1.0000,9029509104,Arbeiderspers,1997,,13230322,VALID_COVER,326,500,JPEG,data/cache/nl-mass-editorial-engine/covers/NL-OL409794M.jpeg,NO,NO,147.0000,181.0000,AUTO_ACCEPT,Strong author/title/language match and validated physical cover.,RESERVE,VALIDATED_AUTO_ACCEPT_NOT_NEEDED
NL,TWENTIETH_CENTURY,Simon Carmiggelt,2,8,12,/works/OL975183W,Mooi kado,Simon Carmiggelt,1.0000,1979,/books/OL4033468M,Mooi kado,een boekje over boeken : uitg. ter gelegenheid van de Boekenweek 1979 van S. Carmiggelt en Peter van Straaten.,dut,1.0000,9070066238,Commissie voor de Collectieve Propagenada van het Nederlandse Boek,1979,,4354770,VALID_COVER,128,219,JPEG,data/cache/nl-mass-editorial-engine/covers/NL-OL4033468M.jpeg,NO,NO,147.0000,181.0000,AUTO_ACCEPT,Strong author/title/language match and validated physical cover.,RESERVE,VALIDATED_AUTO_ACCEPT_NOT_NEEDED
NL,TWENTIETH_CENTURY,Simon Carmiggelt,2,8,12,/works/OL975186W,Ontmoetingen met Willem Elsschot,Simon Carmiggelt,1.0000,1985,/books/OL2596554M,Ontmoetingen met Willem Elsschot,met brieven en een nagelaten manuscript van Willem Elsschot,dut,1.0000,9029511036,De Arbeiderspers,1985,,6452629,VALID_COVER,352,500,JPEG,data/cache/nl-mass-editorial-engine/covers/NL-OL2596554M.jpeg,NO,NO,147.0000,181.0000,AUTO_ACCEPT,Strong author/title/language match and validated physical cover.,RESERVE,VALIDATED_AUTO_ACCEPT_NOT_NEEDED
NL,TWENTIETH_CENTURY,Simon Carmiggelt,2,8,12,/works/OL975200W,Vroeger kon je lachen,Simon Carmiggelt,1.0000,1977,/books/OL4678052M,Vroeger kon je lachen,,dut,1.0000,9029512008,De Arbeiderspers,1977,,11740329,VALID_COVER,304,500,JPEG,data/cache/nl-mass-editorial-engine/covers/NL-OL4678052M.jpeg,NO,NO,147.0000,181.0000,AUTO_ACCEPT,Strong author/title/language match and validated physical cover.,RESERVE,VALIDATED_AUTO_ACCEPT_NOT_NEEDED
NL,TWENTIETH_CENTURY,Simon Carmiggelt,2,8,12,/works/OL975202W,Ze doen maar,Simon Carmiggelt,1.0000,1976,/books/OL4619425M,Ze doen maar,,dut,1.0000,9029512105,De Arbeiderspers,1976,,12322250,VALID_COVER,304,500,JPEG,data/cache/nl-mass-editorial-engine/covers/NL-OL4619425M.jpeg,NO,NO,147.0000,181.0000,AUTO_ACCEPT,Strong author/title/language match and validated physical cover.,RESERVE,VALIDATED_AUTO_ACCEPT_NOT_NEEDED
NL,TWENTIETH_CENTURY,Simon Carmiggelt,2,8,12,/works/OL975203W,Zelfportret in stukjes,Simon Carmiggelt,1.0000,1989,/books/OL1804137M,Zelfportret in stukjes,,dut,1.0000,9029510536,Arbeiderspers,1989,,4018661,VALID_COVER,128,206,JPEG,data/cache/nl-mass-editorial-engine/covers/NL-OL1804137M.jpeg,NO,NO,147.0000,181.0000,AUTO_ACCEPT,Strong author/title/language match and validated physical cover.,RESERVE,VALIDATED_AUTO_ACCEPT_NOT_NEEDED
NL,TWENTIETH_CENTURY,Ward Ruyslinck,2,7,10,/works/OL2428633W,Alle verhalen,Ward Ruyslinck,1.0000,1979,/books/OL4199792M,Alle verhalen,,dut,1.0000,9022307433,Manteau,1979,,4374400,VALID_COVER,128,201,JPEG,data/cache/nl-mass-editorial-engine/covers/NL-OL4199792M.jpeg,NO,NO,147.0000,181.0000,AUTO_ACCEPT,Strong author/title/language match and validated physical cover.,RESERVE,VALIDATED_AUTO_ACCEPT_NOT_NEEDED
NL,TWENTIETH_CENTURY,Ward Ruyslinck,2,7,10,/works/OL2428634W,De Apokatastasis of het Apocriefe boek van Galax Niksen,Ward Ruyslinck,1.0000,1970,/books/OL35332260M,De Apokatastasis of het apocriefe boek van Galax Niksen,,dut,1.0000,9789022302002,Manteau,1970,,12151846,VALID_COVER,302,500,JPEG,data/cache/nl-mass-editorial-engine/covers/NL-OL35332260M.jpeg,NO,NO,147.0000,181.0000,AUTO_ACCEPT,Strong author/title/language match and validated physical cover.,RESERVE,VALIDATED_AUTO_ACCEPT_NOT_NEEDED
NL,TWENTIETH_CENTURY,Ward Ruyslinck,2,7,10,/works/OL2428636W,De boze droom het medeleven,Ward Ruyslinck,1.0000,1982,/books/OL3053807M,De boze droom het medeleven,,dut,1.0000,9022308472,Manteau,1982,,11493494,VALID_COVER,300,500,JPEG,data/cache/nl-mass-editorial-engine/covers/NL-OL3053807M.jpeg,NO,NO,147.0000,181.0000,AUTO_ACCEPT,Strong author/title/language match and validated physical cover.,RESERVE,VALIDATED_AUTO_ACCEPT_NOT_NEEDED
NL,TWENTIETH_CENTURY,Ward Ruyslinck,2,7,10,/works/OL2428643W,De speeltuin,Ward Ruyslinck,1.0000,1992,/books/OL1325326M,De speeltuin,,dut,1.0000,9022312534,Manteau,1992,,3921335,VALID_COVER,128,200,JPEG,data/cache/nl-mass-editorial-engine/covers/NL-OL1325326M.jpeg,NO,NO,147.0000,181.0000,AUTO_ACCEPT,Strong author/title/language match and validated physical cover.,RESERVE,VALIDATED_AUTO_ACCEPT_NOT_NEEDED
NL,TWENTIETH_CENTURY,Ward Ruyslinck,2,7,10,/works/OL2428644W,De uilen van Minerva,Ward Ruyslinck,1.0000,1985,/books/OL2654294M,De uilen van Minerva,,dut,1.0000,9022309991,Manteau,1985,,4161632,VALID_COVER,128,207,JPEG,data/cache/nl-mass-editorial-engine/covers/NL-OL2654294M.jpeg,NO,NO,147.0000,181.0000,AUTO_ACCEPT,Strong author/title/language match and validated physical cover.,RESERVE,VALIDATED_AUTO_ACCEPT_NOT_NEEDED
NL,TWENTIETH_CENTURY,Ward Ruyslinck,2,7,10,/works/OL2428666W,Golden Ophelia,Ward Ruyslinck,1.0000,1966,/books/OL5246639M,Golden Ophelia,a novel,eng | dut,1.0000,0720600642,Peter Owen,1975,,4491576,VALID_COVER,128,195,JPEG,data/cache/nl-mass-editorial-engine/covers/NL-OL5246639M.jpeg,NO,NO,147.0000,181.0000,AUTO_ACCEPT,Strong author/title/language match and validated physical cover.,RESERVE,VALIDATED_AUTO_ACCEPT_NOT_NEEDED
NL,TWENTIETH_CENTURY,Ward Ruyslinck,2,7,10,/works/OL2428648W,Het geboortehuis,Ward Ruyslinck,1.0000,1995,/books/OL562423M,Het geboortehuis,,dut,1.0000,9029050837,Meulenhoff,1995,,3766156,VALID_COVER,128,222,JPEG,data/cache/nl-mass-editorial-engine/covers/NL-OL562423M.jpeg,NO,NO,147.0000,181.0000,AUTO_ACCEPT,Strong author/title/language match and validated physical cover.,RESERVE,VALIDATED_AUTO_ACCEPT_NOT_NEEDED
NL,TWENTIETH_CENTURY,Ward Ruyslinck,2,7,10,/works/OL2428651W,IJlings naar nergens,Ward Ruyslinck,1.0000,1989,/books/OL2275618M,IJlings naar nergens,ontboezemingen aan een boezemvriend,dut,1.0000,9022311392,Manteau,1989,,4105263,VALID_COVER,128,207,JPEG,data/cache/nl-mass-editorial-engine/covers/NL-OL2275618M.jpeg,NO,NO,147.0000,181.0000,AUTO_ACCEPT,Strong author/title/language match and validated physical cover.,RESERVE,VALIDATED_AUTO_ACCEPT_NOT_NEEDED
NL,TWENTIETH_CENTURY,Ward Ruyslinck,2,7,10,/works/OL2428653W,Leegstaande huizen,Ward Ruyslinck,1.0000,1983,/books/OL2809277M,Leegstaande huizen,verhalen,dut,1.0000,9022308928,Manteau,1983,,12153261,VALID_COVER,301,500,JPEG,data/cache/nl-mass-editorial-engine/covers/NL-OL2809277M.jpeg,NO,NO,147.0000,181.0000,AUTO_ACCEPT,Strong author/title/language match and validated physical cover.,RESERVE,VALIDATED_AUTO_ACCEPT_NOT_NEEDED
NL,TWENTIETH_CENTURY,Ward Ruyslinck,2,7,10,/works/OL2428656W,Op toernee met Leopold Sondag,Ward Ruyslinck,1.0000,1978,/books/OL4496953M,Op toernee met Leopold Sondag,,dut,1.0000,9022306755,Elsevier Manteau,1978,,4410050,VALID_COVER,128,217,JPEG,data/cache/nl-mass-editorial-engine/covers/NL-OL4496953M.jpeg,NO,NO,147.0000,181.0000,AUTO_ACCEPT,Strong author/title/language match and validated physical cover.,RESERVE,VALIDATED_AUTO_ACCEPT_NOT_NEEDED
NL,TWENTIETH_CENTURY,Ward Ruyslinck,2,7,10,/works/OL2428655W,Open beeldboek,Ward Ruyslinck,1.0000,1983,/books/OL3253052M,Open beeldboek,verzamelde opstellen over plastische kunsten,dut,1.0000,9022308898,Manteau,1983,,14584069,VALID_COVER,149,234,JPEG,data/cache/nl-mass-editorial-engine/covers/NL-OL3253052M.jpeg,NO,NO,147.0000,181.0000,AUTO_ACCEPT,Strong author/title/language match and validated physical cover.,RESERVE,VALIDATED_AUTO_ACCEPT_NOT_NEEDED
NL,TWENTIETH_CENTURY,Ward Ruyslinck,2,7,10,/works/OL19485629W,Over Ward Ruyslinck,Ward Ruyslinck | Daan Cartens,1.0000,1982,/books/OL3211183M,Over Ward Ruyslinck,beschouwingen en interviews,dut,1.0000,9062911269,BZZTôH,1982,,4236459,VALID_COVER,128,203,JPEG,data/cache/nl-mass-editorial-engine/covers/NL-OL3211183M.jpeg,NO,NO,147.0000,181.0000,AUTO_ACCEPT,Strong author/title/language match and validated physical cover.,RESERVE,VALIDATED_AUTO_ACCEPT_NOT_NEEDED
NL,TWENTIETH_CENTURY,Ward Ruyslinck,2,7,10,/works/OL19620182W,"Profiel, Ward Ruyslinck",Ward Ruyslinck,1.0000,1992,/books/OL1456306M,"Profiel, Ward Ruyslinck.",,dut,1.0000,9022312798,Manteau,1992,,3951349,VALID_COVER,128,200,JPEG,data/cache/nl-mass-editorial-engine/covers/NL-OL1456306M.jpeg,NO,NO,147.0000,181.0000,AUTO_ACCEPT,Strong author/title/language match and validated physical cover.,RESERVE,VALIDATED_AUTO_ACCEPT_NOT_NEEDED
NL,TWENTIETH_CENTURY,Ward Ruyslinck,2,7,10,/works/OL13282104W,The deadbeats,Ward Ruyslinck,1.0000,1968,/books/OL22290196M,The deadbeats,a novel,eng | dut,1.0000,0720622255,Owen,1968,,13845849,VALID_COVER,322,480,JPEG,data/cache/nl-mass-editorial-engine/covers/NL-OL22290196M.jpeg,NO,NO,147.0000,181.0000,AUTO_ACCEPT,Strong author/title/language match and validated physical cover.,RESERVE,VALIDATED_AUTO_ACCEPT_NOT_NEEDED
NL,TWENTIETH_CENTURY,Ward Ruyslinck,2,7,10,/works/OL2428657W,The reservation,Ward Ruyslinck,1.0000,1978,/books/OL4481512M,The reservation,a novel,eng | dut,1.0000,0720605172,Owen,1978,,12686238,VALID_COVER,322,500,JPEG,data/cache/nl-mass-editorial-engine/covers/NL-OL4481512M.jpeg,NO,NO,147.0000,181.0000,AUTO_ACCEPT,Strong author/title/language match and validated physical cover.,RESERVE,VALIDATED_AUTO_ACCEPT_NOT_NEEDED
NL,TWENTIETH_CENTURY,Ward Ruyslinck,2,7,10,/works/OL2428662W,Wurgtechnieken,Ward Ruyslinck,1.0000,1980,/books/OL4165886M,Wurgtechnieken,,dut,1.0000,9022307859,Elsevier Manateau,1980,,4371039,VALID_COVER,128,221,JPEG,data/cache/nl-mass-editorial-engine/covers/NL-OL4165886M.jpeg,NO,NO,147.0000,181.0000,AUTO_ACCEPT,Strong author/title/language match and validated physical cover.,RESERVE,VALIDATED_AUTO_ACCEPT_NOT_NEEDED
NL,TWENTIETH_CENTURY,Ward Ruyslinck,2,7,10,/works/OL28172668W,De verliefde akala,Ward Ruyslinck,1.0000,1975,/books/OL38568785M,De verliefde akala,,dut,1.0000,9789022304648,,1975,,12806866,VALID_COVER,264,500,JPEG,data/cache/nl-mass-editorial-engine/covers/NL-OL38568785M.jpeg,NO,NO,142.0000,172.0000,AUTO_ACCEPT,Strong author/title/language match and validated physical cover.,RESERVE,VALIDATED_AUTO_ACCEPT_NOT_NEEDED
NL,DUTCH_FLEMISH_CANON,Arthur van Schendel,2,6,9,/works/OL1448963W,Een zwerver verliefd,Arthur van Schendel,1.0000,1911,/books/OL24325838M,Een zwerver verliefd,,dut,1.0000,,Versluys,1919,,6450956,VALID_COVER,314,500,JPEG,data/cache/nl-mass-editorial-engine/covers/NL-OL24325838M.jpeg,NO,NO,141.0000,170.0000,AUTO_ACCEPT,Strong author/title/language match and validated physical cover.,RESERVE,VALIDATED_AUTO_ACCEPT_NOT_NEEDED
NL,DUTCH_FLEMISH_CANON,Arthur van Schendel,2,6,9,/works/OL12035705W,Herinneringen van een dommen jongen,Arthur van Schendel,1.0000,1934,/books/OL18447065M,Herinneringen van een dommen jongen,,dut,1.0000,,Nijgh & Van Ditmar,1934,,6723609,VALID_COVER,368,500,JPEG,data/cache/nl-mass-editorial-engine/covers/NL-OL18447065M.jpeg,NO,NO,141.0000,170.0000,AUTO_ACCEPT,Strong author/title/language match and validated physical cover.,RESERVE,VALIDATED_AUTO_ACCEPT_NOT_NEEDED
NL,DUTCH_FLEMISH_CANON,Arthur van Schendel,2,6,9,/works/OL1448979W,Jan Compagnie,Arthur van Schendel,1.0000,1941,/books/OL24651739M,Jan Compagnie,,dut,1.0000,,Nijgh & Van Ditmar,1941,,6760411,VALID_COVER,317,500,JPEG,data/cache/nl-mass-editorial-engine/covers/NL-OL24651739M.jpeg,NO,NO,141.0000,170.0000,AUTO_ACCEPT,Strong author/title/language match and validated physical cover.,RESERVE,VALIDATED_AUTO_ACCEPT_NOT_NEEDED
NL,DUTCH_FLEMISH_CANON,Arthur van Schendel,2,6,9,/works/OL15166873W,Maneschijn,Arthur van Schendel,1.0000,1948,/books/OL24236209M,Maneschijn,,dut,1.0000,,In den Toren,1948,,6452556,VALID_COVER,322,500,JPEG,data/cache/nl-mass-editorial-engine/covers/NL-OL24236209M.jpeg,NO,NO,141.0000,170.0000,AUTO_ACCEPT,Strong author/title/language match and validated physical cover.,RESERVE,VALIDATED_AUTO_ACCEPT_NOT_NEEDED
NL,DUTCH_FLEMISH_CANON,Arthur van Schendel,2,6,9,/works/OL1448971W,Nachtgedaanten,Arthur van Schendel,1.0000,1938,/books/OL24236203M,Nachtgedaanten,,dut,1.0000,,[A.A.M. Stols],1938,,6757823,VALID_COVER,333,500,JPEG,data/cache/nl-mass-editorial-engine/covers/NL-OL24236203M.jpeg,NO,NO,141.0000,170.0000,AUTO_ACCEPT,Strong author/title/language match and validated physical cover.,RESERVE,VALIDATED_AUTO_ACCEPT_NOT_NEEDED
NL,DUTCH_FLEMISH_CANON,Arthur van Schendel,2,6,9,/works/OL15166869W,Over boeken,Arthur van Schendel,1.0000,1954,/books/OL24236205M,Over boeken,,dut | und,1.0000,,Wereldbibliotheek-Vereniging,1954,,6760486,VALID_COVER,297,500,JPEG,data/cache/nl-mass-editorial-engine/covers/NL-OL24236205M.jpeg,NO,NO,141.0000,170.0000,AUTO_ACCEPT,Strong author/title/language match and validated physical cover.,RESERVE,VALIDATED_AUTO_ACCEPT_NOT_NEEDED
NL,DUTCH_FLEMISH_CANON,Arthur van Schendel,2,6,9,/works/OL15731861W,Rose-Angélique,Arthur van Schendel,1.0000,1922,/books/OL24660226M,Rose-Angélique,de droomers van de liefde,dut,1.0000,,J.M. Meulenhoff,1922,,6776707,VALID_COVER,343,500,JPEG,data/cache/nl-mass-editorial-engine/covers/NL-OL24660226M.jpeg,NO,NO,141.0000,170.0000,AUTO_ACCEPT,Strong author/title/language match and validated physical cover.,RESERVE,VALIDATED_AUTO_ACCEPT_NOT_NEEDED
NL,TWENTIETH_CENTURY,Hubert Lampo,2,7,10,/works/OL1337954W,De ruiter op de wolken,Hubert Lampo,1.0000,1967,/books/OL24922017M,De ruiter op de wolken,,dut,1.0000,,Heideland,1971,,6868388,VALID_COVER,300,500,JPEG,data/cache/nl-mass-editorial-engine/covers/NL-OL24922017M.jpeg,NO,NO,141.0000,170.0000,AUTO_ACCEPT,Strong author/title/language match and validated physical cover.,RESERVE,VALIDATED_AUTO_ACCEPT_NOT_NEEDED
NL,TWENTIETH_CENTURY,Hubert Lampo,2,7,10,/works/OL1337929W,De vingerafdrukken van Brahma,Hubert Lampo,1.0000,1972,/books/OL5495421M,De vingerafdrukken van Brahma,en andere verhalen.,dut,1.0000,,Meulenhoff,1972,,12675467,VALID_COVER,305,500,JPEG,data/cache/nl-mass-editorial-engine/covers/NL-OL5495421M.jpeg,NO,NO,141.0000,170.0000,AUTO_ACCEPT,Strong author/title/language match and validated physical cover.,RESERVE,VALIDATED_AUTO_ACCEPT_NOT_NEEDED
NL,TWENTIETH_CENTURY,Hubert Lampo,2,7,10,/works/OL1337958W,Hélène Defraye,Hubert Lampo,1.0000,1962,/books/OL24335318M,Hélène Defraye,,dut,1.0000,,Manteau,[1962],,6462115,VALID_COVER,297,500,JPEG,data/cache/nl-mass-editorial-engine/covers/NL-OL24335318M.jpeg,NO,NO,141.0000,170.0000,AUTO_ACCEPT,Strong author/title/language match and validated physical cover.,RESERVE,VALIDATED_AUTO_ACCEPT_NOT_NEEDED
NL,TWENTIETH_CENTURY,Ivo Michiels,2,5,8,/works/OL5296555W,Orchis militaris,Ivo Michiels,1.0000,1968,/books/OL24968623M,Orchis militaris,,dut,1.0000,,De Bezige Bij,1970,,6881773,VALID_COVER,311,500,JPEG,data/cache/nl-mass-editorial-engine/covers/NL-OL24968623M.jpeg,NO,NO,141.0000,170.0000,AUTO_ACCEPT,Strong author/title/language match and validated physical cover.,RESERVE,VALIDATED_AUTO_ACCEPT_NOT_NEEDED
NL,DUTCH_FLEMISH_CANON,Jacob van Lennep,2,6,9,/works/OL15631553W,Onze voorouders,Jacob van Lennep,1.0000,1897,/books/OL24579101M,Onze voorouders,,dut,1.0000,,A.W. Sijthoff,1897,,9768725,VALID_COVER,315,500,JPEG,data/cache/nl-mass-editorial-engine/covers/NL-OL24579101M.jpeg,NO,NO,141.0000,170.0000,AUTO_ACCEPT,Strong author/title/language match and validated physical cover.,RESERVE,VALIDATED_AUTO_ACCEPT_NOT_NEEDED
NL,DUTCH_FLEMISH_CANON,Jacob van Lennep,2,6,9,/works/OL1457999W,"Vermakelijke anekdoten, en historische herinneringen: Een nalatenschap",Jacob van Lennep,1.0000,1870,/books/OL23524678M,"Vermakelijke anekdoten, en historische herinneringen: Een nalatenschap",,dut,1.0000,,Gebroeders Kraay,1870,,6226623,VALID_COVER,328,500,JPEG,data/cache/nl-mass-editorial-engine/covers/NL-OL23524678M.jpeg,NO,NO,141.0000,170.0000,AUTO_ACCEPT,Strong author/title/language match and validated physical cover.,RESERVE,VALIDATED_AUTO_ACCEPT_NOT_NEEDED
NL,DUTCH_FLEMISH_CANON,Jacob van Lennep,2,6,9,/works/OL15710548W,Verspreide opstellen,Jacob van Lennep,1.0000,1878,/books/OL24634046M,Verspreide opstellen,,dut,1.0000,,Nijhoff,1878,,6726528,VALID_COVER,317,500,JPEG,data/cache/nl-mass-editorial-engine/covers/NL-OL24634046M.jpeg,NO,NO,141.0000,170.0000,AUTO_ACCEPT,Strong author/title/language match and validated physical cover.,RESERVE,VALIDATED_AUTO_ACCEPT_NOT_NEEDED
NL,YOUTH,Marc de Bel,2,8,12,/works/OL16797757W,Blinker en de Bakfietsbioscoop,Marc De Bel,1.0000,1989,/books/OL25419257M,Blinker en de Bakfietsbioscoop,,dut,1.0000,,Davidsfonds/Infodok,1989,,7243826,VALID_COVER,172,264,JPEG,data/cache/nl-mass-editorial-engine/covers/NL-OL25419257M.jpeg,NO,NO,141.0000,170.0000,AUTO_ACCEPT,Strong author/title/language match and validated physical cover.,RESERVE,VALIDATED_AUTO_ACCEPT_NOT_NEEDED
NL,TWENTIETH_CENTURY,Mensje van Keulen,2,6,9,/works/OL15196997W,Drie mannetjesputters van De Arbeiderspers bij Scheltema Holkema Vermeulen,Maarten 't Hart | Mensje van Keulen | Gerrit Komrij,1.0000,1977,/books/OL24326378M,Drie mannetjesputters van De Arbeiderspers bij Scheltema Holkema Vermeulen,,dut,1.0000,,De Arbeiderspers,1977,,6451845,VALID_COVER,360,500,JPEG,data/cache/nl-mass-editorial-engine/covers/NL-OL24326378M.jpeg,NO,NO,141.0000,170.0000,AUTO_ACCEPT,Strong author/title/language match and validated physical cover.,RESERVE,VALIDATED_AUTO_ACCEPT_NOT_NEEDED
NL,TWENTIETH_CENTURY,Simon Carmiggelt,2,8,12,/works/OL975188W,Poespas,Simon Carmiggelt,1.0000,1952,/books/OL22901271M,Poespas.,Alle kattenverhalen en nog veel meer,dut,1.0000,,De Arbeiderspers,1952,,8036688,VALID_COVER,299,500,JPEG,data/cache/nl-mass-editorial-engine/covers/NL-OL22901271M.jpeg,NO,NO,141.0000,170.0000,AUTO_ACCEPT,Strong author/title/language match and validated physical cover.,RESERVE,VALIDATED_AUTO_ACCEPT_NOT_NEEDED
NL,DUTCH_FLEMISH_CANON,Jacob van Lennep,2,6,9,/works/OL1458000W,Nederlandsche legenden in rijm gebracht. De strijd met Vlaanderen. Jacoba en Bertha. Het huis ..,Jacob van Lennep,1.0000,1831,/books/OL23548832M,Nederlandsche legenden in rijm gebracht. De strijd met Vlaanderen. Jacoba en Bertha. Het huis ...,,dut,1.0000,,,1832,,6241160,VALID_COVER,283,500,JPEG,data/cache/nl-mass-editorial-engine/covers/NL-OL23548832M.jpeg,NO,NO,136.0000,161.0000,AUTO_ACCEPT,Strong author/title/language match and validated physical cover.,RESERVE,VALIDATED_AUTO_ACCEPT_NOT_NEEDED
