language,policy_author,work_title,edition_key,edition_languages,isbn,publisher,publish_date,page_count_state,error
NL,Anna Enquist,Daer een seigneur zijn handen wast,/books/OL41233671M,dut,9789085164760,B for Books,2017,NO_PAGE_COUNT,
NL,Anna Enquist,De ijsdragers,/books/OL9112842M,dut,9789074336703,Stichting Collectieve Propaganda van het Nederlandse Boek,2002,NO_PAGE_COUNT,
NL,Arnon Grunberg,Nee / Je weet hoe vossen zijn,/books/OL38538519M,dut,9789059655263,Nationaal Comité 4 en 5 mei,2020,NO_PAGE_COUNT,
NL,Arthur Japin,De grote wereld,/books/OL24332406M,dut,9059650271,Stichting Collectieve Propaganda van het Nederlandse Boek,2006,NO_PAGE_COUNT,
NL,Arthur Japin,"Geluk, een geheimtaal",/books/OL62360071M,dut,978 90 295 4051 3,De Arbeiderspers (singeluitgeverijen),2019 1126,NO_PAGE_COUNT,
NL,Arthur Japin,Heksenmonument,/books/OL48571887M,dut,9789048869244,Lebowski,2023,NO_PAGE_COUNT,
NL,Ilja Leonard Pfeijffer,Monterosso mon amour,/books/OL41239896M,dut,9789059658783,Stichting Collectieve Propaganda van het Nederlandse Boek,[2022],NO_PAGE_COUNT,
NL,Peter Buwalda,Bonita Avenue,/books/OL25426615M,dut,9789023457299,De Bezige Bij,2010,NO_PAGE_COUNT,
NL,Thomas Rosenboom,De mensen thuis,/books/OL25735273M,dut,9041300325,Singel Pockets,2001,NO_PAGE_COUNT,
NL,Tommy Wieringa,Nirwana,/books/OL59690511M,dut,9789403128658,De Bezige Bij,2023,NO_PAGE_COUNT,
NL,Herman Koch,Over de lengte van een gang,/books/OL25432000M,dut,9789085161615,B for Books,,NO_PAGE_COUNT,
NL,Anna Enquist,Grieks voetbal,/books/OL25420220M,dut,9789085161936,B for Books,,NO_PAGE_COUNT,
NL,Arnon Grunberg,"De advocaat, de leerlooier en de forellen",/books/OL24300732M,dut,,Boekhandel Lankamp & Brinkman,1994,NO_PAGE_COUNT,
NL,Herman Koch,"Red ons, Maria Montanelli",/books/OL25938087M,dut,,De Volkskrant,2011,NO_PAGE_COUNT,
NL,Kader Abdolah,De man,/books/OL25677889M,dut,,Wolters-Noordhoff,,NO_PAGE_COUNT,
NL,Saskia Noort,Afgunst,/books/OL25775413M,dut,9789059650497,Stichting Collectieve Propaganda van het Nederlandse Boek,2007,NO_PAGE_COUNT,
NL,Saskia Noort,De verbouwing,/books/OL25945566M,dut,9789041409713,Anthos,[2009],NO_PAGE_COUNT,
NL,Simone van der Vlugt,Aan niemand vertellen,/books/OL25422848M,dut,9789041423474,Anthos,2012,NO_PAGE_COUNT,
NL,Simone van der Vlugt,Herfstlied,/books/OL32104800M,dut,9789041415929,Anthos,2010,NO_PAGE_COUNT,
NL,Simone van der Vlugt,Schaduwzuster,/books/OL25930318M,dut,9789041420343,Anthos,2011,NO_PAGE_COUNT,
NL,Simone van der Vlugt,Wij zijn de Bickers,/books/OL28315453M,dut,9789044637598,Prometheus,2019,NO_PAGE_COUNT,
NL,Frederik van Eeden,Sirius en Siderius,/books/OL24627095M,dut,9063251378,Servire,1980,NO_PAGE_COUNT,
NL,Marcellus Emants,Drie novellen,/books/OL24334744M,dut,9027410860,Het Spectrum,1981,NO_PAGE_COUNT,
NL,Marcellus Emants,Een nagelaten bekentenis,/books/OL24334742M,dut,9021495902,Querido,1984,NO_PAGE_COUNT,
NL,Marcellus Emants,Een zitting met Eusapia Paladino,/books/OL24334611M,dut,9022305856,Manteau,1977,NO_PAGE_COUNT,
NL,Marcellus Emants,Goudakkers illusiën,/books/OL24334735M,dut,9021495325,Querido,1982,NO_PAGE_COUNT,
NL,Marcellus Emants,Jong Holland,/books/OL24334739M,dut,9021495775,Querido,1983,NO_PAGE_COUNT,
NL,Menno ter Braak,Hampton Court,/books/OL24639217M,dut,9028204598,Van Oorschot,1964 [i.e. 1978],NO_PAGE_COUNT,
NL,Nescio,Heimwee en andere fragmenten,/books/OL24629498M,dut,9028201165,Van Oorschot,1978,NO_PAGE_COUNT,
NL,Simon Vestdijk,Albert Verwey en de idee,/books/OL24326152M,dut,9025380255,Polak & Van Gennep,1965,NO_PAGE_COUNT,
NL,Simon Vestdijk,Het wezen van de angst,/books/OL24326120M,dut,9023412302,De Bezige Bij,1979,NO_PAGE_COUNT,
NL,Simon Vestdijk,Terug tot Ina Damman,/books/OL24650500M,dut,9001547923,Wolters-Noordhoff,1993,NO_PAGE_COUNT,
NL,Marcellus Emants,Mensen,/books/OL24334734M,dut,9021495236,Querido,1981,NO_PAGE_COUNT,
NL,Marcellus Emants,Monaco,/books/OL25432381M,dut,9020414627,Veen,[1999],NO_PAGE_COUNT,
NL,Nescio,Dichtertje ; De Uitvreter ; Titaantjes,/books/OL25448371M,dut,9038854951,Nijgh & Van Ditmar,1997,NO_PAGE_COUNT,
NL,Carry van Bruggen,Eva,/books/OL24639303M,dut,,Querido,1927,NO_PAGE_COUNT,
NL,Cyriel Buysse,Uit Vlaanderen,/books/OL25650008M,dut,,H. J. W. BECHT,1899,NO_PAGE_COUNT,
NL,Felix Timmermans,Ik zag Cecilia komen,/books/OL25448178M,dut,,Van Kampen,[1938],NO_PAGE_COUNT,
NL,Felix Timmermans,Pallieter,/books/OL26503791M,dut,,Project Gutenberg,2004 February 28,NO_PAGE_COUNT,
NL,Joost van den Vondel,Alle de Werken,/books/OL23271148M,dut,,Leeuw,1900,NO_PAGE_COUNT,
NL,Joost van den Vondel,"Op het onset van Piet Heyns buyt, het VVest-Injes-Huys spreeckt",/books/OL33197417M,dut,,W.J. Blaeu?,1629,NO_PAGE_COUNT,
NL,Joost van den Vondel,Toneelspelen,/books/OL16390644M,dut,,Elsevier,1949,NO_PAGE_COUNT,
NL,Louis Couperus,De boeken der kleine zielen,/books/OL24651395M,dut,,Van Kampen,1969,NO_PAGE_COUNT,
NL,Louis Couperus,Reis-impressies,/books/OL24627092M,dut,,Veen,[1894],NO_PAGE_COUNT,
NL,Louis Couperus,Wereldvrede ..,/books/OL24626849M,dut,,Veen,1924,NO_PAGE_COUNT,
NL,Louis Couperus,Williswinde,/books/OL24651296M,dut,,Veen,[1895],NO_PAGE_COUNT,
NL,Menno ter Braak,De nieuwe elite,/books/OL24327682M,dut,,Stols,1945,NO_PAGE_COUNT,
NL,Frederik van Eeden,Enkele verzen,/books/OL23435722M,dut,,W. Versluys,1898,NO_PAGE_COUNT,
NL,Simon Vestdijk,De kellner en de levenden,/books/OL24326235M,dut,,De Bezige Bij,1950,NO_PAGE_COUNT,
NL,Frederik van Eeden,Johannes Viator: het boek van de liefde,/books/OL23441431M,dut,,W. Versluys,1895,NO_PAGE_COUNT,
NL,Frederik van Eeden,Van de koele meren des doods,/books/OL25182238M,dut,,Wereldbibliotheek,1935,NO_PAGE_COUNT,
NL,Simon Vestdijk,De nadagen van Pilatus,/books/OL25483817M,dut,,De Arbeiderspers,1959,NO_PAGE_COUNT,
NL,Simon Vestdijk,De toekomst der religie,/books/OL24326138M,dut,,Van Loghum Slaterus,1965,NO_PAGE_COUNT,
NL,Arthur van Schendel,De wereld een dansfeest,/books/OL28418228M,dut,9789021493992,Em. Querido's Uitgeverij B.V.,1992,NO_PAGE_COUNT,
NL,Jacob van Lennep,A-saga ; E-legende ; O-sprook,/books/OL24300343M,dut,902230678X,Manteau,[1978],NO_PAGE_COUNT,
NL,Jacob van Lennep,De roos van Dekama,/books/OL24634034M,dut,9032500953,De Kern,1980,NO_PAGE_COUNT,
NL,Arthur van Schendel,Angiolino en de lente,/books/OL24245038M,dut,,Boosten en Stols,1925,NO_PAGE_COUNT,
NL,Arthur van Schendel,Een zwerver verdwaald,/books/OL24650602M,dut,,Versluys,1907,NO_PAGE_COUNT,
NL,Jacob van Lennep,De pleegzoon,/books/OL24632815M,dut,,Sijthoff,[ca. 1880],NO_PAGE_COUNT,
NL,Jacob van Lennep,Elizabeth Musch,/books/OL245151M,dut,,A.W. Sijthoff,1891,NO_PAGE_COUNT,
NL,Jacob van Lennep,Ferdinand Huyck,/books/OL24627071M,dut,,Sijthoff,[1883],NO_PAGE_COUNT,
NL,Jacob van Lennep,Klaasje Zevenster,/books/OL24603669M,dut,,Sijthoff,1897,NO_PAGE_COUNT,
NL,Jacob van Lennep,Nederland in den goeden ouden tijd,/books/OL25945545M,dut,,De Haan,1942,NO_PAGE_COUNT,
NL,Jacob van Lennep,Novellen,/books/OL24625637M,dut,,Sijthoff,1897,NO_PAGE_COUNT,
NL,Spinoza,"Spinoza, Opera",/books/OL18798561M,lat | ger | dut | heb,353303447X,C. Winter,1925,NO_PAGE_COUNT,
NL,Joep Dohmen,Tegen de onverschilligheid,/books/OL41292558M,dut,9789026321702,Ambo,2007,NO_PAGE_COUNT,
NL,Jacques Presser,Orpheus en Ahasverus,/books/OL25198956M,dut,9025315143,Athenaeum-Polak & Van Gennep,1969,NO_PAGE_COUNT,
NL,Jacques Presser,Moord in Meppel,/books/OL24330777M,dut,,Elsevier,1953,NO_PAGE_COUNT,
NL,Johan Huizinga,De mensch en de beschaving,/books/OL24655286M,dut,,Pantheon/Veen,1946,NO_PAGE_COUNT,
NL,Johan Huizinga,Nederland's geestesmerk,/books/OL26207724M,dut,,Sijthoff,1935,NO_PAGE_COUNT,
NL,Johan Huizinga,Over de grenzen van spel en ernst in de cultuur,/books/OL25216049M,dut,,H.D. Tjeenk Willink,1933,NO_PAGE_COUNT,
NL,Govert Schilling,Tweeling aarde,/books/OL12802110M,dut,9789028417496,Uitgeverij Wereldbibliotheek,"December 22, 2003",NO_PAGE_COUNT,
NL,Midas Dekkers,Poes,/books/OL25192491M,dut,9789025430825,Uitgeverij Contact,2009,NO_PAGE_COUNT,
NL,Midas Dekkers,Rood,/books/OL25192464M,dut,9789025435776,Uitgeverij Contact,2011,NO_PAGE_COUNT,
NL,Midas Dekkers,Zo goed als nieuw,/books/OL26456440M,dut,9789085160908,B for Books,,NO_PAGE_COUNT,
NL,Cees Nooteboom,Het gezicht van het oog,/books/OL858194M,dut,3926608692,Kleinheinrich,1991,NO_PAGE_COUNT,
NL,Harry Mulisch,Archibald Strohalm,/books/OL30625527M,dut,9023406907,De Bezige Bij,1980,NO_PAGE_COUNT,
NL,Harry Mulisch,De taal is een ei,/books/OL25417429M,dut,9025381111,Athenaeum-Polak & Van Gennep,1979,NO_PAGE_COUNT,
NL,Harry Mulisch,De versierde mens,/books/OL32557843M,dut,9023400100,De Bezige Bij,1977,NO_PAGE_COUNT,
NL,Harry Mulisch,Het stenen bruidsbed,/books/OL18755256M,dut,902149731X,De Bezige Bij,1991,NO_PAGE_COUNT,
NL,Hella S. Haasse,De tuinen van Bomarzo,/books/OL25428395M,dut,9021493101,Querido,1972,NO_PAGE_COUNT,
NL,Hugo Claus,Toneel,/books/OL9087054M,dut,9789023430469,De Bezige Bij,1989,NO_PAGE_COUNT,
NL,Jan Wolkers,Terug naar oegstgeest,/books/OL47146172M,dut,9789029090650,Meulenhoff Boekerij B.V.,1975,NO_PAGE_COUNT,
NL,Jan Wolkers,Winter-bloei,/books/OL41094038M,dut,9789059655027,Stichting voor de Collectieve Propaganda van het Nederlandse Boek,2019,NO_PAGE_COUNT,
NL,Maarten 't Hart,De stekelbaars,/books/OL24327140M,dut,9027472580,Het Spectrum,1978,NO_PAGE_COUNT,
NL,Maarten 't Hart,De versnijdenis ; De neef van Mata Hari,/books/OL24327112M,dut,9028052704,Meulenhoff Educatief,1982,NO_PAGE_COUNT,
NL,Marga Minco,Maart,/books/OL25432386M,dut,9027492271,Het Spectrum,1979,NO_PAGE_COUNT,
NL,Renate Dorrestein,Echt sexy,/books/OL25724158M,dut,9789001775155,Noordhoff,2009,NO_PAGE_COUNT,
NL,Renate Dorrestein,Een hart van steen,/books/OL16413725M,dut,9025497365,Pandora,2000,NO_PAGE_COUNT,
NL,Jan Wolkers,Zomerhitte,/books/OL24334234M,dut,9059650123,Stichting Collectieve Propaganda van het Nederlandse Boek,2005,NO_PAGE_COUNT,
NL,Maarten 't Hart,Dutch dreamgirls,/books/OL24327114M,dut,9068250019,Uniepers,1984,NO_PAGE_COUNT,
NL,Renate Dorrestein,Zolang er leven is,/books/OL25439110M,dut,9025427618,Contact,2004,NO_PAGE_COUNT,
NL,Jeroen Brouwers,Liefste in de verte,/books/OL26456441M,dut,9789085161318,B for Books,,NO_PAGE_COUNT,
NL,Remco Campert,Het leven is vurrukkulluk,/books/OL25420214M,dut,9789059651456,Stichting CPNB,,NO_PAGE_COUNT,
NL,Jan Wolkers,Waar je valt daar lig je,/books/OL24300744M,dut,,Burgersdijk & Niermans,2006,NO_PAGE_COUNT,
NL,Louis Paul Boon,"Blauwbaardje in wonderland, en andere grimmige sprookjes voor verdorven kinderen",/books/OL24334786M,dut,,De Arbeiderspers,1962,NO_PAGE_COUNT,
NL,Ivo Michiels,Het boek alfa,/books/OL17205518M,dut,9023400461,Uitgeverij De Bezige Bij,1963,NO_PAGE_COUNT,
NL,Guus Kuijer,Met de poppen gooien,/books/OL25617616M,dut,9021432625,Querido,1997,NO_PAGE_COUNT,
NL,Guus Kuijer,Pappa is een hond,/books/OL50994815M,dut,9789021414126,Singel Uitgevers,1979,NO_PAGE_COUNT,
NL,Jan Terlouw,Gevangenis met een open deur,/books/OL47228799M,dut,9789060696361,Lemniscaat,"Mar 19, 1988",NO_PAGE_COUNT,
EN,Ali Smith,Autumn,/books/OL37067268M,eng,9781101870730,Pantheon Books,2016,NO_PAGE_COUNT,
EN,Ali Smith,Girl Meets Boy,/books/OL32952108M,eng,9781847670919,Canongate,2008,NO_PAGE_COUNT,
EN,Chimamanda Ngozi Adichie,Fiction,/books/OL23070597M,eng,9780073104447,McGraw-Hill Higher Education,2010,NO_PAGE_COUNT,
EN,Cormac McCarthy,Cities of the Plain,/books/OL22326475M,eng,0679423907,Kopf,1998,NO_PAGE_COUNT,
EN,Hilary Mantel,A Change of Climate,/books/OL32800501M,eng,0140127755,Penguin Books,1995,NO_PAGE_COUNT,
EN,Hilary Mantel,A Place of Greater Safety,/books/OL25563973M,eng,9780007250554,Harper Perennial,2007,NO_PAGE_COUNT,
EN,Hilary Mantel,Beyond Black,/books/OL32496277M,eng,0805073566,Henry Holt and Company,2005,NO_PAGE_COUNT,
EN,Ian McEwan,Enduring Love,/books/OL32651426M,eng,9780385494144,Anchor Books,1999-01,NO_PAGE_COUNT,
EN,Jonathan Franzen,Farther away,/books/OL25131852M,eng,9780374153571,"Farrar, Straus and Giroux",2012,NO_PAGE_COUNT,
EN,Joyce Carol Oates,"After the wreck, I picked myself up, spread my wings, and flew away",/books/OL3412941M,eng,9780060735258,HarperTempest,2006,NO_PAGE_COUNT,
EN,Julian Barnes,Arthur & George (Sound Library),/books/OL7811913M,eng,9780792738633,BBC Audiobooks,January 2006,NO_PAGE_COUNT,
EN,Louise Erdrich,Four Souls/Tracks CD,/books/OL9235861M,eng,9780060757618,HarperAudio,"June 21, 2004",NO_PAGE_COUNT,
EN,Margaret Atwood,Bashful Bob and Doleful Dorinda,/books/OL17844487M,eng,9781599900049,Bloomsbury Children's Books,2006,NO_PAGE_COUNT,
EN,Margaret Atwood,Bodily Harm,/books/OL48101746M,eng,0860683443,Virago Press,1989,NO_PAGE_COUNT,
EN,Margaret Atwood,Burning Questions,/books/OL46862320M,eng,9780771096402,McClelland & Stewart,2022,NO_PAGE_COUNT,
EN,Margaret Atwood,Cat's Eye,/books/OL48100626M,eng,1853811262,Virago,1991,NO_PAGE_COUNT,
EN,Margaret Atwood,Dancing girls and other stories,/books/OL39480347M,eng,0770415311,Seal Books,1978-09,NO_PAGE_COUNT,
EN,Thomas Pynchon,Forms of the Novella,/books/OL43333286M,eng,9780394327174,Alfred A. Knopf,1981,NO_PAGE_COUNT,
EN,Edith Wharton,Ethan Frome and Selected Stories,/books/OL31894754M,eng,9781593080907,Barnes & Noble Classics,2004,NO_PAGE_COUNT,
EN,George Eliot,Middlemarch,/books/OL44209667M,eng,9780451513304,Penguin Publishing Group,1964,NO_PAGE_COUNT,
EN,Jane Austen,Emma,/books/OL50293425M,eng,9781905716890,Prospero Books,/1993,NO_PAGE_COUNT,
EN,Jane Austen,Sense and Sensibility,/books/OL61659307M,eng,9789380914589,Samaira Book Publishers,"April 17, 2017",NO_PAGE_COUNT,
EN,Jonathan Swift,A Modest Proposal,/books/OL11310892M,eng,9780895987389,Perfection Learning,"January 31, 1980",NO_PAGE_COUNT,
EN,Jonathan Swift,Animal Farm with Connections,/books/OL9226691M,eng,9780030554346,Holt Rinehart & Winston,August 1999,NO_PAGE_COUNT,
EN,Jonathan Swift,Gulliver's Travels,/books/OL46120597M,eng,9798886000634,MiraVista Press,2022,NO_PAGE_COUNT,
EN,Mark Twain,A pen warmed-up in hell,/books/OL20945145M,eng,0060802790,Harper & Row,1973,NO_PAGE_COUNT,
EN,Mark Twain,Life as I Find It,/books/OL31960169M,eng,0060804114,Harper & Row Publishers,1978,NO_PAGE_COUNT,
EN,Mary Shelley,Bernie Wrightson's Frankenstein,/books/OL8198121M,eng,9780887331930,Underwood-Miller,January 1995,NO_PAGE_COUNT,
EN,Walt Whitman,"Leaves of Grass, a Textual Variorum of the Printed Poems, 1855-1856 Vol. I-III",/books/OL44217475M,eng,9780451515377,Penguin Publishing Group,1943,NO_PAGE_COUNT,
EN,bell hooks,Appalachian Elegy,/books/OL25316948M,eng,9780813136691,University Press of Kentucky,2012,NO_PAGE_COUNT,
EN,Alan Moore,"25,000 years of erotic freedom",/books/OL23192359M,eng,9780810948464,Harry N. Abrams,2009,NO_PAGE_COUNT,
EN,Alan Moore,Alan Moore on his work and career,/books/OL17563970M,eng,9781404210776,Rosen Pub.,2008,NO_PAGE_COUNT,
EN,Alison Bechdel,Are you my mother?,/books/OL25247569M,eng,9780618982509,Houghton Mifflin Harcourt,2012,NO_PAGE_COUNT,
EN,Art Spiegelman,Be A Nose Three Sketchbooks,/books/OL26080754M,eng,9781934781142,McSweeney's Books,2009,NO_PAGE_COUNT,
EN,Art Spiegelman,Breakdowns,/books/OL16491037M,eng,9780375423956,Pantheon Books,2008,NO_PAGE_COUNT,
EN,Tony Judt,Colabration Reistance And Retribution,/books/OL9450619M,eng,9780691059402,Princeton University Press,September 2009,NO_PAGE_COUNT,
EN,Jane Goodall,Chimpanzee family,/books/OL24617157M,eng,9781550660135,Madison Marketing Ltd.,1991,NO_PAGE_COUNT,
EN,Alice Walker,By The Light of My Father's Smile,/books/OL32650565M,eng,0704350831,Woman's Press,1998,NO_PAGE_COUNT,
EN,Anthony Burgess,A long trip to teatime,/books/OL38227238M,eng,0883730774,Stonehill Publishing Co.,1978,NO_PAGE_COUNT,
EN,Ernest Hemingway,A Farewell to Arms,/books/OL11149627M,eng,9780791096246,Chelsea House Publishers,January 2008,NO_PAGE_COUNT,
EN,Evelyn Waugh,Brideshead Revisited,/books/OL18563792M,eng,0140008217,Penguin,1962,NO_PAGE_COUNT,
EN,George Orwell,Black Gold,/books/OL24259442M,eng,9780470048030,"John Wiley & Sons, Ltd.",2006,NO_PAGE_COUNT,
EN,George Orwell,Decline of the English Murder,/books/OL24324771M,eng,9780141956558,Penguin Group UK,2010,NO_PAGE_COUNT,
EN,James Joyce,A Mother,/books/OL27818194M,eng,9781443440127,HarperPerennial Classics,2014-07-15,NO_PAGE_COUNT,
EN,James Joyce,Araby,/books/OL27816186M,eng,9781443435024,Harper Perennial Classics,2014-07-15,NO_PAGE_COUNT,
EN,Kurt Vonnegut,A Conversation with Kurt Vonnegut (Avid Reader),/books/OL12273666M,eng,9781579704537,Audio-Forum,"April 17, 2007",NO_PAGE_COUNT,
EN,Kurt Vonnegut,Basic Training,/books/OL45228619M,eng,9781511323628,Audible Studios on Brilliance,2015-09-29,NO_PAGE_COUNT,
EN,Kurt Vonnegut,Confido,/books/OL24309011M,eng,9780440339403,Random House Publishing Group,2009,NO_PAGE_COUNT,
EN,Muriel Spark,Authors' ghosts,/books/OL16258413M,eng,1874122369,Rees & O'Neill,2004,NO_PAGE_COUNT,
EN,Ray Bradbury,A Memory of Murder,/books/OL7517842M,eng,9780440155591,Dell,1984-02,NO_PAGE_COUNT,
EN,Ray Bradbury,AGS exploring literature,/books/OL9737957M,eng,9780785418146,American Guidance Service,1999,NO_PAGE_COUNT,
EN,Toni Morrison,A Mercy,/books/OL31938366M,eng,9780701183417,Chatto & Windus,2008,NO_PAGE_COUNT,
EN,Ursula K. Le Guin,A Fisherman of the Inland Sea,/books/OL3309169M,eng,0060763515,Perennial,2005,NO_PAGE_COUNT,
EN,William Faulkner,A Fable,/books/OL2724612M,eng,0824068297,Garland Pub.,1986,NO_PAGE_COUNT,
EN,William Faulkner,As I Lay Dying,/books/OL37042463M,eng,9781789505061,Arcturus,2019,NO_PAGE_COUNT,
EN,William Golding,Critical Perspective,/books/OL11170942M,eng,9780877547891,Chelsea House Publications,December 1986,NO_PAGE_COUNT,
EN,J.R.R. Tolkien,Bilbo's Last Song (At the Grey Havens),/books/OL51709222M,eng,0395538106,Houghton Mifflin Company,1990,NO_PAGE_COUNT,
EN,J.R.R. Tolkien,HOBBIT BIRTHDAY BOOK,/books/OL7467113M,eng,9780395636299,Houghton Mifflin,"October 27, 1992",NO_PAGE_COUNT,
EN,J.R.R. Tolkien,Mr. Bliss,/books/OL51709191M,eng,0395329361,Houghton Mifflin Company,1983,NO_PAGE_COUNT,
EN,Katherine Paterson,A sense of wonder,/books/OL794407M,eng,0452274761,Plume,1995,NO_PAGE_COUNT,
EN,Katherine Paterson,Blueberries for the Queen,/books/OL3676275M,eng,0066239427,HarperCollins,2004,NO_PAGE_COUNT,
EN,Lewis Carroll,Alice's Adventures in Wonderland. Jigsaw Book,/books/OL37792755M,eng,9781406368321,Walker Books,2015,NO_PAGE_COUNT,
EN,Lois Lowry,Anastasia has the answers,/books/OL7973963M,eng,9780808596561,Tandem Library,October 1999,NO_PAGE_COUNT,
EN,Madeleine L'Engle,Access to Literature,/books/OL12096983M,eng,9781559993845,"LinguiSystems, Inc.",March 1993,NO_PAGE_COUNT,
EN,Madeleine L'Engle,Anytime Prayers,/books/OL1434553M,eng,0877880557,H. Shaw,1994,NO_PAGE_COUNT,
EN,Neil Gaiman,Batman,/books/OL38568891M,eng,9781448757381,Paw Prints,2011,NO_PAGE_COUNT,
EN,Neil Gaiman,Blueberry girl,/books/OL16478625M,eng,9780060838089,HarperCollinsPublishers,2008,NO_PAGE_COUNT,
EN,Neil Gaiman,Coraline,/books/OL32805601M,eng,9780754079255,Trophy Pr,"Jul 16, 2004",NO_PAGE_COUNT,
EN,Roald Dahl,Boy,/books/OL39483514M,eng,9780857550460,Jonathan Cape,2012,NO_PAGE_COUNT,
EN,Roald Dahl,Charlie and the Chocolate Factory,/books/OL28338839M,eng,9780141326191,Puffin,"Jul 17, 2000",NO_PAGE_COUNT,
EN,Roald Dahl,Charlie and the Great Glass Elevator,/books/OL39486892M,eng,0394824725,Alfred A. Knopf,1972,NO_PAGE_COUNT,
EN,Roald Dahl,Disney's James & the giant peach,/books/OL793526M,eng,0786831057,Disney Press,1996,NO_PAGE_COUNT,
EN,Roald Dahl,Esio Trot,/books/OL39484409M,eng,9780141349855,Puffin,2013,NO_PAGE_COUNT,
EN,Roald Dahl,George's Marvelous Medicine,/books/OL39483530M,eng,9780141365503,Puffin,2016,NO_PAGE_COUNT,
FR,Alice Zeniter,Juste avant l'Oubli,/books/OL45447286M,fre,9782290126486,J'ai lu,2016,NO_PAGE_COUNT,
FR,Amélie Nothomb,"Aspirine, mots de tete",/books/OL25426043M,fre,9782845620322,La Passe du Vent,2001,NO_PAGE_COUNT,
FR,Amélie Nothomb,L'entrée du christ à Bruxelles,/books/OL25426042M,fre,,Albin Michel,2004,NO_PAGE_COUNT,
FR,Amélie Nothomb,Le mystère par exellence,/books/OL25426041M,fre,9782702835593,Albin Michel,1999,NO_PAGE_COUNT,
FR,Boualem Sansal,2084,/books/OL26336214M,fre,9782072713989,Gallimard,2017,NO_PAGE_COUNT,
FR,Daniel Pennac,Cabot-Caboche,/books/OL29305377M,fre,9782092821190,Nathan,1994,NO_PAGE_COUNT,
FR,Fred Vargas,Ceux qui vont mourir te saluent,/books/OL22140338M,fre,2290309923,J'ai Lu,2004,NO_PAGE_COUNT,
FR,Fred Vargas,Quelle chaleur allons-nous connaître ? Quelles solutions pour nous nourrir ?,/books/OL45303351M,fre,9782080286550,Flammarion,2022,NO_PAGE_COUNT,
FR,Jean-Christophe Rufin,Asmara Et Les Causes Per,/books/OL8839518M,fre,9782070417308,Gallimard,"March 14, 2001",NO_PAGE_COUNT,
FR,Jean-Christophe Rufin,L' Abyssin,/books/OL22639942M,fre,2070406970,Gallimard,1997,NO_PAGE_COUNT,
FR,Michel Houellebecq,Michel Houellebecq,/books/OL8910399M,fre,9782277601715,J'ai Lu,"January 1, 2000",NO_PAGE_COUNT,
FR,Nancy Huston,Tombeau de romain gary (nouvelle édition),/books/OL9831977M,fre,9782742737901,Actes Sud,"January 23, 2002",NO_PAGE_COUNT,
FR,Nina Bouraoui,L' âge blessé,/books/OL22116232M,fre,2253146919,Fayard,1998,NO_PAGE_COUNT,
FR,Nina Bouraoui,Mes mauvaises pensées,/books/OL24627679M,fre,9782070336371,Gallimard,2006,NO_PAGE_COUNT,
FR,Sorj Chalandon,Enfants de l'ombre,/books/OL876826M,fre | eng | spa,2862341266,Marval,1993,NO_PAGE_COUNT,
FR,Tahar Ben Jelloun,Le dernier ami,/books/OL16407149M,fre,2020798328,Éditions du Seuil,2004,NO_PAGE_COUNT,
FR,Yasmina Khadra,L'outrage fait à Sarah Ikker,/books/OL42942052M,fre,9782260053217,Julliard,2019,NO_PAGE_COUNT,
FR,Éric-Emmanuel Schmitt,Monsieur Ibrahim et les fleurs du Coran,/books/OL22821403M,fre,2210754674,Magnard,2004,NO_PAGE_COUNT,
FR,Éric-Emmanuel Schmitt,Oscar et la dame rose,/books/OL25427493M,fre,9782226135025,Albin Michel,2002,NO_PAGE_COUNT,
FR,Marc Levy,Sept Jours Pour Une Eternite,/books/OL8865947M,fre,9782221097670,Fixot,"February 20, 2003",NO_PAGE_COUNT,
FR,Blaise Pascal,De l'art de persuader,/books/OL8942885M,fre,9782842056148,Mille et une nuits,"July 21, 2003",NO_PAGE_COUNT,
FR,Denis Diderot,Euvres (Bouquins),/books/OL8865684M,fre,9782221057216,R. Laffont,1994,NO_PAGE_COUNT,
FR,Edgar Morin,"Amour, Poésie, Sagesse",/books/OL37048613M,fre,9782020361958,POINTS edition,1999,NO_PAGE_COUNT,
FR,Edgar Morin,L' humanité de l'humanité,/books/OL3669065M,fre,2020227150,Seuil,2001,NO_PAGE_COUNT,
FR,Edgar Morin,L' unité de l'homme,/books/OL21164113M,fre,2020048221,Seuil,1974,NO_PAGE_COUNT,
FR,Edgar Morin,La connaissance de la connaissance,/books/OL2073060M,fre,2020092573,Seuil,1986,NO_PAGE_COUNT,
FR,Gaston Bachelard,L'intuition de l'instant,/books/OL50528439M,fre,2282300432,Denoël,1985-10,NO_PAGE_COUNT,
FR,Gaston Bachelard,La formation de l'esprit scientifique,/books/OL8932292M,fre,9782711611508,European Schoolbooks,"July 31, 1999",NO_PAGE_COUNT,
FR,Henri Bergson,L'évolution créatrice,/books/OL44808134M,fre,9782130399421,Presses Universitaires de France,1986-11,NO_PAGE_COUNT,
FR,Paul Ricœur,Lectures,/books/OL9711810M,fre,9782020191180,Seuil,"March 17, 1997",NO_PAGE_COUNT,
FR,Raymond Aron,La philosophie critique de l'histoire,/books/OL9495427M,fre,9782020005937,Seuil,"November 1, 1970",NO_PAGE_COUNT,
FR,René Descartes,Les passions de l'ame,/books/OL12467253M,fre,9782253054559,Livre de Poche,"October 1, 1990",NO_PAGE_COUNT,
FR,Roland Barthes,L' Aventure sémiologique,/books/OL21756582M,fre,202008936X,Éditions du Seuil,1985,NO_PAGE_COUNT,
FR,Roland Barthes,Le bruissement de la langue,/books/OL22542871M,fre,2020189046,Editions du Seuil,1993,NO_PAGE_COUNT,
FR,Alexandre Dumas,Impressions de voyage,/books/OL50525552M,fre,,Librairie de Charles Gosselin,1842,NO_PAGE_COUNT,
FR,Alexandre Dumas,Isabel de Baviére,/books/OL24136938M,fre,,Michel Lévy,1862,NO_PAGE_COUNT,
FR,Alexandre Dumas,La dernière année de Marie Dorval,/books/OL23442108M,fre,,Librairie Nouvelle,1855,NO_PAGE_COUNT,
FR,Alexandre Dumas,"Le Comte de Monte-Cristo, II",/books/OL43254660M,fre | eng,9781145233584,Nabu Press,2010,NO_PAGE_COUNT,
FR,Alexandre Dumas,Le dame pâle,/books/OL50539871M,fre,9782210755536,Magnard,2011,NO_PAGE_COUNT,
FR,Alexandre Dumas,Les demoiselles de Saint-Cyr,/books/OL20598336M,fre | eng,,Dulau and Co.,1885,NO_PAGE_COUNT,
FR,Alexandre Dumas,Les Deux Diane,/books/OL33185184M,fre,,C. Lévy,1882?,NO_PAGE_COUNT,
FR,Alexandre Dumas,Mes mémoires,/books/OL24148740M,fre,,A. le Vasseur,1860,NO_PAGE_COUNT,
FR,Alfred de Musset,Le fils du Titien,/books/OL19580979M,fre,2910233715,Mille et une nuits,1995,NO_PAGE_COUNT,
FR,Alfred de Musset,Oeuvres illustrées,/books/OL23322755M,fre,,[Magasins du Bon Marché],1908,NO_PAGE_COUNT,
FR,Alphonse Daudet,Letters de Mon Moulin,/books/OL9897018M,fre,9782266083232,Pocket (FR),January 2000,NO_PAGE_COUNT,
FR,Alphonse Daudet,[Œuvres],/books/OL2426481M,fre,2070111091,Gallimard,1986,NO_PAGE_COUNT,
FR,Alphonse de Lamartine,Correspondance,/books/OL23291276M,fre,,Hachette,1881,NO_PAGE_COUNT,
FR,Alphonse de Lamartine,Correspondance Alphonse de Lamartine-Aymon de Virieu,/books/OL18925933M,fre,285203851X,Champion,1998,NO_PAGE_COUNT,
FR,Alphonse de Lamartine,Correspondance de Lamartine,/books/OL28255M,fre,,Hachette et cie [etc.],1881,NO_PAGE_COUNT,
FR,Alphonse de Lamartine,"Geneviève: histoire d'une servante,",/books/OL23437602M,fre,,M. Lévy frères,1851,NO_PAGE_COUNT,
FR,Alphonse de Lamartine,Histoire de la Turquie,/books/OL18781134M,fre,,Librairie du Constitutionnel,1854,NO_PAGE_COUNT,
FR,Alphonse de Lamartine,Histoire des Girondins,/books/OL15130301M,fre,,"Furne, W. Coquebert",1847,NO_PAGE_COUNT,
FR,Alphonse de Lamartine,History of Turkey,/books/OL6953422M,eng | fre,,D. Appleton & co.,1855,NO_PAGE_COUNT,
FR,Anatole France,L' ile des pingouins,/books/OL23441719M,fre,,Calmann-Lévy,1908,NO_PAGE_COUNT,
FR,Anatole France,L' orme du mail,/books/OL23316211M,fre,,Calmann-Lévy,1897,NO_PAGE_COUNT,
FR,Anatole France,Le lys rouge,/books/OL23310736M,fre,,Calmann-Lévy,1906,NO_PAGE_COUNT,
FR,Arthur Rimbaud,Les illuminations,/books/OL9446462M,fre,9782232122101,Seghers,"February 13, 2002",NO_PAGE_COUNT,
FR,Arthur Rimbaud,Oeuvres poétiques,/books/OL21776504M,fre,2110808519,Imprimerie Nationale,1986,NO_PAGE_COUNT,
FR,Beaumarchais,Theatre,/books/OL24311472M,fre,9781554459759,eBooksLib,2005,NO_PAGE_COUNT,
FR,Blaise Pascal,"Les  provinciales, extraits",/books/OL25428568M,fre,,Larousse,1934,NO_PAGE_COUNT,
FR,Blaise Pascal,"Pensées, fragments et lettres de Blaise Pascal",/books/OL17910114M,fre,,"chez Andrieux, éditeur",1844,NO_PAGE_COUNT,
FR,Charles Baudelaire,Correspondance générale,/books/OL198882M,fre,,L. Conard,1947,NO_PAGE_COUNT,
FR,Choderlos de Laclos,"Les Liaisons dangereuses, tome 1",/books/OL12642117M,fre,9782878090055,Livraphone,"December 1, 1999",NO_PAGE_COUNT,
FR,Choderlos de Laclos,"Les Liaisons dangereuses, tome 2",/books/OL12642118M,fre,9782878090062,Livraphone,"December 1, 1999",NO_PAGE_COUNT,
FR,Denis Diderot,Chefs-d'oeuvre,/books/OL19372718M,fre,,J.M. Dent,1911,NO_PAGE_COUNT,
FR,Denis Diderot,Dictionnaire encyclopédique,/books/OL24554378M,fre,,Garnier,1876,NO_PAGE_COUNT,
FR,Denis Diderot,Le Neveu De Rameau,/books/OL8841654M,fre,9782080701435,Flammarion,1983-01-01,NO_PAGE_COUNT,
FR,Denis Diderot,Lettres à Sophie Volland,/books/OL33013693M,fre,,Gallimard,1950,NO_PAGE_COUNT,
FR,Émile Zola,Rome,/books/OL7004161M,eng | fre,,Macmillan & Co.,1896,NO_PAGE_COUNT,
FR,François Rabelais,Gargantua,/books/OL33088712M,fre,9782070315109,Gallimard,2004,NO_PAGE_COUNT,
FR,François Rabelais,Gargantua et Pantagruel,/books/OL24406285M,fre,,Larousse,1913,NO_PAGE_COUNT,
FR,François-René de Chateaubriand,Chateaubriand,/books/OL24136160M,fre,,Plon,1912,NO_PAGE_COUNT,
FR,François-René de Chateaubriand,Correspondance générale,/books/OL23291268M,fre,,H. et E. Champion,1912,NO_PAGE_COUNT,
FR,François-René de Chateaubriand,"Génie du christianisme, ou beautés de la religion chrétienne",/books/OL24131190M,fre,,L'imprimerie de Ballanche,1809,NO_PAGE_COUNT,
FR,François-René de Chateaubriand,Itinéraire de Paris à Jérusalem,/books/OL22883794M,fre,,C. Lévy,1881,NO_PAGE_COUNT,
FR,François-René de Chateaubriand,Les Natchez,/books/OL23311605M,fre,,C. Levy,1885,NO_PAGE_COUNT,
FR,George Sand,Agendas,/books/OL17859226M,fre,2864330393,J. Touzot,1992,NO_PAGE_COUNT,
FR,George Sand,Contes d'une grand'mère,/books/OL3207716M,fre,2903950016,Editions de l'Aurore,1982,NO_PAGE_COUNT,
FR,George Sand,Histoire de ma vie,/books/OL24134769M,fre,,Lévy,1893,NO_PAGE_COUNT,
FR,George Sand,La comtesse de Rudolstadt,/books/OL6549560M,fre,,Charpentier,1845,NO_PAGE_COUNT,
FR,George Sand,La Daniella,/books/OL1342280M,fre,2903950598,Editions de l'Aurore,1992,NO_PAGE_COUNT,
FR,George Sand,Légendes rustiques,/books/OL32351720M,fre,9782728706457,L.O. FOUR,1982,NO_PAGE_COUNT,
FR,George Sand,Les beaux messieurs de Bois-Doré,/books/OL1584625M,fre,2903950407,Editions Aurore,1990,NO_PAGE_COUNT,
FR,Gérard de Nerval,"Aurélia, suivi de ""Pandora""",/books/OL12515837M,fre,9782290335246,J'ai lu,"June 24, 2003",NO_PAGE_COUNT,
FR,Gérard de Nerval,Œuvres,/books/OL4982897M,fre,207011029X,Gallimard,1974,NO_PAGE_COUNT,
FR,Gustave Flaubert,Corpus flaubertianum,/books/OL2892482M,fre,2251361022,"Société d'édition ""Les Belles Lettres""",1983,NO_PAGE_COUNT,
FR,Gustave Flaubert,Correspondance,/books/OL20424554M,fre,,L. Conard,1910,NO_PAGE_COUNT,
FR,Guy de Maupassant,Boule De Suif Et Autres Nouvelles,/books/OL18393474M,fre,2277300276,Librio/Texte intégral,,NO_PAGE_COUNT,
FR,Guy de Maupassant,Le rosier de Madame Husson,/books/OL23311103M,fre,,L. Conard,1909,NO_PAGE_COUNT,
FR,Honoré de Balzac,Annette et le criminel,/books/OL24191534M,fre,,Bibliophiles de l'originale],1824,NO_PAGE_COUNT,
FR,Honoré de Balzac,Lettres à Madame Hanska,/books/OL5662897M,fre,,Éditions du Delta,1967,NO_PAGE_COUNT,
FR,Jean de La Bruyère,Caracteres de Theophraste,/books/OL25614865M,fre,,"Chez Michel-Etienne David, Quai des Augustins, a la Providence, & au roi David",1756,NO_PAGE_COUNT,
FR,Jean de La Bruyère,Les caractères,/books/OL21757137M,fre,2038712158,Larousse,1992,NO_PAGE_COUNT,
FR,Jean de La Fontaine,Contes et nouvelles,/books/OL24616084M,fre,,L. Boulanger,1893,NO_PAGE_COUNT,
FR,Jean de La Fontaine,Contes et nouvelles en vers,/books/OL33149471M,fre,,Sine nomine,1767,NO_PAGE_COUNT,
FR,Jean de La Fontaine,Contes interdits,/books/OL12622629M,fre,9782842711535,La Musardine,"September 28, 2001",NO_PAGE_COUNT,
FR,Jean de La Fontaine,Fables,/books/OL33164312M,fre,,E. Plon,1883,NO_PAGE_COUNT,
FR,Jean de La Fontaine,Fables choisies,/books/OL32713671M,fre,9782013216722,Le livre de poche jeunesse,1998,NO_PAGE_COUNT,
FR,Jean de La Fontaine,Fables Choisies 1*,/books/OL25428565M,fre,,Larousse,1948,NO_PAGE_COUNT,
FR,Jean de La Fontaine,"Fables de La Fontaine, pub. par D. Jouaust avec un préf. de Paul Lacroix",/books/OL24191800M,fre,,Librairie des Bibliophiles,1873,NO_PAGE_COUNT,
FR,Jean de La Fontaine,"Le Chat, la belette et le petit lapin ; le rat de ville et le rat des champs",/books/OL29570064M,fre,9782092722145,Fernand Nathan,1979,NO_PAGE_COUNT,
FR,Jean-Jacques Rousseau,Jean-Jacques Rousseau,/books/OL6556163M,fre,,Plon-Nourrit et cie,1913,NO_PAGE_COUNT,
FR,Jean-Jacques Rousseau,La nouvelle Héloise,/books/OL23309340M,fre,,Chez Duchesne,1764,NO_PAGE_COUNT,
FR,Jean-Jacques Rousseau,"Lettres de deux amans, habitans d'une petite ville au pied des Alpes",/books/OL24356220M,fre,,M.M. Rey,1761,NO_PAGE_COUNT,
FR,Jean Racine,"Étude littéraires et morales, publiées par le marquis de La Rochefoucauld-Liancourt",/books/OL23351241M,fre,,Impr. Dondey-Dupré,1856,NO_PAGE_COUNT,
FR,Joachim du Bellay,Les regrets,/books/OL27929973M,fre,,A. Colin,1958,NO_PAGE_COUNT,
FR,Jules Verne,Sans dessus dessous,/books/OL9660723M,fre,9782841421473,Ombres,"June 20, 2001",NO_PAGE_COUNT,
FR,Madame de La Fayette,Histoire de madame Henriette d'Angleterre; Mémoires de la cour de France pour les années 1688 et 1689,/books/OL12528268M,fre,9782715222779,Mercure De France,"May 9, 2001",NO_PAGE_COUNT,
FR,Madame de La Fayette,Œuvres de Madame de La Fayette,/books/OL23495597M,fre,,Sine nomine,1786,NO_PAGE_COUNT,
FR,Madame de La Fayette,Romans et nouvelles,/books/OL24319136M,fre,9781412195560,eBooksLib,2009,NO_PAGE_COUNT,
FR,Molière,George Dandin ou le mari confondu,/books/OL8833415M,fre,9782010205392,Hachette,"October 1, 1993",NO_PAGE_COUNT,
FR,Molière,Théâtre complet,/books/OL760365M,fre,2743301309,Impr. nationale,1997,NO_PAGE_COUNT,
FR,Montesquieu,Cuisinez la nature,/books/OL26318466M,fre,9782869851085,Sang de la terre,1999,NO_PAGE_COUNT,
FR,Montesquieu,De l'esprit des lois,/books/OL24323257M,fre,9781412121811,eBooksLib,2005,NO_PAGE_COUNT,
FR,Paul Verlaine,Fetes galantes,/books/OL12621495M,fre,9782842056018,Mille et une nuits,"September 5, 2001",NO_PAGE_COUNT,
FR,Paul Verlaine,Poesies,/books/OL9394209M,fre,9782011671530,Hachette,June 1996,NO_PAGE_COUNT,
FR,Pierre de Ronsard,Discours,/books/OL12399529M,fre,9782080703163,Editions Flammarion,"January 4, 1999",NO_PAGE_COUNT,
FR,Pierre de Ronsard,Les œuvres de Pierre de Ronsard,/books/OL5989913M,fre,,Published for Washington University Press by University of Chicago Press,1966,NO_PAGE_COUNT,
FR,Prosper Mérimée,La Vénus d'Ille et autres nouvelles,/books/OL9335279M,fre,9782080720023,Flammarion,"May 16, 1997",NO_PAGE_COUNT,
FR,Stendhal,Histoire de la peinture en Italie,/books/OL24632434M,fre,,P. Didot,1817,NO_PAGE_COUNT,
FR,Stendhal,Lucien Leuwen,/books/OL23316476M,fre,,"[Le Livre""]",1923,NO_PAGE_COUNT,
FR,Stéphane Mallarmé,Documents Stéphane Mallarmé,/books/OL3345965M,fre,2707812412,Nizet,1998,NO_PAGE_COUNT,
FR,Voltaire,Ingénu,/books/OL21757146M,fre,2038715548,Larousse,1994,NO_PAGE_COUNT,
FR,André Franquin,Gaston,/books/OL17405496M,fre,2800126043,Dupuis,1997,NO_PAGE_COUNT,
FR,André Franquin,"Gaston, #9, Lagaffe fait des dégats",/books/OL26443541M,fre,9782277332084,j'ai lu,1991,NO_PAGE_COUNT,
FR,André Franquin,"Gaston Lagaffe, T10, Lagaffe, Gaffeur",/books/OL57683198M,fre,9782277332213,J'ai lu BD,1991,NO_PAGE_COUNT,
FR,André Franquin,Gaston R3. Gare Aux Gaffes Du Gars Gonfle,/books/OL32824433M,fre,9782800103082,Editions Dupuis,1973,NO_PAGE_COUNT,
FR,André Franquin,"Gaston, Tome 1, Gala de gaffes",/books/OL25428474M,fre,2277330175,J'ai Lu,1987,NO_PAGE_COUNT,
FR,André Franquin,"Gaston, Tome 3, Le bureau des gaffes",/books/OL25428473M,fre,2277330701,J'ai Lu,1988,NO_PAGE_COUNT,
FR,André Franquin,Non! Je ne m'énerve pas!!,/books/OL32129453M,fre,9782803501762,Ed. du Lombard,1989,NO_PAGE_COUNT,
FR,Enki Bilal,Hors Jeu,/books/OL37166754M,fre,9782862602073,Les Editions Autrement,"Feb 26, 1987",NO_PAGE_COUNT,
FR,Enki Bilal,Jill Biosckop,/books/OL12652663M,fre,9782910150129,Christian Desbois,"January 1, 2000",NO_PAGE_COUNT,
FR,Enki Bilal,Les phalanges de l'ordre noir,/books/OL45650505M,fre,9782203353367,Casterman,2006-09-20,NO_PAGE_COUNT,
FR,François Bourgeon,"Les Passagers du vent , Tome 2",/books/OL8863892M,fre,9782203388628,Casterman,"June 1, 1985",NO_PAGE_COUNT,
FR,Guy Delisle,Le guide du mauvais père,/books/OL35348241M,fre,9782413002802,G. Delcourt,2013,NO_PAGE_COUNT,
FR,Hergé,Le temple du soleil (en Russe),/books/OL12448546M,fre,9782203009080,Casterman,"May 4, 1993",NO_PAGE_COUNT,
FR,Jacques Tardi,Carnet,/books/OL31551519M,fre,2844140998,Menu,2001,NO_PAGE_COUNT,
FR,Jean Giraud,L'Incal T01,/books/OL32550414M,fre,9782731623437,Les Humanoïdes associés,"Jan 26, 2011",NO_PAGE_COUNT,
FR,Jean Giraud,L'Incal T01 - L'Incal noir - 30x40,/books/OL32550415M,fre,9782731628647,Les Humanoïdes associés,"Nov 07, 2012",NO_PAGE_COUNT,
FR,Jean Giraud,Le démon des catacombes,/books/OL31605623M,fre,9782298163537,Nouvelles Plumes,2020,NO_PAGE_COUNT,
FR,Jean Giraud,Le Surfer d'argent,/books/OL8943714M,fre,9782845652200,Soleil,"September 4, 2001",NO_PAGE_COUNT,
FR,Jean Van Hamme,Largo Winch et la Cyclope,/books/OL12528261M,fre,9782715222588,Mercure De France,"February 28, 2001",NO_PAGE_COUNT,
FR,Jean Van Hamme,LE PRIX DE L'ARGENT,/books/OL36635463M,fre,9782800133874,Dupuis,"Jun 02, 2004",NO_PAGE_COUNT,
FR,Jean Van Hamme,"Thorgal, tome 19",/books/OL8940848M,fre,9782803610525,Le Lombard,"June 7, 1996",NO_PAGE_COUNT,
FR,Jean Van Hamme,"Thorgal, tome 21",/books/OL8940853M,fre,9782803611614,Le Lombard,"June 7, 1996",NO_PAGE_COUNT,
FR,Joann Sfar,L’Exode,/books/OL25431302M,fre,9782205054972,Éditions Dargaud,2003,NO_PAGE_COUNT,
FR,Joann Sfar,"Le Chat du Rabbin, tome 7",/books/OL58569903M,fre,9782205075885,Dargaud,2017,NO_PAGE_COUNT,
FR,Joann Sfar,Pascin,/books/OL8943556M,fre,9782844140395,Bartavelle,"January 1, 1999",NO_PAGE_COUNT,
FR,Marjane Satrapi,Persepolis 3,/books/OL39796763M,fre,9782844141040,L'Association,2008-01,NO_PAGE_COUNT,
FR,Marjane Satrapi,Persepolis 4,/books/OL37348791M,fre,2844141374,L'Association,2003-10,NO_PAGE_COUNT,
FR,Moebius,Fort Navajo,/books/OL18316764M,fre,2205001566,Dargaud,1980,NO_PAGE_COUNT,
FR,Pénélope Bagieu,La nuit retrouvée,/books/OL61052984M,fre,9782075209793,Gallimard,2025,NO_PAGE_COUNT,
FR,Riad Sattouf,"L'Arabe du futur, tome 6",/books/OL45135468M,fre,9782370734242,Allary Éditions,"Nov 24, 2022",NO_PAGE_COUNT,
FR,Riad Sattouf,Pascal Brutal,/books/OL25425054M,fre,9782352073253,Fluide Glacial,2013,NO_PAGE_COUNT,
FR,Alain Corbin,Histoire de la virilité,/books/OL25254355M,fre,9782020978880,Seuil,2011,NO_PAGE_COUNT,
FR,Benjamin Stora,Histoire de l'Algérie depuis l'indépendance,/books/OL8913099M,fre,9782707134301,La Découverte,"July 16, 2001",NO_PAGE_COUNT,
FR,Fernand Braudel,L' identité de la France,/books/OL21774542M,fre,2080812203,Flammarion,1990,NO_PAGE_COUNT,
FR,Fernand Braudel,La dynamique du capitalisme,/books/OL21796463M,fre,2700305019,Arthaud,1985,NO_PAGE_COUNT,
FR,Fernand Braudel,La Méditerranée,/books/OL21774524M,fre,2080811568,Flammarion,1985,NO_PAGE_COUNT,
FR,Georges Duby,Histoire de la civilisation française,/books/OL2759953M,fre,220031034X,A. Colin,1984,NO_PAGE_COUNT,
FR,Georges Duby,Histoire de la France,/books/OL32419085M,fre,9782037202107,Larousse,1991,NO_PAGE_COUNT,
FR,Georges Duby,Histoire de la France,/books/OL15220232M,fre,2037200137,Larousse,1987,NO_PAGE_COUNT,
FR,Georges Duby,Histoire de la France,/books/OL3090400M,fre,2030129100,Larousse,1970,NO_PAGE_COUNT,
FR,Georges Duby,Histoire de la France urbaine,/books/OL21756279M,fre,2020055910,Seuil,1985,NO_PAGE_COUNT,
FR,Georges Duby,"Histoire de la vie privée, t. 5",/books/OL2767401M,fre,2020089874,Seuil,1985,NO_PAGE_COUNT,
FR,Henry Rousso,Histoire politique et sciences sociales,/books/OL15246532M,fre,2870273738,EditionsComplexe,1991,NO_PAGE_COUNT,
FR,Henry Rousso,La collaboration,/books/OL21808445M,fre,2866763017,M.A. Editions,1987,NO_PAGE_COUNT,
FR,Jacques Le Goff,Histoire de la France religieuse,/books/OL8834172M,fre,9782020102490,Seuil,"May 16, 1997",NO_PAGE_COUNT,
FR,Jean Tulard,Dictionnaire du cinéma,/books/OL1490540M,fre,2221073207,R. Laffont,1992,NO_PAGE_COUNT,
FR,Jean Tulard,Guide des films,/books/OL1595286M,fre,2221900545,R. Laffont,1990,NO_PAGE_COUNT,
FR,Jean Tulard,"Guide des films : Tome 3, P-Z",/books/OL26718376M,fre,9782221104538,Robert Laffont,"Apr 06, 2005",NO_PAGE_COUNT,
FR,Marc Bloch,Correspondance,/books/OL3352362M,fre,2213612196,Fayard,1900,NO_PAGE_COUNT,
FR,Maurice Agulhon,Histoire de la France urbaine,/books/OL21756412M,fre,2020064936,Seuil,1983,NO_PAGE_COUNT,
FR,Mona Ozouf,Dictionnaire critique de la Révolution française. Quatre volumes,/books/OL12399958M,fre,9782080812636,Flammarion,"November 19, 1992",NO_PAGE_COUNT,
FR,René Rémond,Introduction à l'histoire de notre temps,/books/OL22217500M,fre,2020006588,Editions du Seuil,1974,NO_PAGE_COUNT,
FR,René Rémond,"Introduction à l'histoire de notre temps, tome 1",/books/OL8833837M,fre,9782020006576,Seuil,"January 1, 1974",NO_PAGE_COUNT,
FR,Albert Jacquard,Inventer l'homme,/books/OL12638777M,fre,9782870273838,Editions Complexe,"January 15, 1999",NO_PAGE_COUNT,
FR,François Jacob,Le jeu des possibles,/books/OL8887490M,fre,9782253039075,LGF,"May 1, 1986",NO_PAGE_COUNT,
FR,Georges Lemaître,Jobs for immigrants,/books/OL17634200M,eng | fre,9789264033597,OECD,2007,NO_PAGE_COUNT,
FR,Henri Laborit,Comme l'eau qui jaillit,/books/OL12657766M,fre,9782930182377,Alice,"October 13, 2000",NO_PAGE_COUNT,
FR,Henri Poincaré,Oeuvres,/books/OL458797M,fre,2876471728,Jacques Gabay,1995,NO_PAGE_COUNT,
FR,Hubert Reeves,"Dernières nouvelles du cosmos. [1], Vers la première seconde",/books/OL8834476M,fre,9782020228312,Seuil,"March 14, 1994",NO_PAGE_COUNT,
FR,Hubert Reeves,La première seconde. Dernières nouvelles du cosmos. Coffret,/books/OL9797563M,fre,9782020260411,Seuil,"October 24, 1995",NO_PAGE_COUNT,
FR,Louis Pasteur,"Correspondance générale de Pasteur, quatre volumes",/books/OL12401304M,fre,9782082100175,Flammarion,"January 8, 1992",NO_PAGE_COUNT,
FR,Michel Serres,Eloge de la philosophie en langue française,/books/OL9474064M,fre,9782080813589,Flammarion,"December 10, 1997",NO_PAGE_COUNT,
FR,Michel Serres,Hermès,/books/OL5719137M,fre,2707300063,Éditions de Minuit,1968,NO_PAGE_COUNT,
FR,Aimé Césaire,"Moi, laminaire",/books/OL21756724M,fre,2020131234,Editions du Seuil,1991,NO_PAGE_COUNT,
FR,Albert Camus,"Fragments d'un combat. 1938-1940. Alger Républicain, le Soir Répulbicain [1/2]",/books/OL13948446M,fre,,Gallimard,1978,NO_PAGE_COUNT,
FR,Albert Camus,"Fragments d'un combat. 1938-1940. Alger Républicain, le Soir Répulbicain [2/2]",/books/OL13948447M,fre,,Gallimard,1978,NO_PAGE_COUNT,
FR,Albert Cohen,Croissance et crises,/books/OL15229089M,fre,2218054035,Hatier,1980,NO_PAGE_COUNT,
FR,Albert Cohen,Le livre de ma mère,/books/OL9656395M,fre,9782070110568,Gallimard,"May 25, 1982",NO_PAGE_COUNT,
FR,Albert Cohen,"O vous, frères humains",/books/OL9430214M,fre,9782070282074,Gallimard,"May 31, 1972",NO_PAGE_COUNT,
FR,André Gide,Découvrons Henri Michaux,/books/OL12392474M,fre,9782070227846,Gallimard,"July 31, 1941",NO_PAGE_COUNT,
FR,André Gide,Prétextes,/books/OL23327891M,fre,,Mercure de France,1919,NO_PAGE_COUNT,
FR,André Gide,Si le grain ne meurt,/books/OL40214633M,fre,,Clarendon Press,1928,NO_PAGE_COUNT,
FR,André Malraux,"La métamorphose des dieux, tome 2",/books/OL8836974M,fre,9782070108244,Gallimard,"October 25, 1974",NO_PAGE_COUNT,
FR,André Malraux,Les Conquérants,/books/OL8886523M,fre,9782246042426,Grasset,"September 1, 1996",NO_PAGE_COUNT,
FR,Antoine de Saint-Exupéry,Les labyrinthes du Petit Prince,/books/OL32699775M,fre,9782215130369,Fleurus,2015,NO_PAGE_COUNT,
FR,Boris Vian,Euvres,/books/OL8865164M,fre,9782213601526,Fayard,1999,NO_PAGE_COUNT,
FR,Colette,Colette,/books/OL8865665M,fre,9782221054024,Robert Laffont,"March 24, 1989",NO_PAGE_COUNT,
FR,Colette,L' entrave,/books/OL21791957M,fre,2253048321,[Libraire Generale Francaise],1989,NO_PAGE_COUNT,
FR,François Mauriac,Blocknotes,/books/OL9442621M,fre,9782020128155,Editions du Seuil,"November 2, 1993",NO_PAGE_COUNT,
FR,François Mauriac,Le désert de l'amour,/books/OL18690004M,fre,2253012343,Livre de poche,1989,NO_PAGE_COUNT,
FR,François Mauriac,Thérèse Desqueyroux,/books/OL22330225M,fre,2253004219,[Librairie Générale Française],1988,NO_PAGE_COUNT,
FR,François Mauriac,Thérése Desqueyroux,/books/OL17532880M,fre,0340080418,Hodder and Stoughton,1964,NO_PAGE_COUNT,
FR,Georges Bernanos,Correspondance,/books/OL4381125M,fre,,Plon,1971,NO_PAGE_COUNT,
FR,Georges Bernanos,Essais et écrits de combat,/books/OL5357468M,fre,2070106535,Gallimard,1971,NO_PAGE_COUNT,
FR,Georges Bernanos,Essais et écrits de combat,/books/OL26564512M,fre,,Gallimard,1971,NO_PAGE_COUNT,
FR,Georges Perec,"Georges Perec, dialogue avec Bernard Noël (2 livres + coffret de 4 CD)",/books/OL8985723M,fre,9782869160705,André Dimanche,"October 2, 1997",NO_PAGE_COUNT,
FR,Georges Perec,La Clôture et Les Autres Poèmes,/books/OL8833405M,fre,9782010196454,Hachette Littérature,"March 1, 1992",NO_PAGE_COUNT,
FR,Hervé Bazin,L' église verte,/books/OL15240438M,fre,2724212614,Éditions du seuil,1981,NO_PAGE_COUNT,
FR,Hervé Bazin,La Mort Du Petit Cheval,/books/OL8887231M,fre,9782253006862,Livre de Poche,"March 1, 1972",NO_PAGE_COUNT,
FR,Hervé Bazin,Leve-Toi Et Marche,/books/OL12466919M,fre,9782253006190,Livre de Poche,1971-01-01,NO_PAGE_COUNT,
FR,Jean Genet,Les nègres,/books/OL8840778M,fre,9782070751464,Gallimard,"January 1, 1998",NO_PAGE_COUNT,
FR,Jean Genet,Lettres à Olga et Marc Barbezat,/books/OL12398179M,fre,9782070751587,Gallimard,"January 1, 1998",NO_PAGE_COUNT,
FR,Jean-Paul Sartre,Lettres au Castor et à quelques autres,/books/OL20895147M,fre,207026078X,Gallimard,1983,NO_PAGE_COUNT,
FR,Joseph Kessel,Le petit âne blanc,/books/OL8840005M,fre,9782070516223,Gallimard,"August 23, 1997",NO_PAGE_COUNT,
FR,Joseph Kessel,Le tour du malheur,/books/OL22446483M,fre,2070404358,Gallimard,1998,NO_PAGE_COUNT,
FR,Julien Gracq,Lettrines,/books/OL5585301M,fre,,J. Corti,1967,NO_PAGE_COUNT,
FR,Louis Aragon,Chroniques,/books/OL78759M,fre,2234050146,Stock,1998,NO_PAGE_COUNT,
FR,Louis-Ferdinand Céline,Histoire du petit Mouck,/books/OL407512M,fre,2268025527,Rocher,1997,NO_PAGE_COUNT,
FR,Marcel Aymé,Contes du chat perché,/books/OL9422278M,fre,9782070414949,Gallimard,"October 25, 2000",NO_PAGE_COUNT,
FR,Marcel Aymé,Enjambées,/books/OL19029982M,fre,2070414310,Gallimard,,NO_PAGE_COUNT,
FR,Marcel Aymé,Le Minotaure - Convention Belzebir - Consommation,/books/OL12392334M,fre,9782070204106,Gallimard,"March 15, 1967",NO_PAGE_COUNT,
FR,Marcel Aymé,Le\Nain,/books/OL12393522M,fre,9782070369126,Editions Flammarion,"February 4, 1977",NO_PAGE_COUNT,
FR,Marcel Proust,À la recherche du temps perdu,/books/OL25458597M,fre,,Gallimard,1919,NO_PAGE_COUNT,
FR,Marguerite Duras,Théâtre,/books/OL6003409M,fre,,Gallimard,1965,NO_PAGE_COUNT,
FR,Marguerite Yourcenar,"Les Mémoires d'Hadrien, 1ère partie",/books/OL12642122M,fre,9782878090413,Livraphone,"December 1, 1999",NO_PAGE_COUNT,
FR,Marguerite Yourcenar,Mishima,/books/OL15221910M,fre,2070238873,Gallimard,1980,NO_PAGE_COUNT,
FR,Michel Tournier,Barbedor,/books/OL12395593M,fre,9782070521104,Editions Flammarion,"December 31, 1998",NO_PAGE_COUNT,
FR,Michel Tournier,Les Rois Mages,/books/OL9733592M,fre,9782070332809,Livre de Poche,1985-01-01,NO_PAGE_COUNT,
FR,Nathalie Sarraute,Classiques,/books/OL8839333M,fre,9782070411092,Livre de Poche,"November 18, 1999",NO_PAGE_COUNT,
FR,Patrick Modiano,La Place de l'Étoile,/books/OL17210223M,fre,2070366987,Gallimard,1975,NO_PAGE_COUNT,
FR,Patrick Modiano,Quartier perdu,/books/OL22362168M,fre,2070379426,Gallimard,1984,NO_PAGE_COUNT,
FR,Paul Claudel,Cahiers Paul Claudel,/books/OL32978082M,fre,,Gallimard,1959,NO_PAGE_COUNT,
FR,Paul Claudel,Paul Claudel Interroge le Cantique des Cantiques,/books/OL12392409M,fre,9782070215256,Gallimard,"April 1, 1954",NO_PAGE_COUNT,
FR,Paul Claudel,Théâtre (première série) ..,/books/OL176552M,fre,,Mercure de France,1910,NO_PAGE_COUNT,
FR,Paul Valéry,Album de vers anciens,/books/OL24786134M,fre,,A. Monnier,1920,NO_PAGE_COUNT,
FR,Paul Valéry,Cahiers,/books/OL8840807M,fre,9782070754090,Gallimard,"April 23, 1999",NO_PAGE_COUNT,
FR,Paul Valéry,"Cahiers, 1894-1914",/books/OL2130051M,fre,2070711013,Gallimard,1987,NO_PAGE_COUNT,
FR,Paul Valéry,La soirée avec M. Teste,/books/OL23364193M,fre,,Nouvelle Revue Française,1919,NO_PAGE_COUNT,
FR,René Char,Fenêtres dormantes et porte sur le toit,/books/OL12392878M,fre,9782070287482,Gallimard,"September 19, 1979",NO_PAGE_COUNT,
FR,Roger Martin du Gard,Correspondance générale,/books/OL4138076M,fre,2070709175,Gallimard,1980,NO_PAGE_COUNT,
FR,Roger Martin du Gard,Journal,/books/OL1229959M,fre,2070727068,Gallimard,1992,NO_PAGE_COUNT,
FR,Roger Martin du Gard,Le Cahier gris,/books/OL12394206M,fre,9782070405947,Gallimard,"June 15, 2000",NO_PAGE_COUNT,
FR,Roger Martin du Gard,Les Thibault,/books/OL24929541M,fre,,Gallimard,1972,NO_PAGE_COUNT,
FR,Simone de Beauvoir,Le Deuxieme Sexe Tome 1,/books/OL9628685M,fre,9782070205134,Gallimard,"May 24, 1949",NO_PAGE_COUNT,
FR,Henri Bosco,L' enfant et la rivière,/books/OL8840053M,fre,9782070529179,Gallimard jeunesse,"November 1, 1999",NO_PAGE_COUNT,
FR,Henri Bosco,Malicroix,/books/OL12392371M,fre,9782070208593,Gallimard,"October 25, 1948",NO_PAGE_COUNT,
FR,Jean Giraudoux,Suzanne et le Pacifique,/books/OL8888582M,fre,9782253932772,LGF,"April 1, 1997",NO_PAGE_COUNT,
FR,Philippe Djian,Doggy bag,/books/OL18001337M,fre,9782260016762,Julliard,2005,NO_PAGE_COUNT,
FR,Philippe Djian,Doggy bag,/books/OL32350746M,fre,9782264050236,Julliard,2008,NO_PAGE_COUNT,
FR,Vercors,Cent ans d'histoire de France,/books/OL3520111M,fre,2259008224,Plon,1981,NO_PAGE_COUNT,
FR,Claude Ponti,Les épinards,/books/OL12452809M,fre,9782211014588,L'Ecole des loisirs,"January 12, 1994",NO_PAGE_COUNT,
FR,Claude Ponti,Les masques,/books/OL8864764M,fre,9782211031776,L'Ecole des loisirs,"March 2, 1995",NO_PAGE_COUNT,
FR,Claude Ponti,Ma vallée,/books/OL91116M,fre,2211051324,L'Ecole des loisirs,1998,NO_PAGE_COUNT,
FR,Daniel Pennac,"Qu'est-ce que tu attends, Marie?",/books/OL32136268M,fre,9782702128084,Calmann-Lévy,,NO_PAGE_COUNT,
FR,Erik L'Homme,A comme Association (1),/books/OL43469968M,fre,9782075103978,GALLIMARD JEUNE,2018-06-07,NO_PAGE_COUNT,
FR,Erik L'Homme,A comme Association (6),/books/OL56977050M,fre,9782070642076,Gallimard Jeunesse,2011-10-13,NO_PAGE_COUNT,
FR,Erik L'Homme,car nos coeurs sont hantes,/books/OL45866507M,fre,9782070644407,Gallimard Jeunesse / Rageot,2012-02-23,NO_PAGE_COUNT,
FR,Erik L'Homme,Les maîtres des brisants,/books/OL32362440M,fre,9782070559282,Gallimard Jeunesse,2004,NO_PAGE_COUNT,
FR,Jean-Jacques Sempé,Insondables mystères,/books/OL9457275M,fre,9782070393299,Gallimard,"June 13, 1996",NO_PAGE_COUNT,
FR,Jean-Jacques Sempé,Marcellin Caillou,/books/OL17360595M,fre,2070330249,Denoël,1977,NO_PAGE_COUNT,
FR,Marie-Aude Murail,Victor un trop gros cadeau de noël,/books/OL45909325M,fre,9789085459804,CARAMEL,2011-01-01,NO_PAGE_COUNT,
FR,Susie Morgenstern,J'en ai marre de ma soeur,/books/OL17167562M,fre,2209055865,Messidor/La Farandole,1984,NO_PAGE_COUNT,
FR,Susie Morgenstern,Lettres d'amour de 0 à 10,/books/OL8864774M,fre,9782211036931,L'Ecole des loisirs,"February 20, 1996",NO_PAGE_COUNT,
FR,Susie Morgenstern,Lire et écrire,/books/OL12653418M,fre,9782910998226,Lo Païs,"February 17, 2000",NO_PAGE_COUNT,
FR,Susie Morgenstern,Ma boîte à histories,/books/OL26233114M,fre,9782732436098,De La Martinière Jeunesse,2011,NO_PAGE_COUNT,
FR,Tomi Ungerer,Apprentissage de la lecture à partir de l'album,/books/OL12454896M,fre,9782211713009,L'Ecole des loisirs,"June 23, 1998",NO_PAGE_COUNT,
FR,Évelyne Brisou-Pellen,Comment vivre 7 vies sans avoir mal aux pieds,/books/OL56977857M,fre,9782266173889,Pocket Jeunesse,2008-11-06,NO_PAGE_COUNT,
FR,Évelyne Brisou-Pellen,Danse Isadora,/books/OL57465196M,fre,9782367408903,Scrineo,2020-10-15,NO_PAGE_COUNT,
FR,Évelyne Brisou-Pellen,Du venin dans le miel,/books/OL56977663M,fre,9782350002637,Oskar,2008-03-01,NO_PAGE_COUNT,
FR,Évelyne Brisou-Pellen,L'Héritage d'Anouchka,/books/OL57461455M,fre,9782092495827,Nathan,2022-01-20,NO_PAGE_COUNT,
FR,Évelyne Brisou-Pellen,L'inconnu du donjon,/books/OL8840301M,fre,9782070585090,Gallimard,"May 26, 1997",NO_PAGE_COUNT,
FR,Évelyne Brisou-Pellen,L'incroyable retour,/books/OL56977797M,fre,9782092514467,Nathan,2007-09-06,NO_PAGE_COUNT,
FR,Évelyne Brisou-Pellen,La dernière étoile,/books/OL56977707M,fre,9782747008549,Bayard,2003,NO_PAGE_COUNT,
FR,Grégoire Solotareff,Mon frère le chien,/books/OL12453019M,fre,9782211022064,L'Ecole des loisirs,"September 1, 1991",NO_PAGE_COUNT,
FR,Grégoire Solotareff,Oh ! C'est à qui ?,/books/OL8864835M,fre,9782211059152,Ecole des loisirs,"October 21, 2000",NO_PAGE_COUNT,
FR,Grégoire Solotareff,Titi à Pari,/books/OL43671091M,fre,9782211096119,L'Ecole Des Loisirs,2009-01-01,NO_PAGE_COUNT,
FR,Gudule,Aimer par cÂur,/books/OL12383339M,fre,9782012003873,Hachette Jeunesse,"September 1, 2000",NO_PAGE_COUNT,
FR,Gudule,Destination cauchemar,/books/OL32092915M,fre,9782745917003,Éditions Milan,2005,NO_PAGE_COUNT,
FR,Gudule,L'angelus du corbeau,/books/OL12383415M,fre,9782012006362,Hachette Littérature,"February 14, 2001",NO_PAGE_COUNT,
FR,Mourlevat,Coffret 3 vols jc mourlevat,/books/OL12510435M,fre,9782266117760,Pocket,"September 25, 2001",NO_PAGE_COUNT,
