target_index,language,target_author,target_work,query_title,query_author,search_mode,work_key,work_title,work_authors,edition_key,edition_title,edition_subtitle,edition_languages,isbn,publisher,publish_date,page_count,cover_id,title_score,author_score,candidate_score,cover_state,cover_width,cover_height,cover_format,cover_local_path,candidate_state,last_chance_result
45,LA,Pétrarque,Secretum,Secretum,Petrarch,BROAD,/works/OL15234302W,Secretum,Francesco Petrarca,/books/OL1197195M,Secretum,,ita | lat,8885760392,Archivio Guido Izzi,1993,,,1.0,1.0,0.9400000000000002,NOT_PROBED,,,,,REJECTED_LAST_CHANCE,
45,LA,Pétrarque,Secretum,Secretum,Petrarch,BROAD,/works/OL42243729W,Secretum,Francesco Petrarca,/books/OL57301267M,Secretum,,ita | lat,,Einaudi,1977,,,1.0,1.0,0.9150000000000001,NOT_PROBED,,,,,REJECTED_LAST_CHANCE,
45,LA,Pétrarque,Secretum,De secreto conflictu curarum mearum,,TITLE_ONLY,/works/OL39766688W,De Secreto Conflictu Curarum Mearum Liber Primus Incipit Feliciter,Francisci Petrarchae,/books/OL54175621M,De Secreto Conflictu Curarum Mearum Liber Primus Incipit Feliciter,,lat,9781479364930,CreateSpace Independent Publishing Platform,2012,,,0.95,0.9743589743589743,0.9060769230769232,NOT_PROBED,,,,,REJECTED_LAST_CHANCE,
45,LA,Pétrarque,Secretum,Secretum,Petrarch,BROAD,/works/OL878577W,De remediis utriusque fortunae,Francesco Petrarca,/books/OL17140710M,"Francisci Petrarchae poetae oratorisque clarissimi, De remediis utriusque fortunae","libri duo ; Ejusdem De contemptu mundi : colloquiorum liber, quem secretum suum inscripsit.",lat,,Ex Officina Arnoldi Leers,1649,,,0.95,1.0,0.888,NOT_PROBED,,,,,REJECTED_LAST_CHANCE,
45,LA,Pétrarque,Secretum,Secretum,Petrarch,BROAD,/works/OL878355W,Francisci Petrarchae poëtae oratorisque clarissimi De remediis utriusque fortunae libri duo,Francesco Petrarca,/books/OL19314820M,Francisci Petrarchae poëtae oratorisque clarissimi De remediis utriusque fortunae libri duo,"ejusdem De contemptu mundi colloquirum liber, quem secretum suum inscripsit.",lat,,Ex officinâ Arnoldi Leers,1649,,,0.95,1.0,0.888,NOT_PROBED,,,,,REJECTED_LAST_CHANCE,
45,LA,Pétrarque,Secretum,Secretum,Petrarch,BROAD,/works/OL45014902W,Secretum Francisci Petrarche de Flore[n]cia poete laureati De co[n]temptu mundi incipit foeliciter,"Francesco Petrarca | Adolph Rusch | Benediktinerkloster St. Mang (Füssen, Germany)",/books/OL61411152M,Secretum Francisci Petrarche de Flore[n]cia poete laureati De co[n]temptu mundi incipit foeliciter,,lat,,The R-Printer (Adolf Rusch),1473,,,0.95,1.0,0.888,NOT_PROBED,,,,,REJECTED_LAST_CHANCE,
45,LA,Pétrarque,Secretum,Secretum,Petrarch,BROAD,/works/OL45720733W,"Francisci Petrarchæ, v. c. De contemptv mvndi, colloqviorvm liber, quem Secretum suum inscripsit",Francesco Petrarca,/books/OL62243767M,"Francisci Petrarchæ, v. c. De contemptv mvndi, colloqviorvm liber, quem Secretum suum inscripsit",De vii. Psalm. pænitent,lat,,excudebat Ionnes le Preux,1604,,,0.95,1.0,0.888,NOT_PROBED,,,,,REJECTED_LAST_CHANCE,
45,LA,Pétrarque,Secretum,Secretum,Petrarch,BROAD,/works/OL878563W,Librorum Francisci Petrarche impressorum annotatio ..,Francesco Petrarca,/books/OL6707055M,Librorum Francisci Petrarche Impressorum Annotatio.,De ignorantia suiipsius [et] multo[rum]. Liber .I.  De ocio religioso[rum]. Liber .I.  Itinerarium.  Propositum factum corā rege vngarie.  De vita solitaria.  Libri .II.  De Remedijs utriusq[ue] fortune. Libri .II.  Libri quem secretum siue de conflictu curarum suarum inscripsit: Colloquium trium dieru[m?].  De uera sapientia. Dialogi .II.  De rebus memorandis. Libri .IIII.  Contra medicum obiurgantē: Inuectiua[rum] Libri .IIII.  Epistolaru[m] de rebus familiaribus. Libri .VIII.  Ad quosdam ex illustribus antiquis quasi sui [con]tēporanei forent. Epl'e. V.  Epistolarum sine titulo. Liber .I.  Ad Karolum quartum Romanorum regem. Epl'a. I.  Septem psalmi penitētiales.  Inuectiua contra Gallum.  Epitoma Illustrium virorum ad Franciscum de Carrharia.  Eiusdem Epitomatis: post obitum Francisci Petrarche: Lorbardi de siricho Supplementum.  Beneuenuti de Rōbaldis Libellus qui Augustalis dicitur.,lat,,,1501,,,0.95,1.0,0.868,NOT_PROBED,,,,,REJECTED_LAST_CHANCE,
45,LA,Pétrarque,Secretum,Secretum,Petrarch,BROAD,/works/OL43830307W,De secreto curarum conflictu,Francesco Petrarca | Francesco Mazzali,/books/OL59750904M,De secreto curarum conflictu,dialogi tres. Diuus Augustinus & Francisc[us] Petrarca collocutores: q[ui] nuper in lucem uenere,lat,,Francesco Mazzali,1501,,,0.7142857142857143,1.0,0.7607142857142858,NOT_PROBED,,,,,REJECTED_LAST_CHANCE,
45,LA,Pétrarque,Secretum,Secretum,Petrarch,BROAD,/works/OL44911205W,Librorum Francisci Petrarche impressorum annotatio ...,Francesco Petrarca,/books/OL61290455M,Librorum Francisci Petrarche impressorum annotatio ...,,lat,,,1503,,,0.5822784810126582,1.0,0.6694303797468356,NOT_PROBED,,,,,REJECTED_LAST_CHANCE,
45,LA,Pétrarque,Secretum,Secretum,Petrarch,BROAD,/works/OL15234260W,Opere latine,Francesco Petrarca,/books/OL4988473M,Opere latine,,ita | lat,,Unione tipografico-editrice torinese,1975,,10054863,0.4,1.0,0.6410000000000001,VALID_COVER,285,500,JPEG,data/audit/reconstruction-LA-last-chance-covers/LA-last-45-OL4988473M.jpeg,REJECTED_LAST_CHANCE,
45,LA,Pétrarque,Secretum,Secretum,Francisci Petrarcae,BROAD,/works/OL878577W,De remediis utriusque fortunae,Francesco Petrarca,/books/OL18552934M,Francisci Petrarcae ... De remediis utriusq[ue] fortunae.,,lat,,Bernardini di Misintis Papiēsis ac Caesaris Parmensis sociorum diligenti opera,1492,,,0.4810126582278481,1.0,0.634746835443038,NOT_PROBED,,,,,REJECTED_LAST_CHANCE,
45,LA,Pétrarque,Secretum,De secreto conflictu curarum mearum,Petrarch,BROAD,/works/OL38648275W,Opere,Francesco Petrarca,/books/OL52606286M,Opere,,lat,,U. Mursia,1968,,,0.46153846153846156,1.0,0.6242307692307693,NOT_PROBED,,,,,REJECTED_LAST_CHANCE,
45,LA,Pétrarque,Secretum,Secretum,Petrarch,BROAD,/works/OL41436709W,La melanconia,Francesco Petrarca,/books/OL56276039M,La melanconia,,ita | lat,9788884196316,N. Aragno,2013,,,0.2926829268292683,1.0,0.5580487804878049,NOT_PROBED,,,,,REJECTED_LAST_CHANCE,
45,LA,Pétrarque,Secretum,Secretum,Petrarch,BROAD,/works/OL878534W,Prose,Francesco Petrarca,/books/OL210422M,Prose,,ita | lat,,R. Ricciardi,1955,,,0.3076923076923077,1.0,0.5411538461538462,NOT_PROBED,,,,,REJECTED_LAST_CHANCE,
46,LA,Pic de la Mirandole,Oratio de Hominis Dignitate,Oratio de Hominis Dignitate,Pic de la Mirandole,BROAD,/works/OL41348509W,Oratio de Hominis Dignitate,Giovanni Francesco Pico della Mirandola,/books/OL56162461M,Oratio de Hominis Dignitate,,lat,9781503119093,The Perfect Library,2014,,,1.0,0.95,0.9265000000000001,NOT_PROBED,,,,,REJECTED_LAST_CHANCE,
46,LA,Pic de la Mirandole,Oratio de Hominis Dignitate,De hominis dignitate,Pic de la Mirandole,BROAD,/works/OL29986640W,De Hominis Dignitate,Giacomo Rebecchi | Giovanni Francesco Pico della Mirandola,/books/OL52944396M,De hominis dignitate,,ita | lat,,Monnier,1945,,,1.0,0.95,0.9015000000000001,NOT_PROBED,,,,,REJECTED_LAST_CHANCE,
46,LA,Pic de la Mirandole,Oratio de Hominis Dignitate,Oratio de Hominis Dignitate,Pic de la Mirandole,BROAD,/works/OL1456975W,Oratio de hominis dignitate,Giovanni Francesco Pico della Mirandola,/books/OL6146147M,Oratio de hominis dignitate.,[Oration on the dignity of man.,lat,,Anvil Press,1953,,,1.0,0.95,0.9015000000000001,NOT_PROBED,,,,,REJECTED_LAST_CHANCE,
46,LA,Pic de la Mirandole,Oratio de Hominis Dignitate,De hominis dignitate,Pic de la Mirandole,BROAD,/works/OL16318543W,Oration on the dignity of man,Giovanni Francesco Pico della Mirandola,/books/OL25121839M,Oration on the dignity of man,a new translation and commentary,eng | lat,9781107015876,Cambridge University Press,2012,,,0.95,0.95,0.8995000000000002,NOT_PROBED,,,,,REJECTED_LAST_CHANCE,
46,LA,Pic de la Mirandole,Oratio de Hominis Dignitate,Oratio,Pic de la Mirandole,BROAD,/works/OL1456952W,Commentationes Ioannis Pici Mirandulæ in hoc uolu mine cotentæ,Giovanni Francesco Pico della Mirandola,/books/OL22309888M,Commentationes Ioannis Pici Mirandulæ in hoc uolu mine cotentæ,quibus anteponitur uita p Ioanne fraciscu illustris principis Galeotti Pici filiu Conscripta : Heptaplis de opere sex dierum geneseos : Apologia tredicum quæstionum : Tractatus de ente & uno cum obiectionibus quibusdam & responsionibus : Oratio quedam elegantissima : Epistolæ plures : De precatoria ad deum elegiaco carmine : Testimonia eius uitæ & doctrinæ : Exibunt prope dies disputationes aduersus astrologos aliaq[ue] coplura tum ad sacra æloquia tum ad philosophiam pertinenta.,lat,,Benedictus Hectoris,1496,,,0.95,0.95,0.8745000000000002,NOT_PROBED,,,,,REJECTED_LAST_CHANCE,
46,LA,Pic de la Mirandole,Oratio de Hominis Dignitate,Oratio,Pico della Mirandola,TITLE_AUTHOR,/works/OL44973910W,Ioannis Francisci Pici Mirandvlæ ...,Giovanni Francesco Pico della Mirandola,/books/OL61363415M,Ioannis Francisci Pici Mirandvlæ ...,Ad Leonem pont. max. & concil. laterañ. de reformandis moribus oratio,lat,,,1520,,,0.95,0.95,0.8545000000000001,NOT_PROBED,,,,,REJECTED_LAST_CHANCE,
46,LA,Pic de la Mirandole,Oratio de Hominis Dignitate,Oratio,Pico della Mirandola,TITLE_AUTHOR,/works/OL45110005W,Io. Francisci Pici Mirandulae ...,Giovanni Francesco Pico della Mirandola,/books/OL61521876M,Io. Francisci Pici Mirandulae ...,"Dialogus in tres libros diuisus: titulus est Strix, siue de ludificatione daemonum. Eiusdẽ ad Leonẽ X. & Conc. lat. De reformãdis moribus oratio. Eiusdẽ [p] asserẽdis a calumnia libris Dionysii Areopagitae. Epistola. Eiusdẽ ad excitãdũ genus humanũ a uitae huius somno ad futurae uigiliam carmen",lat,,,1523,,,0.95,0.95,0.8545000000000001,NOT_PROBED,,,,,REJECTED_LAST_CHANCE,
46,LA,Pic de la Mirandole,Oratio de Hominis Dignitate,Oratio,,TITLE_ONLY,/works/OL43587704W,Oratio de arca Noah,Johann Wigand,/books/OL59415783M,Oratio de arca Noah,recitata in academia Regiomontana Prvssiae,lat,,Typis haeredum Ioannis Daubmanni,1574,,,0.95,0.55,0.7665000000000001,NOT_PROBED,,,,,REJECTED_LAST_CHANCE,
46,LA,Pic de la Mirandole,Oratio de Hominis Dignitate,De hominis dignitate,Pic de la Mirandole,BROAD,/works/OL15431944W,Dignità dell'uomo dignitate,Giovanni Francesco Pico della Mirandola,/books/OL232627M,Dignità dell'uomo dignitate,,ita | lat,,Le Monnier,1943,,,0.6382978723404256,0.95,0.70618085106383,NOT_PROBED,,,,,REJECTED_LAST_CHANCE,
46,LA,Pic de la Mirandole,Oratio de Hominis Dignitate,,Pico della Mirandola,AUTHOR_ONLY,/works/OL43559749W,Ioannis Francisci Pici Mirandvlae ...,Giovanni Francesco Pico della Mirandola,/books/OL59373396M,Ioannis Francisci Pici Mirandvlae ...,"De rervm praenotione libri novem. Pro veritate religionis, contra svperstitiosas vanitates editi. De fide theoremata. De morte Christi, & propria cogitanda: libri tres. De studio diuinae, & humanae philosophiae: duo. De diuini amoris imaginatione: vnus. Vita patrui, & defensio de uno & ente, & alia quaepiã",lat,,,1507,,,0.65625,0.95,0.6958750000000001,NOT_PROBED,,,,,REJECTED_LAST_CHANCE,
46,LA,Pic de la Mirandole,Oratio de Hominis Dignitate,,Pico della Mirandola,AUTHOR_ONLY,/works/OL39129583W,Ioannis Francisci Pici Mirandulae nepotis Opera ...,Giovanni Francesco Pico della Mirandola,/books/OL53262858M,Ioannis Francisci Pici Mirandulae nepotis Opera ...,,lat,,"Bernardinus Venetus, de Vitalibus",1503,,,0.6153846153846154,0.95,0.6938076923076925,NOT_PROBED,,,,,REJECTED_LAST_CHANCE,
46,LA,Pic de la Mirandole,Oratio de Hominis Dignitate,Oratio,Pic de la Mirandole,BROAD,/works/OL42290979W,Com[m]entationes Ioannis Pici Mirandulae in hoc uolumine co[n]tentae,Giovanni Francesco Pico della Mirandola,/books/OL57363107M,Com[m]entationes Ioannis Pici Mirandulae in hoc uolumine co[n]tentae,quibus anteponitur uita p[er] Ioanne[m] fra[n]ciscu[m] illustris principis Galeotti Pici filiu[m] co[n]scripta,lat,,Benedictus Hectoris,1496,,,0.6060606060606061,0.95,0.6887727272727274,NOT_PROBED,,,,,REJECTED_LAST_CHANCE,
46,LA,Pic de la Mirandole,Oratio de Hominis Dignitate,Oratio,Pic de la Mirandole,BROAD,/works/OL43442765W,Conmentationes [i.e. Commentationes] Ioannis Pici Mirandulae in hoc uolumine co[n]tentae,Giovanni Francesco Pico della Mirandola | Kenneth Clark | Duchemin | Nicolaus de Benedictis | Jacobinus de Suigus | Benedetto Faelli,/books/OL59199830M,Conmentationes [i.e. Commentationes] Ioannis Pici Mirandulae in hoc uolumine co[n]tentae,quibus anteponit uita per Joanne[m] Franciscum illustris principis Galeotti Pici filium co[n]scripta,lat,,Nicolaus de Benedictis and Jacobinus Suigus,1498,,,0.5172413793103449,0.95,0.6408103448275863,NOT_PROBED,,,,,REJECTED_LAST_CHANCE,
