language,category,priority,author,target_work,target_index,match_state,match_score,author_score,title_score,matched_source_key,matched_title,matched_subtitle,matched_authors,matched_isbn,matched_year,matched_publisher,matched_decision,candidate_1_score,candidate_1_title,candidate_1_authors,candidate_1_source_key,candidate_2_score,candidate_2_title,candidate_2_authors,candidate_2_source_key,candidate_3_score,candidate_3_title,candidate_3_authors,candidate_3_source_key
DE,GERMAN_LANGUAGE_CANON,1,Johann Wolfgang von Goethe,Faust,1,EXACT_MATCH,0.9780,1.0000,0.9600,/books/OL12971334M,Faust auf Sächsisch.,,Johann Wolfgang von Goethe,9783821834856,1998,Eichborn,KEEP_CORE,0.9780,Faust auf Sächsisch.,Johann Wolfgang von Goethe,/books/OL12971334M,0.9780,Faust. Eine Tragödie,Johann Wolfgang von Goethe,/books/OL19905058M,0.9780,Faust. Erläuterungen und Dokumente. Der Tragödie Erster Teil.,Johann Wolfgang von Goethe,/books/OL9019265M
DE,GERMAN_LANGUAGE_CANON,1,Johann Wolfgang von Goethe,Die Leiden des jungen Werthers,2,EXACT_MATCH,0.9780,1.0000,0.9600,/books/OL9015185M,Die Leiden Des Jungen Werther,,Johann Wolfgang von Goethe,9783895086625,1999,Konemann,KEEP_CORE,0.9780,Die Leiden Des Jungen Werther,Johann Wolfgang von Goethe,/books/OL9015185M,0.9780,Die Leiden des jungen Werthers. Mit Materialien.,Johann Wolfgang von Goethe,/books/OL9018505M,0.8048,"Die Leiden des jungen Werther. Diverse Umschlagfarben, unsortiert.",Johann Wolfgang von Goethe,/books/OL9065623M
DE,GERMAN_LANGUAGE_CANON,1,Johann Wolfgang von Goethe,Wilhelm Meisters Lehrjahre,3,NO_MATCH,0.6562,1.0000,0.3750,/books/OL12727040M,Behalte mich ja lieb. Christianes und Goethes Ehebriefe.,,Johann Wolfgang von Goethe,9783458191902,2000,"Insel, Frankfurt",KEEP_CORE,0.6562,Behalte mich ja lieb. Christianes und Goethes Ehebriefe.,Johann Wolfgang von Goethe,/books/OL12727040M,0.6500,Meine Religion: Mein politischer glaube: Zwei vertrauliche reden,Johann Wolfgang von Goethe,/books/OL20593966M,0.6432,Goethe-brevier: Goethes Leben in seinen Gedichten,Johann Wolfgang von Goethe,/books/OL20535752M
DE,GERMAN_LANGUAGE_CANON,1,Johann Wolfgang von Goethe,Wahlverwandtschaften,4,NO_MATCH,0.6432,1.0000,0.3514,/books/OL12727040M,Behalte mich ja lieb. Christianes und Goethes Ehebriefe.,,Johann Wolfgang von Goethe,9783458191902,2000,"Insel, Frankfurt",KEEP_CORE,0.6432,Behalte mich ja lieb. Christianes und Goethes Ehebriefe.,Johann Wolfgang von Goethe,/books/OL12727040M,0.6279,Goethe-brevier: Goethes Leben in seinen Gedichten,Johann Wolfgang von Goethe,/books/OL20535752M,0.6268,"EinFach Deutsch, Iphigenie auf Tauris",Johann Wolfgang von Goethe,/books/OL12747340M
DE,GERMAN_LANGUAGE_CANON,1,Friedrich Schiller,Die Räuber,5,NO_MATCH,0.5234,0.5294,0.5185,/books/OL12866671M,Die Planetenjäger,Die aufregende Entdeckung fremder Welten,Reto U. Schneider,9783764356071,1997,Birkhauser Verlag,KEEP_CORE,0.5234,Die Planetenjäger,Reto U. Schneider,/books/OL12866671M,0.4806,Die Auserwählte,Iain Banks,/books/OL37760774M,0.4789,Emil Nolde & Werner Berg,Harald Scheicher,/books/OL12877496M
DE,GERMAN_LANGUAGE_CANON,1,Friedrich Schiller,Wilhelm Tell,6,NO_MATCH,0.4544,0.4667,0.4444,/books/OL27313992M,Eine tolle Zeit,,Fritz Leiber,9783436019501,,Fischer-TB.-Vlg.,KEEP_TRANSLATION,0.4544,Eine tolle Zeit,Fritz Leiber,/books/OL27313992M,0.4538,Unterhaltungen mit dem Kanzler Friedrich von Müller,Johann Wolfgang von Goethe | Friedrich von Müller,/books/OL15128666M,0.4523,Lob der Elite,Heike Schmoll,/books/OL16995923M
DE,GERMAN_LANGUAGE_CANON,1,Friedrich Schiller,Maria Stuart,7,NO_MATCH,0.5021,0.5455,0.4667,/books/OL12917595M,Friaul und Istrien.,,Richard Zürcher,9783791305837,1988,Prestel,KEEP_CORE,0.5021,Friaul und Istrien.,Richard Zürcher,/books/OL12917595M,0.4902,Aristoteles,E. Schuetrumpf,/books/OL12660930M,0.4538,Unterhaltungen mit dem Kanzler Friedrich von Müller,Johann Wolfgang von Goethe | Friedrich von Müller,/books/OL15128666M
DE,GERMAN_LANGUAGE_CANON,1,Gotthold Ephraim Lessing,Nathan der Weise,8,NO_MATCH,0.4408,0.3684,0.5000,/books/OL47326522M,Das Licht der Finsternis,,Fritz Leiber | Jonathan Davis,9783404220533,,,KEEP_TRANSLATION,0.4408,Das Licht der Finsternis,Fritz Leiber | Jonathan Davis,/books/OL47326522M,0.4282,Drachen der Finsternis,Antonia Michaelis,/books/OL27467730M,0.4264,Rahmenerzählungen der Moderne,Gerrit Stratmann,/books/OL19561585M
DE,GERMAN_LANGUAGE_CANON,1,Gotthold Ephraim Lessing,Emilia Galotti,9,NO_MATCH,0.4354,0.3158,0.5333,/books/OL12688168M,Der Heilige Gral,Die Abenteurer 4,Hubert H. Simon,9783404142286,1999,Bastei Lübbe,KEEP_CORE,0.4354,Der Heilige Gral,Hubert H. Simon,/books/OL12688168M,0.3851,Jennie Gerhardt.,Theodore Dreiser,/books/OL13717918M,0.3721,Eine amerikanische Tragödie,Theodore Dreiser,/books/OL6715553M
DE,GERMAN_LANGUAGE_CANON,1,Heinrich von Kleist,Michael Kohlhaas,10,NO_MATCH,0.4223,0.3077,0.5161,/books/OL12684986M,Machiavelli- ABC.,,Bernhard H. F. Taureck,9783379200165,2002,"Reclam, Leipzig",KEEP_CORE,0.4223,Machiavelli- ABC.,Bernhard H. F. Taureck,/books/OL12684986M,0.4206,Sämmtliche Werke,Johann Wolfgang von Goethe,/books/OL20433727M,0.4062,Das Spiel Azad,Iain Banks,/books/OL27029179M
DE,GERMAN_LANGUAGE_CANON,1,Heinrich von Kleist,Der zerbrochne Krug,11,NO_MATCH,0.4423,0.4242,0.4571,/books/OL12688168M,Der Heilige Gral,Die Abenteurer 4,Hubert H. Simon,9783404142286,1999,Bastei Lübbe,KEEP_CORE,0.4423,Der Heilige Gral,Hubert H. Simon,/books/OL12688168M,0.4335,Die Romische Gesellschaft Bei Galen,Heinrich Schlange-Schoningen,/books/OL12664614M,0.4302,Der Blick durch die Wand.,Johannes Friedrich Lehmann,/books/OL12918529M
DE,GERMAN_LANGUAGE_CANON,1,E. T. A. Hoffmann,Der Sandmann,12,NO_MATCH,0.5083,0.5185,0.5000,/books/OL15278853M,Der letzte Gesang des Manuel Sendero,Roman,Ariel Dorfman,9783596119783,1994,Fischer,KEEP_TRANSLATION,0.5083,Der letzte Gesang des Manuel Sendero,Ariel Dorfman,/books/OL15278853M,0.4350,"Der einsame Reiter und Babar, König der Elefanten",Ariel Dorfman,/books/OL1584964M,0.4344,Der Gesandte,Timothy Findley,/books/OL12811675M
DE,GERMAN_LANGUAGE_CANON,1,E. T. A. Hoffmann,Die Elixiere des Teufels,13,NO_MATCH,0.5422,0.4828,0.5909,/books/OL21309581M,Die Kirche der Väter,Vätertheologie und Väterbeweis in den Kirchen des Ostens bis zum Konzil von Ephesus (431),Thomas Graumann,9783161475498,2002,Mohr Siebeck,KEEP_CORE,0.5422,Die Kirche der Väter,Thomas Graumann,/books/OL21309581M,0.4867,Die Musik der Juden Osteuropas. Lomir ale singn,Francois Lilienfeld | Petra Goldman,/books/OL12659764M,0.4739,Der Dritte Weg in den Bürgerkrieg,Ernst Lohoff,/books/OL17575166M
DE,GERMAN_LANGUAGE_CANON,1,Georg Büchner,Woyzeck,14,NO_MATCH,0.3579,0.6207,0.1429,/books/OL24599189M,Das Buch der verrückten Experimente,,Reto U. Schneider,9783442153930,2006,Goldmann Verlag,KEEP_CORE,0.3579,Das Buch der verrückten Experimente,Reto U. Schneider,/books/OL24599189M,0.3570,Johannes Zurbuchen.,Hedi Sieber-Brunner,/books/OL12659813M,0.3514,Homiletik,Hans Martin Muller,/books/OL12664064M
DE,GERMAN_LANGUAGE_CANON,1,Georg Büchner,Dantons Tod,15,NO_MATCH,0.4757,0.6207,0.3571,/books/OL12866671M,Die Planetenjäger,Die aufregende Entdeckung fremder Welten,Reto U. Schneider,9783764356071,1997,Birkhauser Verlag,KEEP_CORE,0.4757,Die Planetenjäger,Reto U. Schneider,/books/OL12866671M,0.4147,Johannes Zurbuchen.,Hedi Sieber-Brunner,/books/OL12659813M,0.4108,Die geraubten Bilder.,Ingeborg Prior,/books/OL12728197M
DE,GERMAN_LANGUAGE_CANON,1,Heinrich Heine,Buch der Lieder,16,NO_MATCH,0.5202,0.3704,0.6429,/books/OL16995923M,Lob der Elite,warum wir sie brauchen,Heike Schmoll,9783406570285,2008,Beck,KEEP_CORE,0.5202,Lob der Elite,Heike Schmoll,/books/OL16995923M,0.5089,Der Heilige Gral,Hubert H. Simon,/books/OL12688168M,0.4850,Der financier.,Theodore Dreiser,/books/OL21048575M
DE,GERMAN_LANGUAGE_CANON,1,Heinrich Heine,Deutschland. Ein Wintermärchen,17,NO_MATCH,0.5406,0.6667,0.4375,/books/OL12664614M,Die Romische Gesellschaft Bei Galen,"Biographie Und Sozialgeschichte (Untersuchungen Zur Antiken Literatur Und Geschichte, Band 65)",Heinrich Schlange-Schoningen,9783110178500,2004,Walter De Gruyter Inc,KEEP_CORE,0.5406,Die Romische Gesellschaft Bei Galen,Heinrich Schlange-Schoningen,/books/OL12664614M,0.5095,Karl May und der Wettermacher,Jürgen Heinzerling,/books/OL12877172M,0.4546,Teufelchen,Heike Hohlbein | Wolfgang Hohlbein,/books/OL12763460M
DE,GERMAN_LANGUAGE_CANON,1,Theodor Fontane,Effi Briest,18,NO_MATCH,0.4905,0.5806,0.4167,/books/OL21048575M,Der financier.,,Theodore Dreiser,,1954,Aufbau-Verlag,KEEP_TRANSLATION,0.4905,Der financier.,Theodore Dreiser,/books/OL21048575M,0.4752,Das Buch über mich selbst,Theodore Dreiser,/books/OL15149185M,0.4639,Eine amerikanische Tragödie,Theodore Dreiser,/books/OL6715553M
DE,GERMAN_LANGUAGE_CANON,1,Theodor Fontane,"Irrungen, Wirrungen",19,NO_MATCH,0.5363,0.5806,0.5000,/books/OL14261765M,Der unentwegte,roman.,Theodore Dreiser,,1953,Diana Verlag,KEEP_TRANSLATION,0.5363,Der unentwegte,Theodore Dreiser,/books/OL14261765M,0.4613,"Das ""genie,"" roman.",Theodore Dreiser,/books/OL16335199M,0.4550,Im Herzen der Lüge.,Timothy Findley,/books/OL12812056M
DE,GERMAN_LANGUAGE_CANON,1,Gottfried Keller,Der grüne Heinrich,20,NO_MATCH,0.5145,0.5000,0.5263,/books/OL32200218M,Das Grüne Millennium,,Fritz Leiber,9783453305182,1978,,KEEP_TRANSLATION,0.5145,Das Grüne Millennium,Fritz Leiber,/books/OL32200218M,0.5071,Herrin der Dunkelheit,Charles Busch | Fritz Leiber,/books/OL35666376M,0.5032,Das dunkle Herz.,Timothy Findley,/books/OL12824718M
DE,GERMAN_LANGUAGE_CANON,1,Gottfried Keller,Romeo und Julia auf dem Dorfe,21,NO_MATCH,0.4788,0.5000,0.4615,/books/OL25551792M,Schwerter und Eiszauber,Fantasy-Roman in Erzählungen,Fritz Leiber,9783453307216,1981,Wilhelm Heyne Verlag,KEEP_TRANSLATION,0.4788,Schwerter und Eiszauber,Fritz Leiber,/books/OL25551792M,0.4674,Ritter und Knappe des Schwerts,Fritz Leiber | Neil Gaiman | Jonathan Davis,/books/OL25572908M,0.4324,Krieg und die Kröte,Timothy Findley,/books/OL17397934M
DE,GERMAN_LANGUAGE_CANON,1,Adalbert Stifter,Nachsommer,22,NO_MATCH,0.4437,0.6897,0.2424,/books/OL12773672M,Die Kunst zu überzeugen,Faire und unfaire Dialektik,Albert Thiele,9783540282280,2006,Springer,KEEP_CORE,0.4437,Die Kunst zu überzeugen,Albert Thiele,/books/OL12773672M,0.4083,Meine galaktischen Freunde,Alan Dean Foster,/books/OL27074230M,0.3943,Das Adoptivzimmer,Antonia Michaelis,/books/OL23069832M
DE,GERMAN_LANGUAGE_CANON,1,Theodor Storm,Der Schimmelreiter,23,NO_MATCH,0.5942,0.6897,0.5161,/books/OL21048575M,Der financier.,,Theodore Dreiser,,1954,Aufbau-Verlag,KEEP_TRANSLATION,0.5942,Der financier.,Theodore Dreiser,/books/OL21048575M,0.5853,Der unentwegte,Theodore Dreiser,/books/OL14261765M,0.5548,Der Titan,Theodore Dreiser,/books/OL6726711M
DE,GERMAN_LANGUAGE_CANON,1,Arthur Schnitzler,Leutnant Gustl,24,NO_MATCH,0.4774,0.6667,0.3226,/books/OL12866671M,Die Planetenjäger,Die aufregende Entdeckung fremder Welten,Reto U. Schneider,9783764356071,1997,Birkhauser Verlag,KEEP_CORE,0.4774,Die Planetenjäger,Reto U. Schneider,/books/OL12866671M,0.4659,Der unentwegte,Theodore Dreiser,/books/OL14261765M,0.4409,"""Verwilderte Selbsterhaltung""",Karsten Fischer,/books/OL19191320M
DE,GERMAN_LANGUAGE_CANON,1,Arthur Schnitzler,Fräulein Else,25,NO_MATCH,0.5255,0.3750,0.6486,/books/OL12762270M,FrauenLeben. Ein Lesebuch.,,Susanne Gretter,9783518394045,1998,Suhrkamp,KEEP_CORE,0.5255,FrauenLeben. Ein Lesebuch.,Susanne Gretter,/books/OL12762270M,0.4734,Friaul und Istrien.,Richard Zürcher,/books/OL12917595M,0.4731,"""Verwilderte Selbsterhaltung""",Karsten Fischer,/books/OL19191320M
DE,GERMAN_LANGUAGE_CANON,1,Hugo von Hofmannsthal,Jedermann,26,NO_MATCH,0.4053,0.4118,0.4000,/books/OL12764314M,Typische Formen DES Romans,,Frank Stanzel,9783525334645,1998,Vandenhoeck & Ruprecht GmbH & Co KG,KEEP_CORE,0.4053,Typische Formen DES Romans,Frank Stanzel,/books/OL12764314M,0.4021,Die Geburt der Humanität,Thomas Vogl,/books/OL19726974M,0.3975,Mummelmann,Lons,/books/OL12984740M
DE,GERMAN_LANGUAGE_CANON,1,Rainer Maria Rilke,Die Aufzeichnungen des Malte Laurids Brigge,27,NO_MATCH,0.4917,0.5000,0.4848,/books/OL16941366M,Die Ordnung der Bildung,Beiträge zu einer Genealogie der Bildung,Norbert Ricken,9783531152356,2006,VS Verlag für Sozialwissenschaften,KEEP_CORE,0.4917,Die Ordnung der Bildung,Norbert Ricken,/books/OL16941366M,0.4883,"Goetter, Helden Und Grotesken",Rainer G. Richter,/books/OL12877500M,0.4697,Die Spur des Medaillons. Roman.,Tania Schlie,/books/OL12811787M
DE,GERMAN_LANGUAGE_CANON,1,Rainer Maria Rilke,Duineser Elegien,28,NO_MATCH,0.5162,0.4138,0.6000,/books/OL9066279M,Das neue Leben.,,Orhan Pamuk,9783596145614,2001,"Fischer (Tb.), Frankfurt",KEEP_TRANSLATION,0.5162,Das neue Leben.,Orhan Pamuk,/books/OL9066279M,0.4912,"Goetter, Helden Und Grotesken",Rainer G. Richter,/books/OL12877500M,0.4871,Kunstler Und Modell,Gabriele Maria Vogelberg,/books/OL12831008M
DE,GERMAN_LANGUAGE_CANON,1,Thomas Mann,Buddenbrooks,29,NO_MATCH,0.5183,0.8462,0.2500,/books/OL21309581M,Die Kirche der Väter,Vätertheologie und Väterbeweis in den Kirchen des Ostens bis zum Konzil von Ephesus (431),Thomas Graumann,9783161475498,2002,Mohr Siebeck,KEEP_CORE,0.5183,Die Kirche der Väter,Thomas Graumann,/books/OL21309581M,0.4404,Philosophische Physiologie,Thomas S. Hoffmann,/books/OL12875015M,0.4391,Die Geburt der Humanität,Thomas Vogl,/books/OL19726974M
DE,GERMAN_LANGUAGE_CANON,1,Thomas Mann,Der Tod in Venedig,30,NO_MATCH,0.5545,0.8462,0.3158,/books/OL21309581M,Die Kirche der Väter,Vätertheologie und Väterbeweis in den Kirchen des Ostens bis zum Konzil von Ephesus (431),Thomas Graumann,9783161475498,2002,Mohr Siebeck,KEEP_CORE,0.5545,Die Kirche der Väter,Thomas Graumann,/books/OL21309581M,0.4859,Der Tod Im Text Thomas Bernhards Grabschriften,Markus Janner,/books/OL12829672M,0.4786,Philosophische Physiologie,Thomas S. Hoffmann,/books/OL12875015M
DE,GERMAN_LANGUAGE_CANON,1,Hermann Hesse,Unterm Rad,31,NO_MATCH,0.4806,0.6429,0.3478,/books/OL5379111M,Benito Cereno.,Vollständiger Text der Erzählung,Herman Melville,,1972,Ullstein,KEEP_TRANSLATION,0.4806,Benito Cereno.,Herman Melville,/books/OL5379111M,0.4739,Der unentwegte,Theodore Dreiser,/books/OL14261765M,0.4630,Mardi und eine Reise dorthin.,Herman Melville,/books/OL9035925M
DE,GERMAN_LANGUAGE_CANON,1,Hermann Hesse,Demian,32,NO_MATCH,0.5839,0.4828,0.6667,/books/OL6726711M,Der Titan,Trilogie der Begierde,Theodore Dreiser,,1928,P. Zsolnay,KEEP_TRANSLATION,0.5839,Der Titan,Theodore Dreiser,/books/OL6726711M,0.5067,Der financier.,Theodore Dreiser,/books/OL21048575M,0.4791,"Das ""genie,"" roman.",Theodore Dreiser,/books/OL16335199M
DE,GERMAN_LANGUAGE_CANON,1,Franz Kafka,Die Verwandlung,33,NO_MATCH,0.4943,0.4000,0.5714,/books/OL23112954M,Die Beutefrau,Roman um die letzte Liebe Karls des Grossen,Martina Kempff,9783492048705,2006,Piper,KEEP_TRANSLATION,0.4943,Die Beutefrau,Martina Kempff,/books/OL23112954M,0.4712,Die Weiße Festung,Orhan Pamuk,/books/OL27948709M,0.4586,Die Auserwählte,Iain Banks,/books/OL37760774M
DE,GERMAN_LANGUAGE_CANON,1,Franz Kafka,Der Prozess,34,NO_MATCH,0.4865,0.3478,0.6000,/books/OL32582674M,Der Platz,,Annie Ernaux,9783518225097,2019,Suhrkamp Verlag AG,KEEP_TRANSLATION,0.4865,Der Platz,Annie Ernaux,/books/OL32582674M,0.4114,Der andere Orientalismus,Andrea Polaschegg,/books/OL12664752M,0.3942,Die Weiße Festung,Orhan Pamuk,/books/OL27948709M
DE,GERMAN_LANGUAGE_CANON,1,Franz Kafka,Das Schloss,35,NO_MATCH,0.5007,0.4545,0.5385,/books/OL50528416M,Das stille Haus,Roman,Orhan Pamuk,9783596177660,2012,Fischer Taschenbuch Verlag,KEEP_TRANSLATION,0.5007,Das stille Haus,Orhan Pamuk,/books/OL50528416M,0.4795,Das schwarze Buch.,Orhan Pamuk,/books/OL9066111M,0.4634,Das Museum der Unschuld,Rafael Carpintero; | Orhan Pamuk,/books/OL32563095M
DE,TWENTIETH_CENTURY,1,Thomas Mann,Der Zauberberg,36,NO_MATCH,0.6072,0.8462,0.4118,/books/OL21309581M,Die Kirche der Väter,Vätertheologie und Väterbeweis in den Kirchen des Ostens bis zum Konzil von Ephesus (431),Thomas Graumann,9783161475498,2002,Mohr Siebeck,KEEP_CORE,0.6072,Die Kirche der Väter,Thomas Graumann,/books/OL21309581M,0.4483,"Bruder, Freunde und Betruger",Mark Haberlein,/books/OL12661281M,0.4476,Der unentwegte,Theodore Dreiser,/books/OL14261765M
DE,TWENTIETH_CENTURY,1,Thomas Mann,Doktor Faustus,37,NO_MATCH,0.5749,0.8462,0.3529,/books/OL21309581M,Die Kirche der Väter,Vätertheologie und Väterbeweis in den Kirchen des Ostens bis zum Konzil von Ephesus (431),Thomas Graumann,9783161475498,2002,Mohr Siebeck,KEEP_CORE,0.5749,Die Kirche der Väter,Thomas Graumann,/books/OL21309581M,0.4710,Aisthesis Vor Platon,Thomas Schirren,/books/OL37136274M,0.4636,Philosophische Physiologie,Thomas S. Hoffmann,/books/OL12875015M
DE,TWENTIETH_CENTURY,1,Hermann Hesse,Der Steppenwolf,38,NO_MATCH,0.4922,0.4828,0.5000,/books/OL6726711M,Der Titan,Trilogie der Begierde,Theodore Dreiser,,1928,P. Zsolnay,KEEP_TRANSLATION,0.4922,Der Titan,Theodore Dreiser,/books/OL6726711M,0.4913,Pierre. Oder die Doppeldeutigkeiten.,Herman Melville,/books/OL9036327M,0.4857,Benito Cereno.,Herman Melville,/books/OL5379111M
DE,TWENTIETH_CENTURY,1,Hermann Hesse,Das Glasperlenspiel,39,NO_MATCH,0.5514,0.4667,0.6207,/books/OL16704731M,Das Pendel,eine Wissensgeschichte,Christian Kassung,9783770545544,2007,W. Fink,KEEP_CORE,0.5514,Das Pendel,Christian Kassung,/books/OL16704731M,0.5143,Taïpi,Herman Melville,/books/OL6458215M,0.5084,"Das ""genie,"" roman.",Theodore Dreiser,/books/OL16335199M
DE,TWENTIETH_CENTURY,1,Alfred Döblin,Berlin Alexanderplatz,40,NO_MATCH,0.5152,0.6923,0.3704,/books/OL22713010M,Martin Heidegger und seine Heimat,,Alfred Denker,9783608940923,,Klett Cotta/J.G.Cottaþ sche Buchhandlung Nachfolger GmbH,KEEP_CORE,0.5152,Martin Heidegger und seine Heimat,Alfred Denker,/books/OL22713010M,0.4725,"Verloren, Mein Vater",Fridolin Schley,/books/OL12691565M,0.4350,Herrin der Dunkelheit,Charles Busch | Fritz Leiber,/books/OL35666376M
DE,TWENTIETH_CENTURY,1,Erich Maria Remarque,Im Westen nichts Neues,41,NO_MATCH,0.4451,0.3333,0.5366,/books/OL40211162M,Bitte nicht spucken!,Geschichten vor unserer Tür,Frederik Hetmann,9783473393916,1977,Maier,KEEP_CORE,0.4451,Bitte nicht spucken!,Frederik Hetmann,/books/OL40211162M,0.4263,"Biologische Waffen, nicht in Hitlers Arsenalen",Erhard Geißler,/books/OL12976921M,0.4221,Friaul und Istrien.,Richard Zürcher,/books/OL12917595M
DE,TWENTIETH_CENTURY,1,Bertolt Brecht,Mutter Courage und ihre Kinder,42,NO_MATCH,0.4945,0.4667,0.5172,/books/OL12877500M,"Goetter, Helden Und Grotesken",Das Goldene Zeitalter Der Majolika,Rainer G. Richter,9783777431956,2006,Hirmer Verlag GmbH,KEEP_CORE,0.4945,"Goetter, Helden Und Grotesken",Rainer G. Richter,/books/OL12877500M,0.4629,Mitten in der Nacht,Jacky Gleich | Bruno Blume,/books/OL23038896M,0.4473,Die Ordnung der Bildung,Norbert Ricken,/books/OL16941366M
DE,TWENTIETH_CENTURY,1,Bertolt Brecht,Der gute Mensch von Sezuan,43,NO_MATCH,0.4506,0.4444,0.4557,/books/OL12744097M,"Kein Herz, das mehr geliebt. Geschichten von Verführung.",,Bettina Hesse,9783499231599,2002,Rowohlt Tb.,KEEP_CORE,0.4506,"Kein Herz, das mehr geliebt. Geschichten von Verführung.",Bettina Hesse,/books/OL12744097M,0.4353,Ko-Evolution von Gesellschaft und funktionalem Staat,Carl Böhret,/books/OL19471780M,0.4307,"Verloren, Mein Vater",Fridolin Schley,/books/OL12691565M
DE,TWENTIETH_CENTURY,1,Heinrich Böll,Die verlorene Ehre der Katharina Blum,44,NO_MATCH,0.4879,0.6154,0.3836,/books/OL16995923M,Lob der Elite,warum wir sie brauchen,Heike Schmoll,9783406570285,2008,Beck,KEEP_CORE,0.4879,Lob der Elite,Heike Schmoll,/books/OL16995923M,0.4580,Unterhaltungen mit dem Kanzler Friedrich von Müller,Johann Wolfgang von Goethe | Friedrich von Müller,/books/OL15128666M,0.4497,Die Denkform der Paradoxalität als theologisches Problem,Henning Schröer,/books/OL28381695M
DE,TWENTIETH_CENTURY,1,Heinrich Böll,Ansichten eines Clowns,45,NO_MATCH,0.4496,0.3636,0.5200,/books/OL62086423M,Die Tochter des Hirsch-Clans,Roman,Joan Wolf,,,Bertelsmann Club GmbH,KEEP_TRANSLATION,0.4496,Die Tochter des Hirsch-Clans,Joan Wolf,/books/OL62086423M,0.4429,Sichtbare Erinnerung,Alexandra Vasak,/books/OL12829600M,0.4292,Doppelgänger Geschichten. Ein literarisches Lesebuch.,Walter Rösler,/books/OL12699620M
DE,TWENTIETH_CENTURY,1,Günter Grass,Die Blechtrommel,46,NO_MATCH,0.4750,0.4444,0.5000,/books/OL19552065M,Der aufrechte Gang,Roman,Annette Mingels,9783832179656,2006,DuMont Literatur und Kunst,KEEP_CORE,0.4750,Der aufrechte Gang,Annette Mingels,/books/OL19552065M,0.4684,Die Lichter von Thalis,Christopher Zimmer,/books/OL12922436M,0.4609,Die Nacht der Dämonen.,Amelia Atwater-Rhodes,/books/OL9064129M
DE,TWENTIETH_CENTURY,1,Günter Grass,Katz und Maus,47,NO_MATCH,0.4290,0.6400,0.2564,/books/OL12816277M,Der Klub der sieben Raben und der Piratenschatz. UNDERGROUND- Krimi.,,Margit Grassi,9783570210352,2001,"Bertelsmann, München",KEEP_CORE,0.4290,Der Klub der sieben Raben und der Piratenschatz. UNDERGROUND- Krimi.,Margit Grassi,/books/OL12816277M,0.4151,Ottonen und Salier.,Ludger Körntgen,/books/OL12770170M,0.4113,Josepha Dominica Von Rottenberg (1676-1738) (Quellen Und Forschungen Zur Geschichte Des Dominikanerordens - Neue Folge),Guenter Esser,/books/OL12661029M
DE,TWENTIETH_CENTURY,1,Max Frisch,Stiller,48,NO_MATCH,0.4266,0.4167,0.4348,/books/OL12877635M,Verbotene Bilder,Heiligenfi Guren Aus Rußland,Marianne Stoal,9783777496801,2006,Hirmer Verlag GmbH,KEEP_CORE,0.4266,Verbotene Bilder,Marianne Stoal,/books/OL12877635M,0.4105,planet berlin,Ralf Richert,/books/OL12979849M,0.4010,Aristoteles,E. Schuetrumpf,/books/OL12660930M
DE,TWENTIETH_CENTURY,1,Max Frisch,Homo faber,49,NO_MATCH,0.4368,0.5455,0.3478,/books/OL12979849M,planet berlin,,Ralf Richert,9783833439643,2006,BoD,KEEP_CORE,0.4368,planet berlin,Ralf Richert,/books/OL12979849M,0.4153,Pop- Art.,Martin Büsser,/books/OL12705991M,0.3951,Johann Christoph Adelung,Margrit Strohbach,/books/OL12663345M
DE,TWENTIETH_CENTURY,1,Friedrich Dürrenmatt,Der Richter und sein Henker,50,NO_MATCH,0.5115,0.4848,0.5333,/books/OL22713010M,Martin Heidegger und seine Heimat,,Alfred Denker,9783608940923,,Klett Cotta/J.G.Cottaþ sche Buchhandlung Nachfolger GmbH,KEEP_CORE,0.5115,Martin Heidegger und seine Heimat,Alfred Denker,/books/OL22713010M,0.5043,Die Neue Rechte und die Berliner Republik,Friedemann Schmidt,/books/OL20044470M,0.4916,Der Blick durch die Wand.,Johannes Friedrich Lehmann,/books/OL12918529M
DE,TWENTIETH_CENTURY,1,Friedrich Dürrenmatt,Der Besuch der alten Dame,51,NO_MATCH,0.5911,0.5652,0.6122,/books/OL12918529M,Der Blick durch die Wand.,,Johannes Friedrich Lehmann,9783793092339,2000,Rombach,KEEP_CORE,0.5911,Der Blick durch die Wand.,Johannes Friedrich Lehmann,/books/OL12918529M,0.5120,Unterhaltungen mit Goethe,Johann Wolfgang von Goethe | Friedrich von Müller,/books/OL15256441M,0.5067,Der letzte Gesang des Manuel Sendero,Ariel Dorfman,/books/OL15278853M
DE,TWENTIETH_CENTURY,1,Ingeborg Bachmann,Malina,52,NO_MATCH,0.4567,0.2000,0.6667,/books/OL16623383M,Albertina,Sammlungsgeschichte und Meisterwerke,Barbara Dossi,9783791319247,1998,Prestel,KEEP_CORE,0.4567,Albertina,Barbara Dossi,/books/OL16623383M,0.4391,Mona,Alexander Gorkow,/books/OL19612423M,0.3833,Förchtbar Maschien,Iain Banks,/books/OL47516910M
DE,TWENTIETH_CENTURY,1,Paul Celan,Mohn und Gedächtnis,53,NO_MATCH,0.4184,0.3810,0.4490,/books/OL25572908M,Ritter und Knappe des Schwerts,Roman,Fritz Leiber | Neil Gaiman | Jonathan Davis,9783453133440,1997,Heyne,KEEP_TRANSLATION,0.4184,Ritter und Knappe des Schwerts,Fritz Leiber | Neil Gaiman | Jonathan Davis,/books/OL25572908M,0.4180,Mitten in der Nacht,Jacky Gleich | Bruno Blume,/books/OL23038896M,0.4166,Mode und Chemie,Gabriele Maute-Daul,/books/OL12777145M
DE,TWENTIETH_CENTURY,1,Anna Seghers,Das siebte Kreuz,54,NO_MATCH,0.4838,0.5000,0.4706,/books/OL25564768M,Das Tar-Aiym-Krang,Science-fiction-Roman,Alan Dean Foster,9783453305533,1979,Heyne,KEEP_TRANSLATION,0.4838,Das Tar-Aiym-Krang,Alan Dean Foster,/books/OL25564768M,0.4765,Die Beutefrau,Martina Kempff,/books/OL23112954M,0.4542,Das Faust-Syndrom,Bernard Nuss,/books/OL18651834M
DE,TWENTIETH_CENTURY,1,Stefan Zweig,Schachnovelle,55,NO_MATCH,0.4750,0.8333,0.1818,/books/OL12661349M,Die Versorgung des päpstlichen Hofes in Avignon mit Lebensmitteln (1316 - 1378).,,Stefan Weiß,9783050036403,2002,Akademie-Verlag,KEEP_CORE,0.4750,Die Versorgung des päpstlichen Hofes in Avignon mit Lebensmitteln (1316 - 1378).,Stefan Weiß,/books/OL12661349M,0.4352,Sich verlieren,Annie Ernaux,/books/OL12709707M,0.4233,Ausdruck Macht Eindruck,Kirsten O. Frieling,/books/OL12829109M
DE,TWENTIETH_CENTURY,1,Stefan Zweig,Ungeduld des Herzens,56,NO_MATCH,0.5255,0.8333,0.2737,/books/OL12661349M,Die Versorgung des päpstlichen Hofes in Avignon mit Lebensmitteln (1316 - 1378).,,Stefan Weiß,9783050036403,2002,Akademie-Verlag,KEEP_CORE,0.5255,Die Versorgung des päpstlichen Hofes in Avignon mit Lebensmitteln (1316 - 1378).,Stefan Weiß,/books/OL12661349M,0.4473,Geophilosophie. Neitzsches philosophische Geographie.,Stephan Günzel,/books/OL12661341M,0.4458,Oswald Oberhuber,Stephan Ettl,/books/OL12677607M
DE,TWENTIETH_CENTURY,1,Robert Musil,Der Mann ohne Eigenschaften,57,NO_MATCH,0.6521,0.2759,0.9600,/books/OL12872799M,Entropiegeschichten,"Robert Musils ""Der Mann Ohne Eigenschaften"" Im Diskurs Der Modernen Physik (Musil-Studien)",Christian Kassung,9783770535194,2001,Fink,KEEP_CORE,0.6521,Entropiegeschichten,Christian Kassung,/books/OL12872799M,0.4981,Der Heilige Gral,Hubert H. Simon,/books/OL12688168M,0.4779,Raumgeschichten,Oliver Simons,/books/OL16794347M
DE,TWENTIETH_CENTURY,1,Joseph Roth,Radetzkymarsch,58,NO_MATCH,0.3633,0.3571,0.3684,/books/OL12737678M,Der häretische Imperativ,,Christoph Schmidt,9783484651319,2000,"Niemeyer, Tübingen",KEEP_CORE,0.3633,Der häretische Imperativ,Christoph Schmidt,/books/OL12737678M,0.3633,Die Tochter des Hirsch-Clans,Joan Wolf,/books/OL62086423M,0.3565,Die Scham,Annie Ernaux,/books/OL47317785M
DE,TWENTIETH_CENTURY,1,Ödön von Horváth,Jugend ohne Gott,59,NO_MATCH,0.4772,0.5238,0.4390,/books/OL15256441M,Unterhaltungen mit Goethe,mit Anmerkungen versehen und hrsg. von Renate Grumach,Johann Wolfgang von Goethe | Friedrich von Müller,9783406084973,1982,Beck,KEEP_CORE,0.4772,Unterhaltungen mit Goethe,Johann Wolfgang von Goethe | Friedrich von Müller,/books/OL15256441M,0.4557,Faust. Eine Tragödie,Johann Wolfgang von Goethe,/books/OL19905058M,0.4452,"Dichtung Und Wahrheit, I & II",Johann Wolfgang von Goethe,/books/OL9015189M
DE,TWENTIETH_CENTURY,1,Wolfgang Borchert,Draußen vor der Tür,60,NO_MATCH,0.5463,0.5581,0.5366,/books/OL9015186M,"Dramen: Clavigo, Egmont",Volume 2,Johann Wolfgang von Goethe,9783895086632,1999,Konemann,KEEP_CORE,0.5463,"Dramen: Clavigo, Egmont",Johann Wolfgang von Goethe,/books/OL9015186M,0.5050,Faust. Eine Tragödie,Johann Wolfgang von Goethe,/books/OL19905058M,0.4855,Von Rodin Bis Baselitz,Wolfgang Bruckle,/books/OL12876717M
DE,TWENTIETH_CENTURY,1,Christa Wolf,Der geteilte Himmel,61,NO_MATCH,0.5242,0.4828,0.5581,/books/OL12737678M,Der häretische Imperativ,,Christoph Schmidt,9783484651319,2000,"Niemeyer, Tübingen",KEEP_CORE,0.5242,Der häretische Imperativ,Christoph Schmidt,/books/OL12737678M,0.4763,Der Science Fiction Film (Heyne Filmbibliothek),Christian Hellmann,/books/OL9041496M,0.4678,Die Tochter des Hirsch-Clans,Joan Wolf,/books/OL62086423M
DE,TWENTIETH_CENTURY,1,Christa Wolf,Kassandra,62,NO_MATCH,0.4799,0.5517,0.4211,/books/OL16704731M,Das Pendel,eine Wissensgeschichte,Christian Kassung,9783770545544,2007,W. Fink,KEEP_CORE,0.4799,Das Pendel,Christian Kassung,/books/OL16704731M,0.4106,Die Tochter des Hirsch-Clans,Joan Wolf,/books/OL62086423M,0.4069,Katharina von Medici.,Cornelia Wusowski,/books/OL12688555M
DE,TWENTIETH_CENTURY,1,Siegfried Lenz,Deutschstunde,63,NO_MATCH,0.4521,0.4615,0.4444,/books/OL25551792M,Schwerter und Eiszauber,Fantasy-Roman in Erzählungen,Fritz Leiber,9783453307216,1981,Wilhelm Heyne Verlag,KEEP_TRANSLATION,0.4521,Schwerter und Eiszauber,Fritz Leiber,/books/OL25551792M,0.4502,Der Gesandte,Timothy Findley,/books/OL12811675M,0.4450,"Laser, Licht Und Leben",Jurgen Popp | Susanne Liedtke,/books/OL12767853M
DE,TWENTIETH_CENTURY,1,Uwe Johnson,Mutmassungen über Jakob,64,NO_MATCH,0.4223,0.4615,0.3902,/books/OL12770170M,Ottonen und Salier.,,Ludger Körntgen,9783534151868,2002,Wissenschaftliche Buchgesellschaft,KEEP_CORE,0.4223,Ottonen und Salier.,Ludger Körntgen,/books/OL12770170M,0.3872,Rahmenerzählungen der Moderne,Gerrit Stratmann,/books/OL19561585M,0.3800,Mummelmann,Lons,/books/OL12984740M
DE,TWENTIETH_CENTURY,1,Peter Handke,Die Angst des Tormanns beim Elfmeter,65,NO_MATCH,0.5385,0.6923,0.4127,/books/OL18908844M,Der Zweifel des Anarchisten,für eine neue Theorie von politischer Verpflichtung und staatlicher Legitimität,Peter Rinderle,9783465032335,2005,Klostermann,KEEP_CORE,0.5385,Der Zweifel des Anarchisten,Peter Rinderle,/books/OL18908844M,0.4939,Grundzüge der byzantinischen Geschichte.,Peter Wirth,/books/OL21841021M,0.4754,Ordnungen der Sichtbarkeit,Peter Geimer,/books/OL12761988M
DE,CONTEMPORARY,2,Patrick Süskind,Das Parfum,66,NO_MATCH,0.4519,0.3704,0.5185,/books/OL18651834M,Das Faust-Syndrom,ein Versuch über die Mentalität der Deutschen,Bernard Nuss,9783416023726,1993,Bouvier,KEEP_CORE,0.4519,Das Faust-Syndrom,Bernard Nuss,/books/OL18651834M,0.4438,Das Pendel,Christian Kassung,/books/OL16704731M,0.4013,Das Spiel Azad,Iain Banks,/books/OL27029179M
DE,CONTEMPORARY,2,Bernhard Schlink,Der Vorleser,67,NO_MATCH,0.4757,0.5333,0.4286,/books/OL12688168M,Der Heilige Gral,Die Abenteurer 4,Hubert H. Simon,9783404142286,1999,Bastei Lübbe,KEEP_CORE,0.4757,Der Heilige Gral,Hubert H. Simon,/books/OL12688168M,0.4659,Der häretische Imperativ,Christoph Schmidt,/books/OL12737678M,0.4571,Kurzprosa der Gegenwart,Gertrud Schänzlin,/books/OL15468727M
DE,CONTEMPORARY,2,Daniel Kehlmann,Die Vermessung der Welt,68,NO_MATCH,0.5205,0.5714,0.4789,/books/OL1584964M,"Der einsame Reiter und Babar, König der Elefanten",von harmlosen Helden in unseren Köpfen,Ariel Dorfman,9783499123849,1988,Rowohlt,KEEP_TRANSLATION,0.5205,"Der einsame Reiter und Babar, König der Elefanten",Ariel Dorfman,/books/OL1584964M,0.4995,Der letzte Gesang des Manuel Sendero,Ariel Dorfman,/books/OL15278853M,0.4960,Verschlüsselung im Internet,Harald Neymanns,/books/OL19822951M
DE,CONTEMPORARY,2,Daniel Kehlmann,Tyll,69,NO_MATCH,0.3705,0.5517,0.2222,/books/OL12690648M,Wilhelm Ockham.,,Jan P. Beckmann,9783406389320,1996,C.H.Beck,KEEP_CORE,0.3705,Wilhelm Ockham.,Jan P. Beckmann,/books/OL12690648M,0.3585,Festsymbole,Peter Biehl,/books/OL12914613M,0.3433,Teufelchen,Heike Hohlbein | Wolfgang Hohlbein,/books/OL12763460M
DE,CONTEMPORARY,2,Jenny Erpenbeck,Heimsuchung,70,NO_MATCH,0.4683,0.5517,0.4000,/books/OL12690648M,Wilhelm Ockham.,,Jan P. Beckmann,9783406389320,1996,C.H.Beck,KEEP_CORE,0.4683,Wilhelm Ockham.,Jan P. Beckmann,/books/OL12690648M,0.4235,Enzyklopadie Medizingeschichte,E. Gerabek,/books/OL12664150M,0.4200,Die Scham,Annie Ernaux,/books/OL47317785M
DE,CONTEMPORARY,2,Jenny Erpenbeck,"Gehen, ging, gegangen",71,NO_MATCH,0.4421,0.5833,0.3265,/books/OL12664150M,Enzyklopadie Medizingeschichte,,E. Gerabek,9783110157147,2004,Walter de Gruyter,KEEP_CORE,0.4421,Enzyklopadie Medizingeschichte,E. Gerabek,/books/OL12664150M,0.3982,Mitten in der Nacht,Jacky Gleich | Bruno Blume,/books/OL23038896M,0.3970,"Goetter, Helden Und Grotesken",Rainer G. Richter,/books/OL12877500M
DE,CONTEMPORARY,2,W. G. Sebald,Austerlitz,72,NO_MATCH,0.4122,0.2727,0.5263,/books/OL32582674M,Der Platz,,Annie Ernaux,9783518225097,2019,Suhrkamp Verlag AG,KEEP_TRANSLATION,0.4122,Der Platz,Annie Ernaux,/books/OL32582674M,0.3793,Aristoteles,E. Schuetrumpf,/books/OL12660930M,0.3791,Von Rodin Bis Baselitz,Wolfgang Bruckle,/books/OL12876717M
DE,CONTEMPORARY,2,W. G. Sebald,Die Ringe des Saturn,73,NO_MATCH,0.4655,0.2400,0.6500,/books/OL21309581M,Die Kirche der Väter,Vätertheologie und Väterbeweis in den Kirchen des Ostens bis zum Konzil von Ephesus (431),Thomas Graumann,9783161475498,2002,Mohr Siebeck,KEEP_CORE,0.4655,Die Kirche der Väter,Thomas Graumann,/books/OL21309581M,0.4459,Die Privatisierung Und Regulierung Des Wassersektors,Jan Muller-Scheebel,/books/OL12829321M,0.4330,Mitten in der Nacht,Jacky Gleich | Bruno Blume,/books/OL23038896M
DE,CONTEMPORARY,2,Elfriede Jelinek,Die Klavierspielerin,74,NO_MATCH,0.5044,0.2581,0.7059,/books/OL9063919M,Die Tochter des Klavierspielers.,,Timothy Findley,9783546001489,1998,Claassen Verlag,KEEP_TRANSLATION,0.5044,Die Tochter des Klavierspielers.,Timothy Findley,/books/OL9063919M,0.4936,Der Kleine Prinz,Antoine de Saint-Exupéry,/books/OL8935860M,0.4586,Die Zarin.,Ellen Alpsten,/books/OL12971042M
DE,CONTEMPORARY,2,Herta Müller,Atemschaukel,75,NO_MATCH,0.4784,0.6667,0.3243,/books/OL6458215M,Taïpi,ein Südsee-erlebnis,Herman Melville,,1927,T. Knaur Nachf.,KEEP_TRANSLATION,0.4784,Taïpi,Herman Melville,/books/OL6458215M,0.4571,"Bartleby, der Schreiber. Eine Geschichte aus der Wall Street.",Herman Melville,/books/OL9064345M,0.4483,Dialektische Dynamik,Margret Eifler,/books/OL21925009M
DE,CONTEMPORARY,2,Herta Müller,Herztier,76,NO_MATCH,0.5588,0.6667,0.4706,/books/OL12664064M,Homiletik,,Hans Martin Muller,9783110150742,1995,Walter De Gruyter Inc,KEEP_CORE,0.5588,Homiletik,Hans Martin Muller,/books/OL12664064M,0.4692,Taïpi,Herman Melville,/books/OL6458215M,0.4571,Benito Cereno.,Herman Melville,/books/OL5379111M
DE,CONTEMPORARY,2,Juli Zeh,Unterleuten,77,NO_MATCH,0.4695,0.4000,0.5263,/books/OL12664811M,Lanzelet,,Ulrich von Zatzikhoven,9783110189360,2006,Walter de Gruyter,KEEP_CORE,0.4695,Lanzelet,Ulrich von Zatzikhoven,/books/OL12664811M,0.4197,Die Kunst zu überzeugen,Albert Thiele,/books/OL12773672M,0.4100,planet berlin,Ralf Richert,/books/OL12979849M
DE,CONTEMPORARY,2,Saša Stanišić,Herkunft,78,NO_MATCH,0.6280,0.2222,0.9600,/books/OL12664227M,"Philipp Von Zesen, Samtliche Werke","Unter Mitwirkung Von Ulrich Mache Und Volker Meid, Der Heidnischen Gottheiten Herkunft Und Begabnisse (Ausgaben Deutscher Literatur Des XV Bis XVIII Jahrhunderts)",Von Ferdinand Van Ingen,9783110161762,1998,Walter De Gruyter Inc,KEEP_CORE,0.6280,"Philipp Von Zesen, Samtliche Werke",Von Ferdinand Van Ingen,/books/OL12664227M,0.4018,Albertina,Barbara Dossi,/books/OL16623383M,0.3973,Werbung und Kunst,Sylvia Meffert,/books/OL22470613M
DE,CONTEMPORARY,2,Robert Seethaler,Ein ganzes Leben,79,NO_MATCH,0.4943,0.4000,0.5714,/books/OL12664873M,Leiden Lesen,Bedeutungen Von 'Compassio' Um 1200 Und Die Poetik Des Mit-Leidens Im 'Parzival' Wolframs Von Eschenbach (Scrinium Friburgense/Veroffentlichungen ... Des Mediavistischen) (Scrinium Friburgense),Katharina Mertens Fleury,9783110191561,2006,Walter de Gruyter,KEEP_CORE,0.4943,Leiden Lesen,Katharina Mertens Fleury,/books/OL12664873M,0.4767,Die Kunst zu überzeugen,Albert Thiele,/books/OL12773672M,0.4425,Taïpi,Herman Melville,/books/OL6458215M
DE,CONTEMPORARY,2,Wolfgang Herrndorf,Tschick,80,NO_MATCH,0.5027,0.6857,0.3529,/books/OL12763460M,Teufelchen,,Heike Hohlbein | Wolfgang Hohlbein,9783522169974,1997,Thienemann Verlag,KEEP_CORE,0.5027,Teufelchen,Heike Hohlbein | Wolfgang Hohlbein,/books/OL12763460M,0.4163,Sämmtliche Werke,Johann Wolfgang von Goethe,/books/OL20433727M,0.4024,"Geschichte der Philosophie, in 12 Bdn., Bd.8, Die Philosophie der Neuzeit",Wolfgang. Röd,/books/OL12690447M
DE,PHILOSOPHY_ESSAYS,1,Immanuel Kant,Kritik der reinen Vernunft,81,NO_MATCH,0.7357,0.4615,0.9600,/books/OL12664544M,Systematischer Kommentar Zur Kritik Der Reinen Vernunft,Interdisziplinare Bilanz Der Kantforschung Seit 1945 (Kantstudien-Erganzungshete),Paul Natterer,9783110175707,2003,Walter De Gruyter Inc,KEEP_CORE,0.7357,Systematischer Kommentar Zur Kritik Der Reinen Vernunft,Paul Natterer,/books/OL12664544M,0.6720,Untersuchungen Zur Zeitkonzeption in Kants Kritik Der Reinen Vernunft (Kantstudien-Erganzungshete),Karin Michel,/books/OL12664654M,0.5073,"Ehe, Liebe, Freundschaft",Manuel Braun,/books/OL12737637M
DE,PHILOSOPHY_ESSAYS,1,Immanuel Kant,Grundlegung zur Metaphysik der Sitten,82,NO_MATCH,0.4717,0.7200,0.2685,/books/OL12737637M,"Ehe, Liebe, Freundschaft","Semantik Der Vergesellschaftung Im Fruhneuhochdeutschen Prosaroman (Linguistische Arbeiten,)",Manuel Braun,9783484365605,2001,Max Niemeyer Verlag,KEEP_CORE,0.4717,"Ehe, Liebe, Freundschaft",Manuel Braun,/books/OL12737637M,0.4348,Zerbrechende Zeit. Über den Sinn der Geschichte.,Jörn Rüsen,/books/OL12696861M,0.4229,Systematischer Kommentar Zur Kritik Der Reinen Vernunft,Paul Natterer,/books/OL12664544M
DE,PHILOSOPHY_ESSAYS,1,Georg Wilhelm Friedrich Hegel,Phänomenologie des Geistes,83,NO_MATCH,0.4393,0.4490,0.4314,/books/OL15256441M,Unterhaltungen mit Goethe,mit Anmerkungen versehen und hrsg. von Renate Grumach,Johann Wolfgang von Goethe | Friedrich von Müller,9783406084973,1982,Beck,KEEP_CORE,0.4393,Unterhaltungen mit Goethe,Johann Wolfgang von Goethe | Friedrich von Müller,/books/OL15256441M,0.4315,Drachen der Finsternis,Antonia Michaelis,/books/OL27467730M,0.4302,Der Titan,Theodore Dreiser,/books/OL6726711M
DE,PHILOSOPHY_ESSAYS,1,Arthur Schopenhauer,Die Welt als Wille und Vorstellung,84,NO_MATCH,0.4727,0.5294,0.4262,/books/OL19191320M,"""Verwilderte Selbsterhaltung""","zivilisationstheoretische Kulturkritik bei Nietzsche, Freud, Weber und Adorno",Karsten Fischer,9783050034645,1999,Akademie Verlag,KEEP_CORE,0.4727,"""Verwilderte Selbsterhaltung""",Karsten Fischer,/books/OL19191320M,0.4514,Gluck Als Vollendung Des Menschseins,Rochus Leonhardt,/books/OL12664143M,0.4513,Die Planetenjäger,Reto U. Schneider,/books/OL12866671M
DE,PHILOSOPHY_ESSAYS,1,Friedrich Nietzsche,Also sprach Zarathustra,85,NO_MATCH,0.4480,0.5882,0.3333,/books/OL12691565M,"Verloren, Mein Vater",Roman,Fridolin Schley,9783406471292,2001,C. H. Beck,KEEP_CORE,0.4480,"Verloren, Mein Vater",Fridolin Schley,/books/OL12691565M,0.4339,Abenteuer Philosophie,Michael Wittschier,/books/OL24611422M,0.4260,Friaul und Istrien.,Richard Zürcher,/books/OL12917595M
DE,PHILOSOPHY_ESSAYS,1,Friedrich Nietzsche,Jenseits von Gut und Böse,86,NO_MATCH,0.4685,0.5294,0.4186,/books/OL12917595M,Friaul und Istrien.,,Richard Zürcher,9783791305837,1988,Prestel,KEEP_CORE,0.4685,Friaul und Istrien.,Richard Zürcher,/books/OL12917595M,0.4647,"Verloren, Mein Vater",Fridolin Schley,/books/OL12691565M,0.4529,Unterhaltungen mit Goethe,Johann Wolfgang von Goethe | Friedrich von Müller,/books/OL15256441M
DE,PHILOSOPHY_ESSAYS,1,Friedrich Nietzsche,Zur Genealogie der Moral,87,NO_MATCH,0.4892,0.5882,0.4082,/books/OL12691565M,"Verloren, Mein Vater",Roman,Fridolin Schley,9783406471292,2001,C. H. Beck,KEEP_CORE,0.4892,"Verloren, Mein Vater",Fridolin Schley,/books/OL12691565M,0.4747,Das Ende der Kritik,Joachim Vahland | Ulrich Schödlbauer,/books/OL12661274M,0.4676,Unterhaltungen mit dem Kanzler Friedrich von Müller,Johann Wolfgang von Goethe | Friedrich von Müller,/books/OL15128666M
DE,PHILOSOPHY_ESSAYS,1,Martin Heidegger,Sein und Zeit,88,NO_MATCH,0.5786,0.5000,0.6429,/books/OL27313992M,Eine tolle Zeit,,Fritz Leiber,9783436019501,,Fischer-TB.-Vlg.,KEEP_TRANSLATION,0.5786,Eine tolle Zeit,Fritz Leiber,/books/OL27313992M,0.5162,Herrin der Dunkelheit,Charles Busch | Fritz Leiber,/books/OL35666376M,0.5000,Schwerter und Eiszauber,Fritz Leiber,/books/OL25551792M
DE,PHILOSOPHY_ESSAYS,1,Hannah Arendt,Vita activa,89,NO_MATCH,0.4024,0.4242,0.3846,/books/OL12684986M,Machiavelli- ABC.,,Bernhard H. F. Taureck,9783379200165,2002,"Reclam, Leipzig",KEEP_CORE,0.4024,Machiavelli- ABC.,Bernhard H. F. Taureck,/books/OL12684986M,0.3828,Das Tar-Aiym-Krang,Alan Dean Foster,/books/OL25564768M,0.3825,Die Phantastischen Kinderbucher Von Michael Ende,Hajna Stoyan,/books/OL12829726M
DE,PHILOSOPHY_ESSAYS,1,Hannah Arendt,Elemente und Ursprünge totaler Herrschaft,90,NO_MATCH,0.4458,0.5185,0.3864,/books/OL12970977M,Bitte streicheln Sie hier. Erotische Geschichten.,,Susann Rehlein,9783821806808,2000,Eichborn,KEEP_CORE,0.4458,Bitte streicheln Sie hier. Erotische Geschichten.,Susann Rehlein,/books/OL12970977M,0.4416,Kontingenz und Dezision. Beiträge zur Analyse der politischen Gesellschaft.,Michael Th. Greven,/books/OL12964674M,0.4287,Die Leiden Des Jungen Werther,Johann Wolfgang von Goethe,/books/OL9015185M
DE,PHILOSOPHY_ESSAYS,1,Walter Benjamin,Das Kunstwerk im Zeitalter seiner technischen Reproduzierbarkeit,91,NO_MATCH,0.4771,0.5714,0.4000,/books/OL12699620M,Doppelgänger Geschichten. Ein literarisches Lesebuch.,,Walter Rösler,9783423129534,2002,Dtv,KEEP_CORE,0.4771,Doppelgänger Geschichten. Ein literarisches Lesebuch.,Walter Rösler,/books/OL12699620M,0.4322,Ordnungen der Sichtbarkeit,Peter Geimer,/books/OL12761988M,0.4313,Krise der Philosophie im Zeitalter wissenschaftlich-technischer Rationalität.,Dagmar de Sauvage,/books/OL12744620M
DE,PHILOSOPHY_ESSAYS,1,Theodor W. Adorno,Minima Moralia,92,NO_MATCH,0.4959,0.6250,0.3902,/books/OL6715553M,Eine amerikanische Tragödie,,Theodore Dreiser,,1927,P. Zsolnay,KEEP_TRANSLATION,0.4959,Eine amerikanische Tragödie,Theodore Dreiser,/books/OL6715553M,0.4442,Der financier.,Theodore Dreiser,/books/OL21048575M,0.4406,Mein Name ist Afra.,Angela Dopfer-Werner,/books/OL12877122M
DE,PHILOSOPHY_ESSAYS,1,Jürgen Habermas,Strukturwandel der Öffentlichkeit,93,NO_MATCH,0.5211,0.6061,0.4516,/books/OL12877172M,Karl May und der Wettermacher,,Jürgen Heinzerling,9783776622522,2001,Herbig,KEEP_CORE,0.5211,Karl May und der Wettermacher,Jürgen Heinzerling,/books/OL12877172M,0.4650,Ordnungen der Sichtbarkeit,Peter Geimer,/books/OL12761988M,0.4521,Wissenschaftssprache und populärwissenschaftliche Vermittlung,Jürg Niederhauser,/books/OL12973235M
DE,PHILOSOPHY_ESSAYS,1,Sigmund Freud,Das Unbehagen in der Kultur,94,NO_MATCH,0.4914,0.3333,0.6207,/books/OL12932708M,Das visuelle Lexikon der Umwelt.,,Bernd Schuh,9783806745009,2001,Gerstenberg,KEEP_CORE,0.4914,Das visuelle Lexikon der Umwelt.,Bernd Schuh,/books/OL12932708M,0.4541,Das Geheimnis des Kiver,Leonhard Kubizek,/books/OL12677674M,0.4394,Das Ende der Kritik,Joachim Vahland | Ulrich Schödlbauer,/books/OL12661274M
DE,PHILOSOPHY_ESSAYS,1,Karl Marx,Das Kapital,95,NO_MATCH,0.4399,0.5833,0.3226,/books/OL16899002M,Der Zweiklassenstaat,wie die Privilegierten Deutschland ruinieren,Karl Lauterbach,9783871345791,2007,Rowohlt Berlin,KEEP_CORE,0.4399,Der Zweiklassenstaat,Karl Lauterbach,/books/OL16899002M,0.4238,Die Bilderkammer,Rudolf Marko,/books/OL23065061M,0.4135,Das Adoptivzimmer,Antonia Michaelis,/books/OL23069832M
DE,HISTORY_SOCIETY,2,Sebastian Haffner,Geschichte eines Deutschen,96,NO_MATCH,0.5302,0.3226,0.7000,/books/OL19655941M,Geschichte des Herzogtums Schwaben,,Alfons Zettler,9783170159457,2003,W. Kohlhammer Verlag GmbH,KEEP_CORE,0.5302,Geschichte des Herzogtums Schwaben,Alfons Zettler,/books/OL19655941M,0.4834,Geschichte(n) erzählen,Holger Zimmermann,/books/OL16368880M,0.4807,Entropiegeschichten,Christian Kassung,/books/OL12872799M
DE,HISTORY_SOCIETY,2,Victor Klemperer,LTI,97,NO_MATCH,0.4074,0.2941,0.5000,/books/OL12664064M,Homiletik,,Hans Martin Muller,9783110150742,1995,Walter De Gruyter Inc,KEEP_CORE,0.4074,Homiletik,Hans Martin Muller,/books/OL12664064M,0.3940,(rire),Richard Reichensperger,/books/OL12677481M,0.3911,Taïpi,Herman Melville,/books/OL6458215M
DE,HISTORY_SOCIETY,2,Joachim Fest,Hitler,98,NO_MATCH,0.6507,0.2727,0.9600,/books/OL21747596M,Annäherung an Frankreich im Dienste Hitlers?,"Otto Abetz und die deutsche Frankreichpolitik, 1930-1942",Roland Ray,9783486564952,2000,Oldenburg,KEEP_CORE,0.6507,Annäherung an Frankreich im Dienste Hitlers?,Roland Ray,/books/OL21747596M,0.6280,"Biologische Waffen, nicht in Hitlers Arsenalen",Erhard Geißler,/books/OL12976921M,0.6211,"Schalom, Herr Hitler. Trilogie Zeitsprünge. Davidstern und Hakenkreuz.",Peter Süess-Kolbl,/books/OL12659816M
DE,HISTORY_SOCIETY,2,Golo Mann,Deutsche Geschichte des 19. und 20. Jahrhunderts,99,NO_MATCH,0.4967,0.4800,0.5103,/books/OL22979805M,Sozialgeschichte der klassischen Musik,bildungsbürgerliche Musikanschauung im 19. und 20. Jahrhundert,Irmgard Jungmann,9783476022974,2008,Metzler,KEEP_CORE,0.4967,Sozialgeschichte der klassischen Musik,Irmgard Jungmann,/books/OL22979805M,0.4886,Geschichte(n) erzählen,Holger Zimmermann,/books/OL16368880M,0.4824,Schöne Geschichten. Deutsche Erzählkunst aus zwei Jahrhunderten.,Peter von Matt,/books/OL12673750M
DE,HISTORY_SOCIETY,2,Hannah Arendt,Eichmann in Jerusalem,100,NO_MATCH,0.4843,0.5385,0.4400,/books/OL13741974M,Der mann mit dem goldenen arm.,,Nelson Algren,,1961,Bertelsmann Lesering,KEEP_TRANSLATION,0.4843,Der mann mit dem goldenen arm.,Nelson Algren,/books/OL13741974M,0.4798,Ein Hund in Teufels Küche.,Maria Benedickt,/books/OL12820833M,0.4778,Jakob in der Räuberhöhle,Anne Steinwart,/books/OL23018706M
DE,HISTORY_SOCIETY,2,Alexander Mitscherlich,Die Unfähigkeit zu trauern,101,NO_MATCH,0.5431,0.7179,0.4000,/books/OL21076202M,Politische Beiträge,gesammelte Standpunkte und Meinungen zum politischen Geschehen 2003,Alexander Bilgeri,9783825877682,2004,Lit,KEEP_CORE,0.5431,Politische Beiträge,Alexander Bilgeri,/books/OL21076202M,0.5424,Die Kunst zu überzeugen,Albert Thiele,/books/OL12773672M,0.4999,Die denkenden Wälder,Alan Dean Foster,/books/OL27031284M
DE,HISTORY_SOCIETY,2,Marion Gräfin Dönhoff,Kindheit in Ostpreußen,102,NO_MATCH,0.4520,0.6857,0.2609,/books/OL20158696M,"Politischer Diskurs und Hegemonie: das Projekt ""Soziale Marktwirtschaft""",,Martin Nonhoff,9783899424249,2006,Transcript Verlag Roswitha Gost,KEEP_CORE,0.4520,"Politischer Diskurs und Hegemonie: das Projekt ""Soziale Marktwirtschaft""",Martin Nonhoff,/books/OL20158696M,0.4250,Ein Hund in Teufels Küche.,Maria Benedickt,/books/OL12820833M,0.3950,"""Verwilderte Selbsterhaltung""",Karsten Fischer,/books/OL19191320M
DE,HISTORY_SOCIETY,2,Willy Brandt,Erinnerungen,103,NO_MATCH,0.4771,0.2963,0.6250,/books/OL12829600M,Sichtbare Erinnerung,Der Umgang Mit Denkmalern In Osterreich,Alexandra Vasak,9783631515266,2004,Peter Lang Pub Inc,KEEP_CORE,0.4771,Sichtbare Erinnerung,Alexandra Vasak,/books/OL12829600M,0.4600,Im Herzen der Lüge.,Timothy Findley,/books/OL12812056M,0.4527,Erinnerung-Identitat-Narration,Birgit Neumann,/books/OL12664713M
DE,YOUTH,3,Erich Kästner,Emil und die Detektive,104,NO_MATCH,0.5006,0.5161,0.4878,/books/OL12661274M,Das Ende der Kritik,,Joachim Vahland | Ulrich Schödlbauer,9783050031682,1997,Akademie Verlag,KEEP_CORE,0.5006,Das Ende der Kritik,Joachim Vahland | Ulrich Schödlbauer,/books/OL12661274M,0.4903,"Goetter, Helden Und Grotesken",Rainer G. Richter,/books/OL12877500M,0.4862,Emil Nolde & Werner Berg,Harald Scheicher,/books/OL12877496M
DE,YOUTH,3,Erich Kästner,Das doppelte Lottchen,105,NO_MATCH,0.4643,0.3333,0.5714,/books/OL9066279M,Das neue Leben.,,Orhan Pamuk,9783596145614,2001,"Fischer (Tb.), Frankfurt",KEEP_TRANSLATION,0.4643,Das neue Leben.,Orhan Pamuk,/books/OL9066279M,0.4607,Unterhaltungen mit Goethe,Johann Wolfgang von Goethe | Friedrich von Müller,/books/OL15256441M,0.4584,Das Pendel,Christian Kassung,/books/OL16704731M
DE,YOUTH,3,Michael Ende,Momo,106,NO_MATCH,0.4357,0.3571,0.5000,/books/OL19612423M,Mona,,Alexander Gorkow,9783462039153,2007,Kiepenheuer & Witsch,KEEP_CORE,0.4357,Mona,Alexander Gorkow,/books/OL19612423M,0.3686,"Texte, die alles sagen: erz ahlende Literatur des 18. und 19. Jahrhunderts und Theorien der Stimme",Michael Eggers,/books/OL20114941M,0.3662,Vom Ornament zum Nationalkunstwerk,Michael Mönninger,/books/OL19528196M
DE,YOUTH,3,Michael Ende,Die unendliche Geschichte,107,NO_MATCH,0.5348,0.6897,0.4082,/books/OL12964674M,Kontingenz und Dezision. Beiträge zur Analyse der politischen Gesellschaft.,,Michael Th. Greven,9783810026200,2000,Leske + Budrich Verlag,KEEP_CORE,0.5348,Kontingenz und Dezision. Beiträge zur Analyse der politischen Gesellschaft.,Michael Th. Greven,/books/OL12964674M,0.5279,Das Nachrepublikanische Finanzsystem,Michael Alpers,/books/OL12663991M,0.5156,Herrschaft und Geschichte,Pedro Demo,/books/OL5492200M
DE,YOUTH,3,Otfried Preußler,Krabat,108,NO_MATCH,0.4092,0.5333,0.3077,/books/OL12705991M,Pop- Art.,,Martin Büsser,9783434535249,2001,Rotbuch Verlag,KEEP_CORE,0.4092,Pop- Art.,Martin Büsser,/books/OL12705991M,0.3802,Der Gesandte,Timothy Findley,/books/OL12811675M,0.3752,Der Platz,Annie Ernaux,/books/OL32582674M
DE,SCIENCE_CULTURE,3,Alexander von Humboldt,Kosmos,109,NO_MATCH,0.6566,0.2857,0.9600,/books/OL12817788M,"Charles Darwin und die Dynamik der Schöpfung. Unser Kosmos, unser Leben.",,Günter Altner,9783579005997,2002,Gütersloher Verlagshaus,KEEP_CORE,0.6566,"Charles Darwin und die Dynamik der Schöpfung. Unser Kosmos, unser Leben.",Günter Altner,/books/OL12817788M,0.5042,Mona,Alexander Gorkow,/books/OL19612423M,0.3743,Der Augenblick des Magiers,Alan Dean Foster,/books/OL33027163M
DE,SCIENCE_CULTURE,3,Carl Friedrich Gauß,Disquisitiones Arithmeticae,110,NO_MATCH,0.4270,0.5000,0.3673,/books/OL12664436M,Urkunde Und Experiment,Neuzeitliche Naturwissenschaft Im Horizont Einer Hermeneutischen Theologie Der Schopfung Bei Johann Georg Hamann (Theologische Bibliothek Toepelmann),Ulrich Moustakas,9783110170184,2003,Walter De Gruyter Inc,KEEP_CORE,0.4270,Urkunde Und Experiment,Ulrich Moustakas,/books/OL12664436M,0.4167,Unterhaltungen mit Goethe,Johann Wolfgang von Goethe | Friedrich von Müller,/books/OL15256441M,0.4101,Politischer Protest und Stabilität,Harald Mehlich,/books/OL18729244M
DE,SCIENCE_CULTURE,3,Max Planck,Wissenschaftliche Selbstbiographie,111,NO_MATCH,0.4569,0.1739,0.6885,/books/OL12769830M,Wissenschaftliches Arbeiten.,,Rüdiger Jacob,9783531221762,1997,Westerwaldverlag Ingrid Görlich,KEEP_CORE,0.4569,Wissenschaftliches Arbeiten.,Rüdiger Jacob,/books/OL12769830M,0.4356,"Naturwissenschaftliche Weltbilder in Managementtheorien. Chaostheorie, Selbstorganisation, Autopoiesis.",Michael Flämig,/books/OL12819854M,0.4258,Die Weiße Festung,Orhan Pamuk,/books/OL27948709M
DE,SCIENCE_CULTURE,3,Konrad Lorenz,Das sogenannte Böse,112,NO_MATCH,0.4715,0.5385,0.4167,/books/OL13741974M,Der mann mit dem goldenen arm.,,Nelson Algren,,1961,Bertelsmann Lesering,KEEP_TRANSLATION,0.4715,Der mann mit dem goldenen arm.,Nelson Algren,/books/OL13741974M,0.4580,Der Gesandte,Timothy Findley,/books/OL12811675M,0.4481,Das Geheimnis des Kiver,Leonhard Kubizek,/books/OL12677674M
DE,SCIENCE_CULTURE,3,Werner Heisenberg,Der Teil und das Ganze,113,NO_MATCH,0.5293,0.5455,0.5161,/books/OL6726711M,Der Titan,Trilogie der Begierde,Theodore Dreiser,,1928,P. Zsolnay,KEEP_TRANSLATION,0.5293,Der Titan,Theodore Dreiser,/books/OL6726711M,0.5283,Der financier.,Theodore Dreiser,/books/OL21048575M,0.4861,Schwerter und Eiszauber,Fritz Leiber,/books/OL25551792M
