language,category,priority,author,target_work,target_index,match_state,match_score,author_score,title_score,matched_source_key,matched_title,matched_subtitle,matched_authors,matched_isbn,matched_year,matched_publisher,matched_decision,candidate_1_score,candidate_1_source_key,candidate_1_title,candidate_1_authors,candidate_2_score,candidate_2_source_key,candidate_2_title,candidate_2_authors,candidate_3_score,candidate_3_source_key,candidate_3_title,candidate_3_authors,acquisition_state,resolution_reason
LA,CLASSICAL_LITERATURE,1,Virgile,Aeneis,1,NO_MATCH,0.8167,1.0000,0.6667,/books/OL23269455M,"Aeneid, IV",,H.E. Gould | J.L. Whiteley | Publius Vergilius Maro,,1900,Clive,KEEP_CORE,0.8167,/books/OL23269455M,"Aeneid, IV",H.E. Gould | J.L. Whiteley | Publius Vergilius Maro,0.5757,/books/OL15482125M,P. Vergili Maronis Opera omnia,Publius Vergilius Maro,0.5165,/books/OL7022722M,Metamorphoses,Ovid,ACQUIRE,Aucune correspondance acceptable dans le catalogue LA conservé.
LA,CLASSICAL_LITERATURE,1,Virgile,Georgica,2,NO_MATCH,0.5986,1.0000,0.2703,/books/OL15482125M,P. Vergili Maronis Opera omnia,,Publius Vergilius Maro,,1912,"Apud Macmillan et socios et P.H. Lee Warner, Mediceae Societatis librarium",KEEP_CORE,0.5986,/books/OL15482125M,P. Vergili Maronis Opera omnia,Publius Vergilius Maro,0.5794,/books/OL23269455M,"Aeneid, IV",H.E. Gould | J.L. Whiteley | Publius Vergilius Maro,0.5165,/books/OL23350586M,"Tristia, III",Ovid,ACQUIRE,Aucune correspondance acceptable dans le catalogue LA conservé.
LA,CLASSICAL_LITERATURE,1,Virgile,Eclogae,3,NO_MATCH,0.5875,1.0000,0.2500,/books/OL23269455M,"Aeneid, IV",,H.E. Gould | J.L. Whiteley | Publius Vergilius Maro,,1900,Clive,KEEP_CORE,0.5875,/books/OL23269455M,"Aeneid, IV",H.E. Gould | J.L. Whiteley | Publius Vergilius Maro,0.5722,/books/OL15482125M,P. Vergili Maronis Opera omnia,Publius Vergilius Maro,0.5079,/books/OL7022722M,Metamorphoses,Ovid,ACQUIRE,Aucune correspondance acceptable dans le catalogue LA conservé.
LA,CLASSICAL_LITERATURE,1,Ovide,Ars Amatoria,5,NO_MATCH,0.6413,1.0000,0.3478,/books/OL23350586M,"Tristia, III",,Ovid,,1900,Clive,KEEP_CORE,0.6413,/books/OL23350586M,"Tristia, III",Ovid,0.6260,/books/OL7022722M,Metamorphoses,Ovid,0.5575,/books/OL15482125M,P. Vergili Maronis Opera omnia,Publius Vergilius Maro,ACQUIRE,Aucune correspondance acceptable dans le catalogue LA conservé.
LA,CLASSICAL_LITERATURE,1,Horace,Carmina,7,NO_MATCH,0.7384,0.4186,1.0000,/books/OL12823125M,Carmina,,Claudius Claudianus,9783598712401,1998,K.G. SAUR VERLAG,KEEP_CORE,0.7384,/books/OL12823125M,Carmina,Claudius Claudianus,0.4084,/books/OL12449141M,De Sigaris Pharaonis,Hergé,0.3692,/books/OL8311025M,Cicero,Cicero,ACQUIRE,Aucune correspondance acceptable dans le catalogue LA conservé.
LA,CLASSICAL_LITERATURE,1,Horace,Sermones,8,NO_MATCH,0.4743,0.3750,0.5556,/books/OL20455339M,Ysengrimus,,Ernst Voigt | Nivardus,,1884,Buchhandlung des Waisenhauses,KEEP_CORE,0.4743,/books/OL20455339M,Ysengrimus,Ernst Voigt | Nivardus,0.4419,/books/OL12449141M,De Sigaris Pharaonis,Hergé,0.4357,/books/OL8311025M,Cicero,Cicero,ACQUIRE,Aucune correspondance acceptable dans le catalogue LA conservé.
LA,CLASSICAL_LITERATURE,1,Plaute,Miles Gloriosus,9,NO_MATCH,0.4496,0.5714,0.3500,/books/OL12823229M,"Naturalis Historiae, vol. I",,Pliny the Elder,9783598716508,1998,K.G. SAUR VERLAG,KEEP_CORE,0.4496,/books/OL12823229M,"Naturalis Historiae, vol. I",Pliny the Elder,0.4496,/books/OL12823233M,"Naturalis Historiae, vol. V",Pliny the Elder,0.4449,/books/OL12823230M,"Naturalis Historiae, vol. II",Pliny the Elder,ACQUIRE,Aucune correspondance acceptable dans le catalogue LA conservé.
LA,CLASSICAL_LITERATURE,1,Plaute,Menaechmi,10,NO_MATCH,0.4313,0.5000,0.3750,/books/OL12823125M,Carmina,,Claudius Claudianus,9783598712401,1998,K.G. SAUR VERLAG,KEEP_CORE,0.4313,/books/OL12823125M,Carmina,Claudius Claudianus,0.4132,/books/OL23269455M,"Aeneid, IV",H.E. Gould | J.L. Whiteley | Publius Vergilius Maro,0.3866,/books/OL12823229M,"Naturalis Historiae, vol. I",Pliny the Elder,ACQUIRE,Aucune correspondance acceptable dans le catalogue LA conservé.
LA,CLASSICAL_LITERATURE,1,Térence,Andria,11,NO_MATCH,0.6206,0.7273,0.5333,/books/OL23269455M,"Aeneid, IV",,H.E. Gould | J.L. Whiteley | Publius Vergilius Maro,,1900,Clive,KEEP_CORE,0.6206,/books/OL23269455M,"Aeneid, IV",H.E. Gould | J.L. Whiteley | Publius Vergilius Maro,0.4844,/books/OL15482125M,P. Vergili Maronis Opera omnia,Publius Vergilius Maro,0.4727,/books/OL23350586M,"Tristia, III",Ovid,ACQUIRE,Aucune correspondance acceptable dans le catalogue LA conservé.
LA,CLASSICAL_LITERATURE,1,Sénèque,Medea,12,NO_MATCH,0.4450,0.5000,0.4000,/books/OL23349269M,Tragoediae,,Seneca the Younger,,1921,In aedibus B.G. Teubneri,KEEP_CORE,0.4450,/books/OL23349269M,Tragoediae,Seneca the Younger,0.4083,/books/OL12823125M,Carmina,Claudius Claudianus,0.3942,/books/OL3055507M,Thyestes,Seneca the Younger,ACQUIRE,Aucune correspondance acceptable dans le catalogue LA conservé.
LA,CLASSICAL_LITERATURE,1,Sénèque,Phaedra,13,NO_MATCH,0.4607,0.5000,0.4286,/books/OL12823125M,Carmina,,Claudius Claudianus,9783598712401,1998,K.G. SAUR VERLAG,KEEP_CORE,0.4607,/books/OL12823125M,Carmina,Claudius Claudianus,0.4156,/books/OL23269455M,"Aeneid, IV",H.E. Gould | J.L. Whiteley | Publius Vergilius Maro,0.3717,/books/OL3055507M,Thyestes,Seneca the Younger,ACQUIRE,Aucune correspondance acceptable dans le catalogue LA conservé.
LA,CLASSICAL_LITERATURE,1,Lucain,Pharsalia,14,NO_MATCH,0.4513,0.5714,0.3529,/books/OL12823229M,"Naturalis Historiae, vol. I",,Pliny the Elder,9783598716508,1998,K.G. SAUR VERLAG,KEEP_CORE,0.4513,/books/OL12823229M,"Naturalis Historiae, vol. I",Pliny the Elder,0.4513,/books/OL12823233M,"Naturalis Historiae, vol. V",Pliny the Elder,0.4486,/books/OL12823125M,Carmina,Claudius Claudianus,ACQUIRE,Aucune correspondance acceptable dans le catalogue LA conservé.
LA,CLASSICAL_LITERATURE,1,Apulée,Metamorphoses,15,NO_MATCH,0.7557,0.4571,1.0000,/books/OL7022722M,Metamorphoses,,Ovid,,1916,William Heinemann,KEEP_CORE,0.7557,/books/OL7022722M,Metamorphoses,Ovid,0.4447,/books/OL12823229M,"Naturalis Historiae, vol. I",Pliny the Elder,0.4447,/books/OL12823233M,"Naturalis Historiae, vol. V",Pliny the Elder,ACQUIRE,Aucune correspondance acceptable dans le catalogue LA conservé.
LA,CLASSICAL_LITERATURE,1,Pétrone,Satyricon,16,NO_MATCH,0.6701,0.3158,0.9600,/books/OL5096914M,Euphormionis Lusinini Satyricon.,,"Barclay, John",9789060042991,1973,B. de Graaf,KEEP_CORE,0.6701,/books/OL5096914M,Euphormionis Lusinini Satyricon.,"Barclay, John",0.4771,/books/OL8311025M,Cicero,Cicero,0.4526,/books/OL12449141M,De Sigaris Pharaonis,Hergé,ACQUIRE,Aucune correspondance acceptable dans le catalogue LA conservé.
LA,CLASSICAL_LITERATURE,1,Catulle,Carmina,17,NO_MATCH,0.7857,0.5238,1.0000,/books/OL12823125M,Carmina,,Claudius Claudianus,9783598712401,1998,K.G. SAUR VERLAG,KEEP_CORE,0.7857,/books/OL12823125M,Carmina,Claudius Claudianus,0.4379,/books/OL5919462M,Alicia in Terra Mirabili,Lewis Carroll,0.3928,/books/OL15482125M,P. Vergili Maronis Opera omnia,Publius Vergilius Maro,ACQUIRE,Aucune correspondance acceptable dans le catalogue LA conservé.
LA,CLASSICAL_LITERATURE,1,Juvénal,Saturae,18,NO_MATCH,0.4410,0.5217,0.3750,/books/OL12823229M,"Naturalis Historiae, vol. I",,Pliny the Elder,9783598716508,1998,K.G. SAUR VERLAG,KEEP_CORE,0.4410,/books/OL12823229M,"Naturalis Historiae, vol. I",Pliny the Elder,0.4410,/books/OL12823233M,"Naturalis Historiae, vol. V",Pliny the Elder,0.4348,/books/OL12823230M,"Naturalis Historiae, vol. II",Pliny the Elder,ACQUIRE,Aucune correspondance acceptable dans le catalogue LA conservé.
LA,CLASSICAL_LITERATURE,1,Martial,Epigrammata,19,NO_MATCH,0.4150,0.5556,0.3000,/books/OL15482125M,P. Vergili Maronis Opera omnia,,Publius Vergilius Maro,,1912,"Apud Macmillan et socios et P.H. Lee Warner, Mediceae Societatis librarium",KEEP_CORE,0.4150,/books/OL15482125M,P. Vergili Maronis Opera omnia,Publius Vergilius Maro,0.3838,/books/OL8311025M,Cicero,Cicero,0.3683,/books/OL20455339M,Ysengrimus,Ernst Voigt | Nivardus,ACQUIRE,Aucune correspondance acceptable dans le catalogue LA conservé.
LA,CLASSICAL_LITERATURE,1,Properce,Elegiae,20,NO_MATCH,0.4324,0.4516,0.4167,/books/OL7865378M,Ieremia Piscatore,,Beatrix Potter,9780723221043,1979,Warne,KEEP_TRANSLATION,0.4324,/books/OL7865378M,Ieremia Piscatore,Beatrix Potter,0.4131,/books/OL23349269M,Tragoediae,Seneca the Younger,0.3896,/books/OL15482125M,P. Vergili Maronis Opera omnia,Publius Vergilius Maro,ACQUIRE,Aucune correspondance acceptable dans le catalogue LA conservé.
LA,PHILOSOPHY_RHETORIC,1,Cicéron,De Officiis,21,NO_MATCH,0.5875,1.0000,0.2500,/books/OL619549M,The letters of January to April 43 BC,,Cicero,9780856686313,1995,Aris & Phillips,KEEP_CORE,0.5875,/books/OL619549M,The letters of January to April 43 BC,Cicero,0.5794,/books/OL8311025M,Cicero,Cicero,0.3765,/books/OL12449141M,De Sigaris Pharaonis,Hergé,ACQUIRE,Aucune correspondance acceptable dans le catalogue LA conservé.
LA,PHILOSOPHY_RHETORIC,1,Cicéron,De Re Publica,22,NO_MATCH,0.6040,1.0000,0.2800,/books/OL619549M,The letters of January to April 43 BC,,Cicero,9780856686313,1995,Aris & Phillips,KEEP_CORE,0.6040,/books/OL619549M,The letters of January to April 43 BC,Cicero,0.5658,/books/OL8311025M,Cicero,Cicero,0.4476,/books/OL7865378M,Ieremia Piscatore,Beatrix Potter,ACQUIRE,Aucune correspondance acceptable dans le catalogue LA conservé.
LA,PHILOSOPHY_RHETORIC,1,Cicéron,De Legibus,23,NO_MATCH,0.5904,1.0000,0.2553,/books/OL619549M,The letters of January to April 43 BC,,Cicero,9780856686313,1995,Aris & Phillips,KEEP_CORE,0.5904,/books/OL619549M,The letters of January to April 43 BC,Cicero,0.5188,/books/OL8311025M,Cicero,Cicero,0.4338,/books/OL20455339M,Ysengrimus,Ernst Voigt | Nivardus,ACQUIRE,Aucune correspondance acceptable dans le catalogue LA conservé.
LA,PHILOSOPHY_RHETORIC,1,Cicéron,De Oratore,24,NO_MATCH,0.6138,1.0000,0.2979,/books/OL619549M,The letters of January to April 43 BC,,Cicero,9780856686313,1995,Aris & Phillips,KEEP_CORE,0.6138,/books/OL619549M,The letters of January to April 43 BC,Cicero,0.5875,/books/OL8311025M,Cicero,Cicero,0.4395,/books/OL7865378M,Ieremia Piscatore,Beatrix Potter,ACQUIRE,Aucune correspondance acceptable dans le catalogue LA conservé.
LA,PHILOSOPHY_RHETORIC,1,Cicéron,Tusculanae Disputationes,25,NO_MATCH,0.5762,1.0000,0.2295,/books/OL619549M,The letters of January to April 43 BC,,Cicero,9780856686313,1995,Aris & Phillips,KEEP_CORE,0.5762,/books/OL619549M,The letters of January to April 43 BC,Cicero,0.5600,/books/OL8311025M,Cicero,Cicero,0.4431,/books/OL7833376M,A Bear Called Paddington (BCP Latin Texts),Michael Bond,ACQUIRE,Aucune correspondance acceptable dans le catalogue LA conservé.
LA,PHILOSOPHY_RHETORIC,1,Sénèque,Epistulae Morales ad Lucilium,26,NO_MATCH,0.4502,0.5116,0.4000,/books/OL12823230M,"Naturalis Historiae, vol. II",,Pliny the Elder,9783598716515,1998,K.G. SAUR VERLAG,KEEP_CORE,0.4502,/books/OL12823230M,"Naturalis Historiae, vol. II",Pliny the Elder,0.4339,/books/OL12823229M,"Naturalis Historiae, vol. I",Pliny the Elder,0.4302,/books/OL12823234M,"Naturalis Historiae, vol. VI",Pliny the Elder,ACQUIRE,Aucune correspondance acceptable dans le catalogue LA conservé.
LA,PHILOSOPHY_RHETORIC,1,Sénèque,De Brevitate Vitae,27,NO_MATCH,0.4275,0.4000,0.4500,/books/OL3379617M,Virent ova! Viret perna!!,,Dr. Seuss,9780865165557,2003,"Bolchazy-Carducci Publishers, Inc.",KEEP_TRANSLATION,0.4275,/books/OL3379617M,Virent ova! Viret perna!!,Dr. Seuss,0.3876,/books/OL5944510M,Fabula de Jemima Anate-Aquatica,Beatrix Potter | Colin Twinn,0.3837,/books/OL12823229M,"Naturalis Historiae, vol. I",Pliny the Elder,ACQUIRE,Aucune correspondance acceptable dans le catalogue LA conservé.
LA,PHILOSOPHY_RHETORIC,1,Sénèque,De Clementia,28,NO_MATCH,0.4566,0.5000,0.4211,/books/OL12823125M,Carmina,,Claudius Claudianus,9783598712401,1998,K.G. SAUR VERLAG,KEEP_CORE,0.4566,/books/OL12823125M,Carmina,Claudius Claudianus,0.4027,/books/OL24831110M,De genere Byrsonima ...,Franz Niedenzu,0.3971,/books/OL15482125M,P. Vergili Maronis Opera omnia,Publius Vergilius Maro,ACQUIRE,Aucune correspondance acceptable dans le catalogue LA conservé.
LA,PHILOSOPHY_RHETORIC,1,Lucrèce,De Rerum Natura,29,NO_MATCH,0.4025,0.4500,0.3636,/books/OL12823125M,Carmina,,Claudius Claudianus,9783598712401,1998,K.G. SAUR VERLAG,KEEP_CORE,0.4025,/books/OL12823125M,Carmina,Claudius Claudianus,0.4014,/books/OL12449141M,De Sigaris Pharaonis,Hergé,0.3980,/books/OL5944510M,Fabula de Jemima Anate-Aquatica,Beatrix Potter | Colin Twinn,ACQUIRE,Aucune correspondance acceptable dans le catalogue LA conservé.
LA,PHILOSOPHY_RHETORIC,1,Lucrèce,De Rerum Natura — alternate scholarly edition,30,NO_MATCH,0.4025,0.4500,0.3636,/books/OL12823125M,Carmina,,Claudius Claudianus,9783598712401,1998,K.G. SAUR VERLAG,KEEP_CORE,0.4025,/books/OL12823125M,Carmina,Claudius Claudianus,0.4014,/books/OL12449141M,De Sigaris Pharaonis,Hergé,0.3980,/books/OL5944510M,Fabula de Jemima Anate-Aquatica,Beatrix Potter | Colin Twinn,ACQUIRE,Aucune correspondance acceptable dans le catalogue LA conservé.
LA,PHILOSOPHY_RHETORIC,1,Quintilien,Institutio Oratoria,31,NO_MATCH,0.4868,0.5263,0.4545,/books/OL12823229M,"Naturalis Historiae, vol. I",,Pliny the Elder,9783598716508,1998,K.G. SAUR VERLAG,KEEP_CORE,0.4868,/books/OL12823229M,"Naturalis Historiae, vol. I",Pliny the Elder,0.4868,/books/OL12823233M,"Naturalis Historiae, vol. V",Pliny the Elder,0.4813,/books/OL12823230M,"Naturalis Historiae, vol. II",Pliny the Elder,ACQUIRE,Aucune correspondance acceptable dans le catalogue LA conservé.
LA,PHILOSOPHY_RHETORIC,1,Quintilien,Declamationes,32,NO_MATCH,0.4600,0.5333,0.4000,/books/OL12823125M,Carmina,,Claudius Claudianus,9783598712401,1998,K.G. SAUR VERLAG,KEEP_CORE,0.4600,/books/OL12823125M,Carmina,Claudius Claudianus,0.4495,/books/OL7022722M,Metamorphoses,Ovid,0.3983,/books/OL12856016M,Expositiones Sequentiarum,Erika Kihlman,ACQUIRE,Aucune correspondance acceptable dans le catalogue LA conservé.
LA,PHILOSOPHY_RHETORIC,1,Boèce,De Consolatione Philosophiae,33,LIKELY_MATCH,0.8581,1.0000,0.7419,/books/OL24181898M,Boethius' Consolation of philosophy,,Boethius,,1897,D. Nutt,KEEP_CORE,0.8581,/books/OL24181898M,Boethius' Consolation of philosophy,Boethius,0.4694,/books/OL12823229M,"Naturalis Historiae, vol. I",Pliny the Elder,0.4694,/books/OL12823233M,"Naturalis Historiae, vol. V",Pliny the Elder,ACQUIRE,"Édition D. Nutt 1897 principalement anglaise, traduction de George Colville depuis le latin ; ne satisfait pas la cible éditoriale LA."
LA,PHILOSOPHY_RHETORIC,1,Augustin,Confessiones,34,NO_MATCH,0.6184,0.6667,0.5789,/books/OL23340761M,St. Augustine's Confessions,,Augustine of Hippo,9780674990296,1950,W. Heinemann,KEEP_CORE,0.6184,/books/OL23340761M,St. Augustine's Confessions,Augustine of Hippo,0.4000,/books/OL12823125M,Carmina,Claudius Claudianus,0.3951,/books/OL24181898M,Boethius' Consolation of philosophy,Boethius,ACQUIRE,Aucune correspondance acceptable dans le catalogue LA conservé.
LA,HISTORY,1,Tite-Live,Ab Urbe Condita,35,NO_MATCH,0.5833,1.0000,0.2424,/books/OL23282438M,"Books V, VI, and VII",,Titus Livius,,1889,Clarendon Press,KEEP_CORE,0.5833,/books/OL23282438M,"Books V, VI, and VII",Titus Livius,0.5387,/books/OL12823229M,"Naturalis Historiae, vol. I",Pliny the Elder,0.5340,/books/OL12823230M,"Naturalis Historiae, vol. II",Pliny the Elder,ACQUIRE,Aucune correspondance acceptable dans le catalogue LA conservé.
LA,HISTORY,1,Tite-Live,Ab Urbe Condita — alternate volume or edition,36,NO_MATCH,0.5833,1.0000,0.2424,/books/OL23282438M,"Books V, VI, and VII",,Titus Livius,,1889,Clarendon Press,KEEP_CORE,0.5833,/books/OL23282438M,"Books V, VI, and VII",Titus Livius,0.5387,/books/OL12823229M,"Naturalis Historiae, vol. I",Pliny the Elder,0.5340,/books/OL12823230M,"Naturalis Historiae, vol. II",Pliny the Elder,ACQUIRE,Aucune correspondance acceptable dans le catalogue LA conservé.
LA,HISTORY,1,Tacite,Annales,37,NO_MATCH,0.4935,0.6383,0.3750,/books/OL23269455M,"Aeneid, IV",,H.E. Gould | J.L. Whiteley | Publius Vergilius Maro,,1900,Clive,KEEP_CORE,0.4935,/books/OL23269455M,"Aeneid, IV",H.E. Gould | J.L. Whiteley | Publius Vergilius Maro,0.4650,/books/OL7022722M,Metamorphoses,Ovid,0.4198,/books/OL12823125M,Carmina,Claudius Claudianus,ACQUIRE,Aucune correspondance acceptable dans le catalogue LA conservé.
LA,HISTORY,1,Tacite,Historiae,38,NO_MATCH,0.7588,0.5128,0.9600,/books/OL12823229M,"Naturalis Historiae, vol. I",,Pliny the Elder,9783598716508,1998,K.G. SAUR VERLAG,KEEP_CORE,0.7588,/books/OL12823229M,"Naturalis Historiae, vol. I",Pliny the Elder,0.7588,/books/OL12823230M,"Naturalis Historiae, vol. II",Pliny the Elder,0.7588,/books/OL12823233M,"Naturalis Historiae, vol. V",Pliny the Elder,ACQUIRE,Aucune correspondance acceptable dans le catalogue LA conservé.
LA,HISTORY,1,Tacite,Germania,39,NO_MATCH,0.4953,0.6383,0.3784,/books/OL15482125M,P. Vergili Maronis Opera omnia,,Publius Vergilius Maro,,1912,"Apud Macmillan et socios et P.H. Lee Warner, Mediceae Societatis librarium",KEEP_CORE,0.4953,/books/OL15482125M,P. Vergili Maronis Opera omnia,Publius Vergilius Maro,0.4814,/books/OL23269455M,"Aeneid, IV",H.E. Gould | J.L. Whiteley | Publius Vergilius Maro,0.4737,/books/OL23350586M,"Tristia, III",Ovid,ACQUIRE,Aucune correspondance acceptable dans le catalogue LA conservé.
LA,HISTORY,1,Salluste,Bellum Catilinae,40,NO_MATCH,0.4484,0.4651,0.4348,/books/OL12823125M,Carmina,,Claudius Claudianus,9783598712401,1998,K.G. SAUR VERLAG,KEEP_CORE,0.4484,/books/OL12823125M,Carmina,Claudius Claudianus,0.4349,/books/OL12823229M,"Naturalis Historiae, vol. I",Pliny the Elder,0.4349,/books/OL12823233M,"Naturalis Historiae, vol. V",Pliny the Elder,ACQUIRE,Aucune correspondance acceptable dans le catalogue LA conservé.
LA,HISTORY,1,Salluste,Bellum Iugurthinum,41,NO_MATCH,0.3989,0.6087,0.2273,/books/OL12823230M,"Naturalis Historiae, vol. II",,Pliny the Elder,9783598716515,1998,K.G. SAUR VERLAG,KEEP_CORE,0.3989,/books/OL12823230M,"Naturalis Historiae, vol. II",Pliny the Elder,0.3765,/books/OL3243753M,Pinoculus Latinus,Carlo Collodi,0.3762,/books/OL12823229M,"Naturalis Historiae, vol. I",Pliny the Elder,ACQUIRE,Aucune correspondance acceptable dans le catalogue LA conservé.
LA,HISTORY,1,Suétone,De Vita Caesarum,42,NO_MATCH,0.4287,0.3415,0.5000,/books/OL12850622M,Dictata ad ius Hodiernum,,Jacobus Voorda,9789069844435,2006,Edita-the Publishing House of the Royal,KEEP_CORE,0.4287,/books/OL12850622M,Dictata ad ius Hodiernum,Jacobus Voorda,0.4180,/books/OL6784356M,Cattus petasatus,Dr. Seuss | Simon Mugford,0.4147,/books/OL7022722M,Metamorphoses,Ovid,ACQUIRE,Aucune correspondance acceptable dans le catalogue LA conservé.
LA,HISTORY,1,Jules César,De Bello Gallico,43,NO_MATCH,0.4585,0.6500,0.3019,/books/OL619549M,The letters of January to April 43 BC,,Cicero,9780856686313,1995,Aris & Phillips,KEEP_CORE,0.4585,/books/OL619549M,The letters of January to April 43 BC,Cicero,0.4425,/books/OL8311025M,Cicero,Cicero,0.4195,/books/OL12823229M,"Naturalis Historiae, vol. I",Pliny the Elder,ACQUIRE,Aucune correspondance acceptable dans le catalogue LA conservé.
LA,HISTORY,1,Jules César,De Bello Civili,44,NO_MATCH,0.4463,0.6341,0.2927,/books/OL12823230M,"Naturalis Historiae, vol. II",,Pliny the Elder,9783598716515,1998,K.G. SAUR VERLAG,KEEP_CORE,0.4463,/books/OL12823230M,"Naturalis Historiae, vol. II",Pliny the Elder,0.4463,/books/OL12823234M,"Naturalis Historiae, vol. VI",Pliny the Elder,0.4406,/books/OL619549M,The letters of January to April 43 BC,Cicero,ACQUIRE,Aucune correspondance acceptable dans le catalogue LA conservé.
LA,LATE_MEDIEVAL_RENAISSANCE,2,Thomas d'Aquin,Summa Theologiae,45,NO_MATCH,0.4010,0.4211,0.3846,/books/OL23349269M,Tragoediae,,Seneca the Younger,,1921,In aedibus B.G. Teubneri,KEEP_CORE,0.4010,/books/OL23349269M,Tragoediae,Seneca the Younger,0.3889,/books/OL7105458M,The Utopia of Sir Thomas More,Thomas More,0.3848,/books/OL5944510M,Fabula de Jemima Anate-Aquatica,Beatrix Potter | Colin Twinn,ACQUIRE,Aucune correspondance acceptable dans le catalogue LA conservé.
LA,LATE_MEDIEVAL_RENAISSANCE,2,Érasme,Moriae Encomium,46,NO_MATCH,0.4083,0.5000,0.3333,/books/OL23269455M,"Aeneid, IV",,H.E. Gould | J.L. Whiteley | Publius Vergilius Maro,,1900,Clive,KEEP_CORE,0.4083,/books/OL23269455M,"Aeneid, IV",H.E. Gould | J.L. Whiteley | Publius Vergilius Maro,0.4026,/books/OL12449141M,De Sigaris Pharaonis,Hergé,0.3915,/books/OL23350586M,"Tristia, III",Ovid,ACQUIRE,Aucune correspondance acceptable dans le catalogue LA conservé.
LA,LATE_MEDIEVAL_RENAISSANCE,2,Pétrarque,Secretum,48,NO_MATCH,0.4033,0.3529,0.4444,/books/OL20455339M,Ysengrimus,,Ernst Voigt | Nivardus,,1884,Buchhandlung des Waisenhauses,KEEP_CORE,0.4033,/books/OL20455339M,Ysengrimus,Ernst Voigt | Nivardus,0.3914,/books/OL6777822M,Regulus,Antoine de Saint-Exupéry,0.3406,/books/OL12850622M,Dictata ad ius Hodiernum,Jacobus Voorda,ACQUIRE,Aucune correspondance acceptable dans le catalogue LA conservé.
LA,LATE_MEDIEVAL_RENAISSANCE,2,Pic de la Mirandole,Oratio de Hominis Dignitate,49,NO_MATCH,0.4358,0.5455,0.3462,/books/OL12823229M,"Naturalis Historiae, vol. I",,Pliny the Elder,9783598716508,1998,K.G. SAUR VERLAG,KEEP_CORE,0.4358,/books/OL12823229M,"Naturalis Historiae, vol. I",Pliny the Elder,0.4358,/books/OL12823233M,"Naturalis Historiae, vol. V",Pliny the Elder,0.4322,/books/OL12823230M,"Naturalis Historiae, vol. II",Pliny the Elder,ACQUIRE,Aucune correspondance acceptable dans le catalogue LA conservé.
LA,LATE_MEDIEVAL_RENAISSANCE,2,Bède le Vénérable,Historia Ecclesiastica Gentis Anglorum,50,NO_MATCH,0.4746,0.3478,0.5783,/books/OL12823091M,Polistoria de Virtutibus et Dotibus Romanorum,,Joannes Caballinus de Cerronibus,9783598711282,1998,K.G. SAUR VERLAG,KEEP_CORE,0.4746,/books/OL12823091M,Polistoria de Virtutibus et Dotibus Romanorum,Joannes Caballinus de Cerronibus,0.4681,/books/OL24181898M,Boethius' Consolation of philosophy,Boethius,0.4036,/books/OL18309835M,Collectio psalterii Bedae Venerabili adscripta,Gerald Browne,ACQUIRE,Aucune correspondance acceptable dans le catalogue LA conservé.
LA,SCIENCE_CIVILISATION,2,Vitruve,De Architectura,52,NO_MATCH,0.4777,0.6250,0.3571,/books/OL7022722M,Metamorphoses,,Ovid,,1916,William Heinemann,KEEP_CORE,0.4777,/books/OL7022722M,Metamorphoses,Ovid,0.4571,/books/OL15482125M,P. Vergili Maronis Opera omnia,Publius Vergilius Maro,0.4014,/books/OL12449141M,De Sigaris Pharaonis,Hergé,ACQUIRE,Aucune correspondance acceptable dans le catalogue LA conservé.
LA,SCIENCE_CIVILISATION,2,Nicolas Copernic,De Revolutionibus Orbium Coelestium,53,NO_MATCH,0.4572,0.5556,0.3768,/books/OL24181898M,Boethius' Consolation of philosophy,,Boethius,,1897,D. Nutt,KEEP_CORE,0.4572,/books/OL24181898M,Boethius' Consolation of philosophy,Boethius,0.4259,/books/OL15482125M,P. Vergili Maronis Opera omnia,Publius Vergilius Maro,0.4180,/books/OL12823091M,Polistoria de Virtutibus et Dotibus Romanorum,Joannes Caballinus de Cerronibus,ACQUIRE,Aucune correspondance acceptable dans le catalogue LA conservé.
LA,SCIENCE_CIVILISATION,2,Isaac Newton,Philosophiae Naturalis Principia Mathematica,54,NO_MATCH,0.3862,0.5263,0.2716,/books/OL619549M,The letters of January to April 43 BC,,Cicero,9780856686313,1995,Aris & Phillips,KEEP_CORE,0.3862,/books/OL619549M,The letters of January to April 43 BC,Cicero,0.3839,/books/OL7833376M,A Bear Called Paddington (BCP Latin Texts),Michael Bond,0.3690,/books/OL7105458M,The Utopia of Sir Thomas More,Thomas More,ACQUIRE,Aucune correspondance acceptable dans le catalogue LA conservé.
