target_index,language,category,priority,target_author,target_work,query_mode,work_key,work_title,work_authors,edition_key,edition_title,edition_subtitle,edition_languages,isbn,publisher,publish_date,page_count,cover_id,title_score,author_score,candidate_score,cover_state,cover_width,cover_height,cover_format,cover_local_path,candidate_state,acquisition_search_state
2,ES,SPANISH_CANON,1,Miguel de Cervantes,Novelas ejemplares,TITLE_AUTHOR,/works/OL14873259W,Novelas Ejemplares,Miguel de Cervantes Saavedra,/books/OL9118235M,Novelas Ejemplares,,spa,9788423905676,Espasa-Calpe,1983,,7260401,1.0,0.95,0.9720000000000001,VALID_COVER,225,353,JPEG,data/audit/reconstruction-ES-candidate-covers/ES-002-OL9118235M.jpeg,USABLE_CANDIDATE,BEST_CANDIDATE_FOUND
3,ES,SPANISH_CANON,1,Miguel de Cervantes,La Galatea,BROAD,/works/OL793640W,La Galatea,Miguel de Cervantes Saavedra | Roger Grass,/books/OL32359319M,La galatea,,spa,,Rodriguez,1914,,11781757,1.0,0.95,0.9420000000000001,VALID_COVER,306,500,JPEG,data/audit/reconstruction-ES-candidate-covers/ES-003-OL32359319M.jpeg,USABLE_CANDIDATE,BEST_CANDIDATE_FOUND
4,ES,SPANISH_CANON,1,Miguel de Cervantes,Los trabajos de Persiles y Sigismunda,TITLE_AUTHOR,/works/OL793870W,Los trabajos de Persiles y Sigismunda,Miguel de Cervantes Saavedra,/books/OL4471560M,Los trabajos de Persiles y Sigismunda,,spa,,Editorial Castalia,1969,,5813083,1.0,0.95,0.9420000000000001,VALID_COVER,307,500,JPEG,data/audit/reconstruction-ES-candidate-covers/ES-004-OL4471560M.jpeg,USABLE_CANDIDATE,BEST_CANDIDATE_FOUND
5,ES,SPANISH_CANON,1,Lope de Vega,Fuenteovejuna,TITLE_ONLY,/works/OL8089380W,Fuenteovejuna,Lope de Vega,/books/OL13193330M,Fuenteovejuna,,spa,9788420726335,Continental Book Company,June 1998,,5259164,1.0,1.0,0.9850000000000001,VALID_COVER,128,175,JPEG,data/audit/reconstruction-ES-candidate-covers/ES-005-OL13193330M.jpeg,USABLE_CANDIDATE,BEST_CANDIDATE_FOUND
6,ES,SPANISH_CANON,1,Lope de Vega,El perro del hortelano,BROAD,/works/OL914694W,El perro del hortelano,Lope de Vega,/books/OL26692389M,El perro del hortelano,,spa,9788497404310,Castalia,2011,,8361295,1.0,1.0,0.9850000000000001,VALID_COVER,322,500,JPEG,data/audit/reconstruction-ES-candidate-covers/ES-006-OL26692389M.jpeg,USABLE_CANDIDATE,BEST_CANDIDATE_FOUND
7,ES,SPANISH_CANON,1,Lope de Vega,La dama boba,TITLE_AUTHOR,/works/OL914552W,La dama boba,Lope de Vega,/books/OL353542M,Lady Nitwit,La dama boba,eng | spa,0927534746,Bilingual Press,1998,,12367615,1.0,1.0,0.9850000000000001,VALID_COVER,342,496,JPEG,data/audit/reconstruction-ES-candidate-covers/ES-007-OL353542M.jpeg,USABLE_CANDIDATE,BEST_CANDIDATE_FOUND
8,ES,SPANISH_CANON,1,Pedro Calderón de la Barca,La vida es sueño,TITLE_AUTHOR,/works/OL22161450W,La vida es sueño,Pedro Calderón de la Barca,/books/OL31048303M,La vida es sueño,,spa,9788497404105,Editorial Castalia,2012,,14595213,1.0,1.0,0.9850000000000001,VALID_COVER,323,500,JPEG,data/audit/reconstruction-ES-candidate-covers/ES-008-OL31048303M.jpeg,USABLE_CANDIDATE,BEST_CANDIDATE_FOUND
9,ES,SPANISH_CANON,1,Pedro Calderón de la Barca,El alcalde de Zalamea,TITLE_AUTHOR,/works/OL10252233W,El Alcalde De Zalamea,Pedro Calderón de la Barca,/books/OL22158214M,El alcalde de Zalamea,,spa,8420727776,Anaya,1987,,5258940,1.0,1.0,0.9850000000000001,VALID_COVER,128,187,JPEG,data/audit/reconstruction-ES-candidate-covers/ES-009-OL22158214M.jpeg,USABLE_CANDIDATE,BEST_CANDIDATE_FOUND
10,ES,SPANISH_CANON,1,Pedro Calderón de la Barca,El gran teatro del mundo,TITLE_AUTHOR,/works/OL9114919W,El gran teatro del mundo/ El gran mercado del mundo/ The Great Theater of the World/ The World is a Fair,Pedro Calderón de la Barca,/books/OL4840103M,El gran teatro del mundo,El gran mercado del mundo,spa,8437600294,Ediciones Cátedra,1974,,1047420,1.0,1.0,0.9850000000000001,VALID_COVER,309,500,JPEG,data/audit/reconstruction-ES-candidate-covers/ES-010-OL4840103M.jpeg,USABLE_CANDIDATE,BEST_CANDIDATE_FOUND
11,ES,SPANISH_CANON,1,Tirso de Molina,El burlador de Sevilla,BROAD,/works/OL638607W,Burlador de Sevilla,Tirso de Molina,/books/OL317343M,El burlador de Sevilla y convidado de piedra,,spa,8470397737,Editorial Castalia,1997,,11022292,0.95,1.0,0.9590000000000001,VALID_COVER,322,500,JPEG,data/audit/reconstruction-ES-candidate-covers/ES-011-OL317343M.jpeg,USABLE_CANDIDATE,BEST_CANDIDATE_FOUND
12,ES,SPANISH_CANON,1,Fernando de Rojas,La Celestina,TITLE_AUTHOR,/works/OL8302251W,La Celestina,Fernando De Rojas,/books/OL13234064M,LA Celestina,,spa,9788432069802,"Espasa Calpe Mexicana, S.A.",September 1995,,12667644,1.0,1.0,0.9850000000000001,VALID_COVER,285,500,JPEG,data/audit/reconstruction-ES-candidate-covers/ES-012-OL13234064M.jpeg,USABLE_CANDIDATE,BEST_CANDIDATE_FOUND
13,ES,SPANISH_CANON,1,Garcilaso de la Vega,Églogas,TITLE_AUTHOR,/works/OL9008675W,Églogas,Garcilaso de la Vega,/books/OL13365123M,Églogas,,spa,9788498162394,Linkgua S.L.,"January 1, 2007",,3335736,1.0,1.0,0.9850000000000001,VALID_COVER,323,500,JPEG,data/audit/reconstruction-ES-candidate-covers/ES-013-OL13365123M.jpeg,USABLE_CANDIDATE,BEST_CANDIDATE_FOUND
14,ES,SPANISH_CANON,1,San Juan de la Cruz,Cántico espiritual,TITLE_AUTHOR,/works/OL9122588W,Cantico espiritual,San Juan de La Cruz,/books/OL9153812M,Cantico espiritual,,spa,9788496290174,Linkgua US,"January 24, 2007",,2273042,1.0,1.0,0.9850000000000001,VALID_COVER,323,500,JPEG,data/audit/reconstruction-ES-candidate-covers/ES-014-OL9153812M.jpeg,USABLE_CANDIDATE,BEST_CANDIDATE_FOUND
15,ES,SPANISH_CANON,1,Santa Teresa de Jesús,Libro de la vida,,,,,,,,,,,,,,,,,,,,,,,NO_USABLE_CANDIDATE
16,ES,SPANISH_CANON,1,Francisco de Quevedo,El Buscón,,,,,,,,,,,,,,,,,,,,,,,NO_USABLE_CANDIDATE
17,ES,SPANISH_CANON,1,Francisco de Quevedo,Sueños,TITLE_AUTHOR,/works/OL144959W,Sueños,Francisco de Quevedo,/books/OL1523600M,Sueños y discursos,,spa,8470396641,Editorial Castalia,1993,,3960936,1.0,1.0,0.9850000000000001,VALID_COVER,128,205,JPEG,data/audit/reconstruction-ES-candidate-covers/ES-017-OL1523600M.jpeg,USABLE_CANDIDATE,BEST_CANDIDATE_FOUND
18,ES,SPANISH_CANON,1,Luis de Góngora,Soledades,BROAD,/works/OL9114997W,Soledades / Loneliness,Luis de Góngora y Argote,/books/OL9130082M,Soledades / Loneliness,,spa,9788437601991,Ediciones Catedra S.A.,"June 30, 2004",,2270380,0.95,0.95,0.9460000000000001,VALID_COVER,309,500,JPEG,data/audit/reconstruction-ES-candidate-covers/ES-018-OL9130082M.jpeg,USABLE_CANDIDATE,BEST_CANDIDATE_FOUND
19,ES,SPANISH_CANON,1,Luis de Góngora,Fábula de Polifemo y Galatea,BROAD,/works/OL2208037W,Polifemo,Luis de Góngora y Argote | Alfonso Callejo | Maria Teresa Pajares,/books/OL3235091M,Fábula de Polifemo y Galatea,,spa,843760379X,Cátedra,1983,,4909765,1.0,0.95,0.9720000000000001,VALID_COVER,128,212,JPEG,data/audit/reconstruction-ES-candidate-covers/ES-019-OL3235091M.jpeg,USABLE_CANDIDATE,BEST_CANDIDATE_FOUND
20,ES,SPANISH_CANON,1,José Cadalso,Cartas marruecas,TITLE_AUTHOR,/works/OL7567258W,Cartas marruecas / Noches lúgubres,José Cadalso,/books/OL22450063M,Cartas marruecas / Noches lúgubres,,spa,8437601452,Cátedra,1981,,9246576,0.95,1.0,0.9590000000000001,VALID_COVER,295,500,JPEG,data/audit/reconstruction-ES-candidate-covers/ES-020-OL22450063M.jpeg,USABLE_CANDIDATE,BEST_CANDIDATE_FOUND
21,ES,SPANISH_CANON,1,Leandro Fernández de Moratín,El sí de las niñas,TITLE_AUTHOR,/works/OL9117884W,El Si de Las Ninas,Leandro Fernández de Moratín,/books/OL13056777M,El Si de Las Ninas,,spa,9789561313767,Andres Bello,September 1998,,14632569,1.0,1.0,0.9850000000000001,VALID_COVER,326,500,JPEG,data/audit/reconstruction-ES-candidate-covers/ES-021-OL13056777M.jpeg,USABLE_CANDIDATE,BEST_CANDIDATE_FOUND
22,ES,SPANISH_CANON,1,Gustavo Adolfo Bécquer,Rimas y leyendas,TITLE_AUTHOR,/works/OL23779668W,Rimas y leyendas,Gustavo Adolfo Bécquer,/books/OL35328792M,Rimas y leyendas,,spa,9789706271228,Época,1997,,12146387,1.0,1.0,0.9850000000000001,VALID_COVER,320,500,JPEG,data/audit/reconstruction-ES-candidate-covers/ES-022-OL35328792M.jpeg,USABLE_CANDIDATE,BEST_CANDIDATE_FOUND
23,ES,SPANISH_CANON,1,Benito Pérez Galdós,Fortunata y Jacinta,TITLE_AUTHOR,/works/OL815451W,Fortunata y Jacinta,Benito Pérez Galdós,/books/OL17918771M,Fortunata y Jacinta,,spa | eng,8430621695,Taurus,1986,,5388859,1.0,1.0,0.9850000000000001,VALID_COVER,128,204,JPEG,data/audit/reconstruction-ES-candidate-covers/ES-023-OL17918771M.jpeg,USABLE_CANDIDATE,BEST_CANDIDATE_FOUND
24,ES,SPANISH_CANON,1,Benito Pérez Galdós,Misericordia,TITLE_AUTHOR,/works/OL7999209W,Misericordia,Benito Pérez Galdós,/books/OL9149202M,Misericordia,,spa,9789561311824,Edicomunicacion,February 1998,,4916067,1.0,1.0,0.9850000000000001,VALID_COVER,128,201,JPEG,data/audit/reconstruction-ES-candidate-covers/ES-024-OL9149202M.jpeg,USABLE_CANDIDATE,BEST_CANDIDATE_FOUND
25,ES,SPANISH_CANON,1,Benito Pérez Galdós,Doña Perfecta,TITLE_AUTHOR,/works/OL16251424W,Dona Perfecta,Benito Pérez Galdós,/books/OL22124910M,Dona Perfecta,"adapted for early reading with notes, exercises, and vocabulary",spa,,D.C. Heath and company,1940,,11010753,1.0,1.0,0.9550000000000001,VALID_COVER,314,500,JPEG,data/audit/reconstruction-ES-candidate-covers/ES-025-OL22124910M.jpeg,USABLE_CANDIDATE,BEST_CANDIDATE_FOUND
26,ES,SPANISH_CANON,1,Benito Pérez Galdós,Tristana,TITLE_AUTHOR,/works/OL815443W,Tristana,Benito Pérez Galdós,/books/OL14637522M,Tristana,,spa,,Impr. de la Guirnalda,1892,,9540696,1.0,1.0,0.9550000000000001,VALID_COVER,324,500,JPEG,data/audit/reconstruction-ES-candidate-covers/ES-026-OL14637522M.jpeg,USABLE_CANDIDATE,BEST_CANDIDATE_FOUND
27,ES,SPANISH_CANON,1,Leopoldo Alas Clarín,La Regenta,,,,,,,,,,,,,,,,,,,,,,,NO_USABLE_CANDIDATE
28,ES,SPANISH_CANON,1,Emilia Pardo Bazán,Los pazos de Ulloa,TITLE_AUTHOR,/works/OL637777W,Los Pazos de Ulloa,Emilia Pardo Bazán,/books/OL16169748M,Los Pazos de Ulloa,,spa,0821911295,Universidad de Salamanca,1994,,6661403,1.0,1.0,0.9850000000000001,VALID_COVER,301,500,JPEG,data/audit/reconstruction-ES-candidate-covers/ES-028-OL16169748M.jpeg,USABLE_CANDIDATE,BEST_CANDIDATE_FOUND
29,ES,SPANISH_CANON,1,Emilia Pardo Bazán,La madre naturaleza,TITLE_AUTHOR,/works/OL637715W,La madre naturaleza,Emilia Pardo Bazán,/books/OL23309112M,La madre naturaleza,,spa,,V. Prieto y Compañia,1910,,6528155,1.0,1.0,0.9550000000000001,VALID_COVER,285,500,JPEG,data/audit/reconstruction-ES-candidate-covers/ES-029-OL23309112M.jpeg,USABLE_CANDIDATE,BEST_CANDIDATE_FOUND
30,ES,SPANISH_CANON,1,Vicente Blasco Ibáñez,La barraca,TITLE_AUTHOR,/works/OL8253743W,La Barraca/ The Shack,Vicente Blasco Ibáñez,/books/OL13192527M,La Barraca/ The Shack,,spa,9788420657844,Alianza Editorial,"June 30, 2004",,5258705,0.95,1.0,0.9590000000000001,VALID_COVER,128,200,JPEG,data/audit/reconstruction-ES-candidate-covers/ES-030-OL13192527M.jpeg,USABLE_CANDIDATE,BEST_CANDIDATE_FOUND
31,ES,SPANISH_CANON,1,Vicente Blasco Ibáñez,Cañas y barro,BROAD,/works/OL12416301W,Cañas y barro,Vicente Blasco Ibáñez,/books/OL18444312M,Cañas y Barro,,spa,8481302600,Bibliotex,2011,,7387161,1.0,1.0,0.9850000000000001,VALID_COVER,296,500,JPEG,data/audit/reconstruction-ES-candidate-covers/ES-031-OL18444312M.jpeg,USABLE_CANDIDATE,BEST_CANDIDATE_FOUND
32,ES,SPANISH_CANON,1,Miguel de Unamuno,Niebla,TITLE_AUTHOR,/works/OL9124012W,Niebla,Miguel de Unamuno,/books/OL9199641M,Niebla,,spa,9789871187201,Terramar Ediciones,July 2005,,1055752,1.0,1.0,0.9850000000000001,VALID_COVER,347,500,JPEG,data/audit/reconstruction-ES-candidate-covers/ES-032-OL9199641M.jpeg,USABLE_CANDIDATE,BEST_CANDIDATE_FOUND
33,ES,SPANISH_CANON,1,Miguel de Unamuno,"San Manuel Bueno, mártir",TITLE_AUTHOR,/works/OL503616W,"San Manuel Bueno, mártir",Miguel de Unamuno,/books/OL25002204M,"San Manuel Bueno, mártir",,spa | eng,9781589770591,Cervantes & Co,2009,,13346195,1.0,1.0,0.9850000000000001,VALID_COVER,336,500,JPEG,data/audit/reconstruction-ES-candidate-covers/ES-033-OL25002204M.jpeg,USABLE_CANDIDATE,BEST_CANDIDATE_FOUND
34,ES,SPANISH_CANON,1,Miguel de Unamuno,Abel Sánchez,TITLE_AUTHOR,/works/OL9124014W,Abel Sanchez,Miguel de Unamuno,/books/OL13198361M,Abel Sanchez,,spa,9789872160340,Santiago Rueda,December 2004,,3360362,1.0,1.0,0.9850000000000001,VALID_COVER,128,180,JPEG,data/audit/reconstruction-ES-candidate-covers/ES-034-OL13198361M.jpeg,USABLE_CANDIDATE,BEST_CANDIDATE_FOUND
35,ES,SPANISH_CANON,1,Pío Baroja,El árbol de la ciencia,TITLE_AUTHOR,/works/OL745027W,El árbol de la ciencia,Pío Baroja,/books/OL11040483M,El árbol de la ciencia,,spa,9780785950073,French & European Publications,1990,,15153890,1.0,1.0,0.9850000000000001,VALID_COVER,336,500,JPEG,data/audit/reconstruction-ES-candidate-covers/ES-035-OL11040483M.jpeg,USABLE_CANDIDATE,BEST_CANDIDATE_FOUND
36,ES,SPANISH_CANON,1,Pío Baroja,Zalacaín el aventurero,,,,,,,,,,,,,,,,,,,,,,,NO_USABLE_CANDIDATE
37,ES,SPANISH_CANON,1,Ramón del Valle-Inclán,Luces de bohemia,TITLE_AUTHOR,/works/OL26419966W,Luces de bohemia,Ramón del Valle-Inclán,/books/OL10293903M,Luces De Bohemia = Bohemian Lights,Esperpento (Edinburgh Bilingual Library ; 10),eng | spa,9780292746107,Univ of Texas Press,June 1976,,10577773,1.0,1.0,0.9850000000000001,VALID_COVER,274,500,JPEG,data/audit/reconstruction-ES-candidate-covers/ES-037-OL10293903M.jpeg,USABLE_CANDIDATE,BEST_CANDIDATE_FOUND
38,ES,SPANISH_CANON,1,Ramón del Valle-Inclán,Sonata de otoño,,,,,,,,,,,,,,,,,,,,,,,NO_USABLE_CANDIDATE
39,ES,SPANISH_CANON,1,Antonio Machado,Campos de Castilla,TITLE_AUTHOR,/works/OL6359127W,Campos de Castilla,Antonio Machado,/books/OL9130317M,Campos de Castilla,,spa,9788437608662,Ediciones Catedra S.A.,"June 30, 2006",,1047499,1.0,1.0,0.9850000000000001,VALID_COVER,316,500,JPEG,data/audit/reconstruction-ES-candidate-covers/ES-039-OL9130317M.jpeg,USABLE_CANDIDATE,BEST_CANDIDATE_FOUND
40,ES,SPANISH_CANON,1,Antonio Machado,"Soledades, galerías y otros poemas",TITLE_AUTHOR,/works/OL1344066W,Soledades / Galerías / Otros poemas,Antonio Machado,/books/OL33212864M,"Soledades, Galerías y otros poemas",,spa,,Calpe,1919,,11923533,1.0,1.0,0.9550000000000001,VALID_COVER,314,500,JPEG,data/audit/reconstruction-ES-candidate-covers/ES-040-OL33212864M.jpeg,USABLE_CANDIDATE,BEST_CANDIDATE_FOUND
41,ES,SPANISH_CANON,1,Juan Ramón Jiménez,Platero y yo,TITLE_AUTHOR,/works/OL27155514W,Platero y yo,Juan Ramón Jiménez | Concha Lopez Narvaez,/books/OL13276149M,Platero y yo,contado por Concha López Narváez,spa,9788466751865,Anaya,2006,,7289997,1.0,1.0,0.9850000000000001,VALID_COVER,129,164,JPEG,data/audit/reconstruction-ES-candidate-covers/ES-041-OL13276149M.jpeg,USABLE_CANDIDATE,BEST_CANDIDATE_FOUND
42,ES,SPANISH_CANON,1,Juan Ramón Jiménez,Diario de un poeta recién casado,TITLE_AUTHOR,/works/OL17000421W,Diario de un poeta recién casado (1916),Juan Ramón Jiménez,/books/OL25574583M,Diario de un poeta recién casado (1916),,spa,,Casa Editorial Calleja,1917,,9721227,0.95,1.0,0.929,VALID_COVER,330,500,JPEG,data/audit/reconstruction-ES-candidate-covers/ES-042-OL25574583M.jpeg,USABLE_CANDIDATE,BEST_CANDIDATE_FOUND
43,ES,SPANISH_CANON,1,Federico García Lorca,Romancero gitano,TITLE_AUTHOR,/works/OL29858167W,Romancero Gitano,Federico García Lorca,/books/OL41241592M,Romancero Gitano,,spa,9781081253707,Independently Published,2019,,15098226,1.0,1.0,0.9850000000000001,VALID_COVER,333,500,JPEG,data/audit/reconstruction-ES-candidate-covers/ES-043-OL41241592M.jpeg,USABLE_CANDIDATE,BEST_CANDIDATE_FOUND
44,ES,SPANISH_CANON,1,Federico García Lorca,La casa de Bernarda Alba,BROAD,/works/OL10342793W,La casa de Bernarda Alba,Federico García Lorca,/books/OL13273456M,LA Casa De Bernarda Alba,,spa,9788449411359,Losada,July 2000,,5268227,1.0,1.0,0.9850000000000001,VALID_COVER,128,196,JPEG,data/audit/reconstruction-ES-candidate-covers/ES-044-OL13273456M.jpeg,USABLE_CANDIDATE,BEST_CANDIDATE_FOUND
45,ES,SPANISH_CANON,1,Federico García Lorca,Bodas de sangre,TITLE_AUTHOR,/works/OL10342794W,Bodas de sangre,Federico García Lorca,/books/OL39203840M,Bodas de sangre,Tragedia en tres actos y siete cuadros,spa | eng,9781589770874,Cervantes & Co.,2011,,15251274,1.0,1.0,0.9850000000000001,VALID_COVER,327,500,JPEG,data/audit/reconstruction-ES-candidate-covers/ES-045-OL39203840M.jpeg,USABLE_CANDIDATE,BEST_CANDIDATE_FOUND
46,ES,LATIN_AMERICAN_CANON,1,Jorge Luis Borges,Ficciones,,,,,,,,,,,,,,,,,,,,,,,NO_USABLE_CANDIDATE
47,ES,LATIN_AMERICAN_CANON,1,Jorge Luis Borges,El Aleph,TITLE_AUTHOR,/works/OL110969W,El Aleph,Jorge Luis Borges,/books/OL37789016M,El Aleph,,spa,9788495594112,Sol 90,2000,,14826417,1.0,1.0,0.9850000000000001,VALID_COVER,297,500,JPEG,data/audit/reconstruction-ES-candidate-covers/ES-047-OL37789016M.jpeg,USABLE_CANDIDATE,BEST_CANDIDATE_FOUND
48,ES,LATIN_AMERICAN_CANON,1,Jorge Luis Borges,Historia universal de la infamia,TITLE_AUTHOR,/works/OL110966W,Historia universal de la infamia,Jorge Luis Borges,/books/OL13191337M,Historia universal de la infamia,,spa,9788420613536,Alianza Editorial,1991,,11422385,1.0,1.0,0.9850000000000001,VALID_COVER,307,500,JPEG,data/audit/reconstruction-ES-candidate-covers/ES-048-OL13191337M.jpeg,USABLE_CANDIDATE,BEST_CANDIDATE_FOUND
49,ES,LATIN_AMERICAN_CANON,1,Julio Cortázar,Rayuela,BROAD,/works/OL14860424W,Rayuela,Julio Cortázar,/books/OL47684105M,Rayuela,,spa,9789681902001,Alfaguara,2000,,15103307,1.0,1.0,0.9850000000000001,VALID_COVER,291,500,JPEG,data/audit/reconstruction-ES-candidate-covers/ES-049-OL47684105M.jpeg,USABLE_CANDIDATE,BEST_CANDIDATE_FOUND
50,ES,LATIN_AMERICAN_CANON,1,Julio Cortázar,Bestiario,TITLE_AUTHOR,/works/OL14860383W,"Relatos: Bestiario, 1951",Julio Cortázar,/books/OL5277374M,"Relatos: Bestiario, 1951.","Las armas secretas, 1959. Final del juego, 1964. Todos los fuegos el fuego, 1966.",spa,,Editorial Sudamericana,1970,,9789900,0.95,1.0,0.929,VALID_COVER,269,500,JPEG,data/audit/reconstruction-ES-candidate-covers/ES-050-OL5277374M.jpeg,USABLE_CANDIDATE,BEST_CANDIDATE_FOUND
51,ES,LATIN_AMERICAN_CANON,1,Julio Cortázar,Final del juego,TITLE_AUTHOR,/works/OL276963W,Final del juego,Julio Cortázar,/books/OL25570054M,Final del juego,,spa,,Editorial Sudamericana,1974,,9625010,1.0,1.0,0.9550000000000001,VALID_COVER,320,500,JPEG,data/audit/reconstruction-ES-candidate-covers/ES-051-OL25570054M.jpeg,USABLE_CANDIDATE,BEST_CANDIDATE_FOUND
52,ES,LATIN_AMERICAN_CANON,1,Gabriel García Márquez,Cien años de soledad,TITLE_AUTHOR,/works/OL28027117W,Cien Años de Soledad,Gabriel García Márquez,/books/OL9153311M,Cien anos de soledad,"Analisis y estudio sobre la obra, el autor y su epoca (Compendios Vosgos series)",spa,9788495761378,Ediciones Norte,"April 1, 2004",,4918600,1.0,1.0,0.9850000000000001,VALID_COVER,128,182,JPEG,data/audit/reconstruction-ES-candidate-covers/ES-052-OL9153311M.jpeg,USABLE_CANDIDATE,BEST_CANDIDATE_FOUND
53,ES,LATIN_AMERICAN_CANON,1,Gabriel García Márquez,El coronel no tiene quien le escriba,BROAD,/works/OL20800146W,El coronel no tiene quien le escriba / Cien años de soledad,Gabriel García Márquez,/books/OL1326812M,El coronel no tiene quien le escriba ; Cien años de soledad,,spa,9802761109,Biblioteca Ayacucho,1989,,3921791,0.95,1.0,0.9590000000000001,VALID_COVER,128,194,JPEG,data/audit/reconstruction-ES-candidate-covers/ES-053-OL1326812M.jpeg,USABLE_CANDIDATE,BEST_CANDIDATE_FOUND
54,ES,LATIN_AMERICAN_CANON,1,Gabriel García Márquez,Crónica de una muerte anunciada,TITLE_AUTHOR,/works/OL274574W,Crónica de una muerte anunciada,Gabriel García Márquez,/books/OL9724283M,Crónica de una muerte anunciada,,spa | eng,0801315891,Longman,1996,,8489909,1.0,1.0,0.9850000000000001,VALID_COVER,338,500,JPEG,data/audit/reconstruction-ES-candidate-covers/ES-054-OL9724283M.jpeg,USABLE_CANDIDATE,BEST_CANDIDATE_FOUND
55,ES,LATIN_AMERICAN_CANON,1,Gabriel García Márquez,El amor en los tiempos del cólera,BROAD,/works/OL274518W,El amor en los tiempos del cólera,Gabriel García Márquez,/books/OL39225070M,El amor en los tiempos del cólera,,spa,9972402323,Peisa,2002,,15224051,1.0,1.0,0.9850000000000001,VALID_COVER,286,500,JPEG,data/audit/reconstruction-ES-candidate-covers/ES-055-OL39225070M.jpeg,USABLE_CANDIDATE,BEST_CANDIDATE_FOUND
56,ES,LATIN_AMERICAN_CANON,1,Mario Vargas Llosa,La ciudad y los perros,TITLE_AUTHOR,/works/OL857544W,La ciudad y los perros,Mario Vargas Llosa,/books/OL12986660M,La ciudad y los perros,,spa,8432220639,Seix Barral,1985,,12518806,1.0,1.0,0.9850000000000001,VALID_COVER,323,500,JPEG,data/audit/reconstruction-ES-candidate-covers/ES-056-OL12986660M.jpeg,USABLE_CANDIDATE,BEST_CANDIDATE_FOUND
57,ES,LATIN_AMERICAN_CANON,1,Mario Vargas Llosa,La casa verde,TITLE_AUTHOR,/works/OL857541W,La casa verde,Mario Vargas Llosa,/books/OL26570367M,La casa verde,,spa,,Seix Barral,1968,,10053046,1.0,1.0,0.9550000000000001,VALID_COVER,325,500,JPEG,data/audit/reconstruction-ES-candidate-covers/ES-057-OL26570367M.jpeg,USABLE_CANDIDATE,BEST_CANDIDATE_FOUND
58,ES,LATIN_AMERICAN_CANON,1,Mario Vargas Llosa,Conversación en La Catedral,BROAD,/works/OL857552W,Conversación en La Catedral,Mario Vargas Llosa,/books/OL9548770M,Conversación en La Catedral,,spa,9789681905859,Alfaguara,July 1999,,2295281,1.0,1.0,0.9850000000000001,VALID_COVER,285,475,JPEG,data/audit/reconstruction-ES-candidate-covers/ES-058-OL9548770M.jpeg,USABLE_CANDIDATE,BEST_CANDIDATE_FOUND
59,ES,LATIN_AMERICAN_CANON,1,Mario Vargas Llosa,La guerra del fin del mundo,,,,,,,,,,,,,,,,,,,,,,,NO_USABLE_CANDIDATE
60,ES,LATIN_AMERICAN_CANON,1,Juan Rulfo,Pedro Páramo,BROAD,/works/OL1731094W,Obra completa,Juan Rulfo,/books/OL14419991M,Obra completa,"El llano en llamas, Pedro Páramo, otros textos",spa,8466001417,Biblioteca Ayacucho,1985,,5290983,0.95,1.0,0.9590000000000001,VALID_COVER,128,210,JPEG,data/audit/reconstruction-ES-candidate-covers/ES-060-OL14419991M.jpeg,USABLE_CANDIDATE,BEST_CANDIDATE_FOUND
61,ES,LATIN_AMERICAN_CANON,1,Juan Rulfo,El llano en llamas,TITLE_AUTHOR,/works/OL1731074W,El llano en llamas,Juan Rulfo,/books/OL18371505M,El llano en llamas,,eng | spa,9681602072,Fondo de Cultura Economica,1953,,14952973,1.0,1.0,0.9850000000000001,VALID_COVER,326,500,JPEG,data/audit/reconstruction-ES-candidate-covers/ES-061-OL18371505M.jpeg,USABLE_CANDIDATE,BEST_CANDIDATE_FOUND
62,ES,LATIN_AMERICAN_CANON,1,Alejo Carpentier,El reino de este mundo,TITLE_AUTHOR,/works/OL17680024W,El reino de este mundo,Alejo Carpentier,/books/OL26283381M,El reino de este mundo,,spa,,Edhasa,1979,,15122610,1.0,1.0,0.9550000000000001,VALID_COVER,289,500,JPEG,data/audit/reconstruction-ES-candidate-covers/ES-062-OL26283381M.jpeg,USABLE_CANDIDATE,BEST_CANDIDATE_FOUND
63,ES,LATIN_AMERICAN_CANON,1,Alejo Carpentier,Los pasos perdidos,,,,,,,,,,,,,,,,,,,,,,,NO_USABLE_CANDIDATE
64,ES,LATIN_AMERICAN_CANON,1,Miguel Ángel Asturias,El señor Presidente,TITLE_AUTHOR,/works/OL11019086W,Tres obras,Miguel Ángel Asturias,/books/OL14419994M,Tres obras,Leyendas de Guatemala ; El Alhajadito ; El Senõr Presidente,spa,8466001409,Biblioteca Ayacucho,1985,,9889139,0.95,1.0,0.9590000000000001,VALID_COVER,307,500,JPEG,data/audit/reconstruction-ES-candidate-covers/ES-064-OL14419994M.jpeg,USABLE_CANDIDATE,BEST_CANDIDATE_FOUND
65,ES,LATIN_AMERICAN_CANON,1,Miguel Ángel Asturias,Hombres de maíz,TITLE_AUTHOR,/works/OL17717451W,Hombres de maíz,Miguel Ángel Asturias,/books/OL26318832M,Hombres de maíz,,spa,9788492589975,Leer-e,2010,,7993378,1.0,1.0,0.9850000000000001,VALID_COVER,120,169,JPEG,data/audit/reconstruction-ES-candidate-covers/ES-065-OL26318832M.jpeg,USABLE_CANDIDATE,BEST_CANDIDATE_FOUND
66,ES,LATIN_AMERICAN_CANON,1,Rómulo Gallegos,Doña Bárbara,BROAD,/works/OL1277046W,Doña Bárbara,Rómulo Gallegos,/books/OL17101420M,Doña Bárbara,,spa,9780307472304,Random House,2008,,9850833,1.0,1.0,0.9850000000000001,VALID_COVER,303,500,JPEG,data/audit/reconstruction-ES-candidate-covers/ES-066-OL17101420M.jpeg,USABLE_CANDIDATE,BEST_CANDIDATE_FOUND
67,ES,LATIN_AMERICAN_CANON,1,José Eustasio Rivera,La vorágine,TITLE_AUTHOR,/works/OL10341971W,La vorágine,Jose Eustasio Rivera,/books/OL14419993M,La vorágine,,spa,8466001387,Biblioteca Ayacucho,1985,,5291169,1.0,1.0,0.9850000000000001,VALID_COVER,128,208,JPEG,data/audit/reconstruction-ES-candidate-covers/ES-067-OL14419993M.jpeg,USABLE_CANDIDATE,BEST_CANDIDATE_FOUND
68,ES,LATIN_AMERICAN_CANON,1,Horacio Quiroga,Cuentos de amor de locura y de muerte,TITLE_AUTHOR,/works/OL830685W,Cuentos de amor,Horacio Quiroga,/books/OL5187026M,Cuentos de amor,"de locura, y de muerte.",spa,,Editorial Losada,1969,,6997323,1.0,1.0,0.9550000000000001,VALID_COVER,335,500,JPEG,data/audit/reconstruction-ES-candidate-covers/ES-068-OL5187026M.jpeg,USABLE_CANDIDATE,BEST_CANDIDATE_FOUND
69,ES,LATIN_AMERICAN_CANON,1,Horacio Quiroga,Cuentos de la selva,TITLE_AUTHOR,/works/OL830719W,Cuentos de la selva,Horacio Quiroga,/books/OL13166878M,Cuentos De La Selva,,spa,9789806423862,Nacional El Editorial,April 2001,,5254906,1.0,1.0,0.9850000000000001,VALID_COVER,128,190,JPEG,data/audit/reconstruction-ES-candidate-covers/ES-069-OL13166878M.jpeg,USABLE_CANDIDATE,BEST_CANDIDATE_FOUND
70,ES,LATIN_AMERICAN_CANON,1,Rubén Darío,Azul...,TITLE_AUTHOR,/works/OL15239288W,Poems,Rubén Darío | Angel Battistessa | Angel J Battistessa | Corregidor,/books/OL550212M,Azul--,Cantos de vida y esperanza,spa,843761371X,Cátedra,1995,,4908535,1.0,1.0,0.9850000000000001,VALID_COVER,128,213,JPEG,data/audit/reconstruction-ES-candidate-covers/ES-070-OL550212M.jpeg,USABLE_CANDIDATE,BEST_CANDIDATE_FOUND
71,ES,LATIN_AMERICAN_CANON,1,Rubén Darío,Prosas profanas,BROAD,/works/OL15239101W,Azul ; Prosas profanas,Rubén Darío,/books/OL17934439M,Azul ; Prosas profanas,,spa,8420512001,Alhambra,1985,,5388749,0.95,1.0,0.9590000000000001,VALID_COVER,128,191,JPEG,data/audit/reconstruction-ES-candidate-covers/ES-071-OL17934439M.jpeg,USABLE_CANDIDATE,BEST_CANDIDATE_FOUND
72,ES,LATIN_AMERICAN_CANON,1,Pablo Neruda,Veinte poemas de amor y una canción desesperada,BROAD,/works/OL979517W,Veinte poemas de amor y una canción desesperada,Pablo Neruda,/books/OL18371347M,Veinte poemas de amor y una cancion desesperada,,spa,8432203270,Seix Barral,1992,,15091373,1.0,1.0,0.9850000000000001,VALID_COVER,330,500,JPEG,data/audit/reconstruction-ES-candidate-covers/ES-072-OL18371347M.jpeg,USABLE_CANDIDATE,BEST_CANDIDATE_FOUND
73,ES,LATIN_AMERICAN_CANON,1,Pablo Neruda,Residencia en la tierra,TITLE_AUTHOR,/works/OL979744W,Residencia en la tierra,Pablo Neruda,/books/OL5310011M,Residence on earth (Residencia en la tierra).,,eng | spa,0811204669,New Directions Pub. Corp.,1973,,4501403,1.0,1.0,0.9850000000000001,VALID_COVER,128,196,JPEG,data/audit/reconstruction-ES-candidate-covers/ES-073-OL5310011M.jpeg,USABLE_CANDIDATE,BEST_CANDIDATE_FOUND
74,ES,LATIN_AMERICAN_CANON,1,Gabriela Mistral,Desolación,TITLE_AUTHOR,/works/OL574386W,Poems,Gabriela Mistral,/books/OL15462921M,Desolacion ; Ternura ; Tala ; Lugar,,spa,9684322801,Editorial Porrua,1998,,5309026,0.95,1.0,0.9590000000000001,VALID_COVER,128,202,JPEG,data/audit/reconstruction-ES-candidate-covers/ES-074-OL15462921M.jpeg,USABLE_CANDIDATE,BEST_CANDIDATE_FOUND
75,ES,LATIN_AMERICAN_CANON,1,Gabriela Mistral,Tala,TITLE_AUTHOR,/works/OL574385W,Tala,Gabriela Mistral,/books/OL6037428M,Tala,poemas,spa,,Editorial Losada,1946,,9725148,1.0,1.0,0.9550000000000001,VALID_COVER,308,500,JPEG,data/audit/reconstruction-ES-candidate-covers/ES-075-OL6037428M.jpeg,USABLE_CANDIDATE,BEST_CANDIDATE_FOUND
76,ES,LATIN_AMERICAN_CANON,1,César Vallejo,Los heraldos negros,BROAD,/works/OL990923W,Heraldos negros,César Vallejo,/books/OL829170M,Los heraldos negros,,spa,8479790296,Anaya & M. Muchnik,1992,,3824706,1.0,1.0,0.9850000000000001,VALID_COVER,128,230,JPEG,data/audit/reconstruction-ES-candidate-covers/ES-076-OL829170M.jpeg,USABLE_CANDIDATE,BEST_CANDIDATE_FOUND
77,ES,LATIN_AMERICAN_CANON,1,César Vallejo,Trilce,TITLE_AUTHOR,/works/OL990922W,Trilce,César Vallejo,/books/OL1710586M,Trilce,,eng | spa,1878818120,Sheep Meadow Press,1992,,924846,1.0,1.0,0.9850000000000001,VALID_COVER,307,475,JPEG,data/audit/reconstruction-ES-candidate-covers/ES-077-OL1710586M.jpeg,USABLE_CANDIDATE,BEST_CANDIDATE_FOUND
78,ES,LATIN_AMERICAN_CANON,1,Octavio Paz,El laberinto de la soledad,TITLE_AUTHOR,/works/OL743255W,El laberinto de la soledad,Octavio Paz,/books/OL13241483M,El Laberinto De LA Soledad,,spa,9788437501789,Lectorum Pubns Inc (J),June 1983,,3327237,1.0,1.0,0.9850000000000001,VALID_COVER,303,475,JPEG,data/audit/reconstruction-ES-candidate-covers/ES-078-OL13241483M.jpeg,USABLE_CANDIDATE,BEST_CANDIDATE_FOUND
79,ES,LATIN_AMERICAN_CANON,1,Octavio Paz,Piedra de sol,TITLE_AUTHOR,/works/OL743248W,Piedra de sol,Octavio Paz,/books/OL1550306M,Sunstone =,Piedra de sol,eng | spa,0811211975,New Directions Pub. Corp.,1991,,4704563,1.0,1.0,0.9850000000000001,VALID_COVER,128,169,JPEG,data/audit/reconstruction-ES-candidate-covers/ES-079-OL1550306M.jpeg,USABLE_CANDIDATE,BEST_CANDIDATE_FOUND
80,ES,LATIN_AMERICAN_CANON,1,José Martí,Versos sencillos,TITLE_AUTHOR,/works/OL10342126W,Versos sencillos,José Martí,/books/OL22995735M,Versos sencillos,,spa,9591000731,Editorial Letras Cubanas,1993,,14585816,1.0,1.0,0.9850000000000001,VALID_COVER,306,500,JPEG,data/audit/reconstruction-ES-candidate-covers/ES-080-OL22995735M.jpeg,USABLE_CANDIDATE,BEST_CANDIDATE_FOUND
81,ES,LATIN_AMERICAN_CANON,1,José Martí,Nuestra América,TITLE_AUTHOR,/works/OL7503488W,Nuestra América,José Martí,/books/OL11756130M,Nuestra América,Volumen 3,spa,9781414700953,Athena Books,"June 10, 2004",,2785924,1.0,1.0,0.9850000000000001,VALID_COVER,333,500,JPEG,data/audit/reconstruction-ES-candidate-covers/ES-081-OL11756130M.jpeg,USABLE_CANDIDATE,BEST_CANDIDATE_FOUND
82,ES,LATIN_AMERICAN_CANON,1,Adolfo Bioy Casares,La invención de Morel,BROAD,/works/OL14944491W,La invención de Morel,Adolfo Bioy Casares,/books/OL32114260M,La invención de Morel,,spa,9789500426831,Emecé,2005,,10774384,1.0,1.0,0.9850000000000001,VALID_COVER,292,500,JPEG,data/audit/reconstruction-ES-candidate-covers/ES-082-OL32114260M.jpeg,USABLE_CANDIDATE,BEST_CANDIDATE_FOUND
83,ES,LATIN_AMERICAN_CANON,1,Silvina Ocampo,La furia,TITLE_AUTHOR,/works/OL877128W,La furia y otros cuentos/ The Fury and Other Stories,Silvina Ocampo,/books/OL12956463M,La furia y otros cuentos/ The Fury and Other Stories,,spa,9789500727846,Sudamericana,"November 30, 2006",,3345418,0.95,1.0,0.9590000000000001,VALID_COVER,328,500,JPEG,data/audit/reconstruction-ES-candidate-covers/ES-083-OL12956463M.jpeg,USABLE_CANDIDATE,BEST_CANDIDATE_FOUND
84,ES,LATIN_AMERICAN_CANON,1,Ernesto Sábato,El túnel,BROAD,/works/OL31698831W,El túnel / Sobre héroes y tumbas,Ernesto Sabato,/books/OL43384183M,El túnel / Sobre héroes y tumbas,vol 19,spa,8432224197,Seix Barral,1985,,13028842,0.95,1.0,0.9590000000000001,VALID_COVER,326,500,JPEG,data/audit/reconstruction-ES-candidate-covers/ES-084-OL43384183M.jpeg,USABLE_CANDIDATE,BEST_CANDIDATE_FOUND
85,ES,LATIN_AMERICAN_CANON,1,Ernesto Sábato,Sobre héroes y tumbas,TITLE_AUTHOR,/works/OL31698831W,El túnel / Sobre héroes y tumbas,Ernesto Sabato,/books/OL43384183M,El túnel / Sobre héroes y tumbas,vol 19,spa,8432224197,Seix Barral,1985,,13028842,0.95,1.0,0.9590000000000001,VALID_COVER,326,500,JPEG,data/audit/reconstruction-ES-candidate-covers/ES-085-OL43384183M.jpeg,USABLE_CANDIDATE,BEST_CANDIDATE_FOUND
86,ES,LATIN_AMERICAN_CANON,1,Augusto Roa Bastos,Yo el Supremo,TITLE_AUTHOR,/works/OL19744887W,"Yo, el Supremo",Augusto Roa Bastos,/books/OL26957954M,"Yo, el Supremo",,spa,9788420479774,Real Academia Española,2017,,14537201,1.0,1.0,0.9850000000000001,VALID_COVER,287,500,JPEG,data/audit/reconstruction-ES-candidate-covers/ES-086-OL26957954M.jpeg,USABLE_CANDIDATE,BEST_CANDIDATE_FOUND
87,ES,LATIN_AMERICAN_CANON,1,Carlos Fuentes,La muerte de Artemio Cruz,TITLE_AUTHOR,/works/OL872098W,La Muerte de Artemio Cruz,Carlos Fuentes,/books/OL13118176M,La Muerte de Artemio Cruz,,spa,9789681907266,Santillana USA Publishing Company,June 2001,,10659909,1.0,1.0,0.9850000000000001,VALID_COVER,329,500,JPEG,data/audit/reconstruction-ES-candidate-covers/ES-087-OL13118176M.jpeg,USABLE_CANDIDATE,BEST_CANDIDATE_FOUND
88,ES,LATIN_AMERICAN_CANON,1,Carlos Fuentes,Aura,TITLE_AUTHOR,/works/OL872225W,Aura,Carlos Fuentes,/books/OL7424009M,Aura,,eng | spa,9780374511715,"Farrar, Straus and Giroux",1986,,224610,1.0,1.0,0.9850000000000001,VALID_COVER,311,475,JPEG,data/audit/reconstruction-ES-candidate-covers/ES-088-OL7424009M.jpeg,USABLE_CANDIDATE,BEST_CANDIDATE_FOUND
89,ES,LATIN_AMERICAN_CANON,1,José Donoso,El obsceno pájaro de la noche,TITLE_AUTHOR,/works/OL17920438W,El obsceno pájaro de la noche,José Donoso,/books/OL26494195M,El obsceno pájaro de la noche,,spa,8481303283,"Bibliotex, S.L. (Biblioteca El Mundo)",2001,,8245143,1.0,1.0,0.9850000000000001,VALID_COVER,350,500,JPEG,data/audit/reconstruction-ES-candidate-covers/ES-089-OL26494195M.jpeg,USABLE_CANDIDATE,BEST_CANDIDATE_FOUND
90,ES,LATIN_AMERICAN_CANON,1,Manuel Puig,Boquitas pintadas,BROAD,/works/OL10443956W,Boquitas pintadas,Manuel Puig,/books/OL22198629M,Boquitas pintadas,,spa,8432230049,Seix Barral,1989,,14578626,1.0,1.0,0.9850000000000001,VALID_COVER,297,500,JPEG,data/audit/reconstruction-ES-candidate-covers/ES-090-OL22198629M.jpeg,USABLE_CANDIDATE,BEST_CANDIDATE_FOUND
91,ES,SPAIN_MODERN_CONTEMPORARY,2,Camilo José Cela,La familia de Pascual Duarte,TITLE_AUTHOR,/works/OL8688184W,La Familia De Pascual Duarte,Camilo José Cela,/books/OL9117936M,La Familia De Pascual Duarte,,spa,9788423307326,Continental Book Company,"July 1, 1993",,1046883,1.0,1.0,0.9850000000000001,VALID_COVER,284,475,JPEG,data/audit/reconstruction-ES-candidate-covers/ES-091-OL9117936M.jpeg,USABLE_CANDIDATE,BEST_CANDIDATE_FOUND
92,ES,SPAIN_MODERN_CONTEMPORARY,2,Camilo José Cela,La colmena,TITLE_AUTHOR,/works/OL20047953W,La colmena,Camilo José Cela,/books/OL27227978M,La colmena,,spa,9788420420684,Real Academia Española,2016,,13822959,1.0,1.0,0.9850000000000001,VALID_COVER,302,500,JPEG,data/audit/reconstruction-ES-candidate-covers/ES-092-OL27227978M.jpeg,USABLE_CANDIDATE,BEST_CANDIDATE_FOUND
93,ES,SPAIN_MODERN_CONTEMPORARY,2,Carmen Laforet,Nada,,,,,,,,,,,,,,,,,,,,,,,NO_USABLE_CANDIDATE
94,ES,SPAIN_MODERN_CONTEMPORARY,2,Ana María Matute,Primera memoria,TITLE_AUTHOR,/works/OL979974W,Primera memoria,Ana María Matute,/books/OL26561806M,Primera memoria,,spa,,,1964,,9484893,1.0,1.0,0.93,VALID_COVER,312,500,JPEG,data/audit/reconstruction-ES-candidate-covers/ES-094-OL26561806M.jpeg,USABLE_CANDIDATE,BEST_CANDIDATE_FOUND
95,ES,SPAIN_MODERN_CONTEMPORARY,2,Ana María Matute,Olvidado rey Gudú,TITLE_AUTHOR,/works/OL19079991W,Olvidado Rey Gudú,Ana María Matute,/books/OL26739754M,Olvidado Rey Gudú,,spa,9788423974993,Austral,2001,,8396583,1.0,1.0,0.9850000000000001,VALID_COVER,200,313,JPEG,data/audit/reconstruction-ES-candidate-covers/ES-095-OL26739754M.jpeg,USABLE_CANDIDATE,BEST_CANDIDATE_FOUND
96,ES,SPAIN_MODERN_CONTEMPORARY,2,Carmen Martín Gaite,Entre visillos,TITLE_AUTHOR,/works/OL17956667W,Entre visillos,Carmen Martín Gaite,/books/OL45666498M,Entre visillos,,spa,,Destino,1958,,15242186,1.0,1.0,0.9550000000000001,VALID_COVER,334,500,JPEG,data/audit/reconstruction-ES-candidate-covers/ES-096-OL45666498M.jpeg,USABLE_CANDIDATE,BEST_CANDIDATE_FOUND
97,ES,SPAIN_MODERN_CONTEMPORARY,2,Carmen Martín Gaite,El cuarto de atrás,TITLE_AUTHOR,/works/OL19121884W,El cuarto de atrás,Carmen Martín Gaite | Javier Lucea García | Ramón Acín | María Rosario Ferré Chiné,/books/OL14672181M,El cuarto de atrás,aproximación a la narrativa de Carmen Martín Gaite,spa,8487007457,iberCaja,1991,,14563055,1.0,1.0,0.9850000000000001,VALID_COVER,309,500,JPEG,data/audit/reconstruction-ES-candidate-covers/ES-097-OL14672181M.jpeg,USABLE_CANDIDATE,BEST_CANDIDATE_FOUND
98,ES,SPAIN_MODERN_CONTEMPORARY,2,Juan Goytisolo,Señas de identidad,TITLE_AUTHOR,/works/OL915704W,Senas de identidad,Juan Goytisolo,/books/OL9381001M,Senas de Identidad,,spa,9788439701088,Mondadori (IT),November 1998,,4969745,1.0,1.0,0.9850000000000001,VALID_COVER,128,222,JPEG,data/audit/reconstruction-ES-candidate-covers/ES-098-OL9381001M.jpeg,USABLE_CANDIDATE,BEST_CANDIDATE_FOUND
99,ES,SPAIN_MODERN_CONTEMPORARY,2,Juan Marsé,Últimas tardes con Teresa,TITLE_AUTHOR,/works/OL10788926W,Últimas tardes con Teresa,Juan Marsé,/books/OL26549795M,Últimas tardes con Teresa,,spa,,Editorial Seix Barral,1966,,9506653,1.0,1.0,0.9550000000000001,VALID_COVER,304,500,JPEG,data/audit/reconstruction-ES-candidate-covers/ES-099-OL26549795M.jpeg,USABLE_CANDIDATE,BEST_CANDIDATE_FOUND
100,ES,SPAIN_MODERN_CONTEMPORARY,2,Juan Marsé,Si te dicen que caí,TITLE_AUTHOR,/works/OL1413203W,Si te dicen que caí,Juan Marsé,/books/OL24766491M,The fallen,,eng | spa,9780316546768,"Little, Brown",1979,,6820343,1.0,1.0,0.9850000000000001,VALID_COVER,335,500,JPEG,data/audit/reconstruction-ES-candidate-covers/ES-100-OL24766491M.jpeg,USABLE_CANDIDATE,BEST_CANDIDATE_FOUND
101,ES,SPAIN_MODERN_CONTEMPORARY,2,Miguel Delibes,El camino,,,,,,,,,,,,,,,,,,,,,,,NO_USABLE_CANDIDATE
102,ES,SPAIN_MODERN_CONTEMPORARY,2,Miguel Delibes,Los santos inocentes,TITLE_AUTHOR,/works/OL1338306W,Los santos inocentes,Miguel Delibes,/books/OL13189467M,Los santos inocentes,,spa,9788408061878,Planeta,2007,,3324809,1.0,1.0,0.9850000000000001,VALID_COVER,327,500,JPEG,data/audit/reconstruction-ES-candidate-covers/ES-102-OL13189467M.jpeg,USABLE_CANDIDATE,BEST_CANDIDATE_FOUND
103,ES,SPAIN_MODERN_CONTEMPORARY,2,Miguel Delibes,Cinco horas con Mario,TITLE_AUTHOR,/works/OL1338173W,Cinco horas con Mario,Miguel Delibes,/books/OL32980157M,Cinco horas con Mario,,spa,,Destino,1967,,11604428,1.0,1.0,0.9550000000000001,VALID_COVER,300,500,JPEG,data/audit/reconstruction-ES-candidate-covers/ES-103-OL32980157M.jpeg,USABLE_CANDIDATE,BEST_CANDIDATE_FOUND
104,ES,SPAIN_MODERN_CONTEMPORARY,2,Javier Marías,Corazón tan blanco,BROAD,/works/OL953028W,Corazón tan blanco,Javier Marías,/books/OL25376798M,Corazón tan blanco,,spa,9780307951380,Vintage Español,2012,,15122516,1.0,1.0,0.9850000000000001,VALID_COVER,322,500,JPEG,data/audit/reconstruction-ES-candidate-covers/ES-104-OL25376798M.jpeg,USABLE_CANDIDATE,BEST_CANDIDATE_FOUND
105,ES,SPAIN_MODERN_CONTEMPORARY,2,Javier Marías,Mañana en la batalla piensa en mí,TITLE_AUTHOR,/works/OL953050W,Mañana en la batalla piensa en mí,Javier Marías,/books/OL876573M,Mañana en la batalla piensa en mí,,spa,8433909681,Anagrama,1994,,10671895,1.0,1.0,0.9850000000000001,VALID_COVER,135,235,JPEG,data/audit/reconstruction-ES-candidate-covers/ES-105-OL876573M.jpeg,USABLE_CANDIDATE,BEST_CANDIDATE_FOUND
106,ES,SPAIN_MODERN_CONTEMPORARY,2,Antonio Muñoz Molina,El invierno en Lisboa,TITLE_AUTHOR,/works/OL704390W,El invierno en Lisboa,Antonio Muñoz Molina,/books/OL9121163M,El invierno en Lisboa,,spa,9788432245930,Planeta Pub Corp,September 1995,,4905004,1.0,1.0,0.9850000000000001,VALID_COVER,128,200,JPEG,data/audit/reconstruction-ES-candidate-covers/ES-106-OL9121163M.jpeg,USABLE_CANDIDATE,BEST_CANDIDATE_FOUND
107,ES,SPAIN_MODERN_CONTEMPORARY,2,Antonio Muñoz Molina,El jinete polaco,TITLE_AUTHOR,/works/OL704391W,El jinete polaco,Antonio Muñoz Molina,/books/OL9116186M,El jinete polaco,,spa,9788408040347,Planeta,2003,,2269351,1.0,1.0,0.9850000000000001,VALID_COVER,292,475,JPEG,data/audit/reconstruction-ES-candidate-covers/ES-107-OL9116186M.jpeg,USABLE_CANDIDATE,BEST_CANDIDATE_FOUND
108,ES,SPAIN_MODERN_CONTEMPORARY,2,Almudena Grandes,Las edades de Lulú,TITLE_AUTHOR,/works/OL12302188W,Las edades de Lulú,Almudena Grandes,/books/OL17925928M,Las edades de Lulú,,spa,8472233642,Tusquets,1989,,15003477,1.0,1.0,0.9850000000000001,VALID_COVER,309,500,JPEG,data/audit/reconstruction-ES-candidate-covers/ES-108-OL17925928M.jpeg,USABLE_CANDIDATE,BEST_CANDIDATE_FOUND
109,ES,SPAIN_MODERN_CONTEMPORARY,2,Almudena Grandes,El corazón helado,TITLE_AUTHOR,/works/OL2454380W,El corazón helado,Almudena Grandes,/books/OL18006401M,El corazón helado,,spa,9788483103739,"TusQuets Editores, S.A.",2008,,8099963,1.0,1.0,0.9850000000000001,VALID_COVER,350,500,JPEG,data/audit/reconstruction-ES-candidate-covers/ES-109-OL18006401M.jpeg,USABLE_CANDIDATE,BEST_CANDIDATE_FOUND
110,ES,SPAIN_MODERN_CONTEMPORARY,2,Javier Cercas,Soldados de Salamina,TITLE_AUTHOR,/works/OL1647068W,Soldados de Salamina,Javier Cercas | Elisabeth Beyer | Aleksandar Grujicic | José Pablo García,/books/OL26381269M,Soldados de Salamina,,spa,9788437637242,Cátedra,2017,,8073124,1.0,1.0,0.9850000000000001,VALID_COVER,200,327,JPEG,data/audit/reconstruction-ES-candidate-covers/ES-110-OL26381269M.jpeg,USABLE_CANDIDATE,BEST_CANDIDATE_FOUND
111,ES,SPAIN_MODERN_CONTEMPORARY,2,Rosa Montero,La loca de la casa,TITLE_AUTHOR,/works/OL991947W,La loca de la casa,Rosa Montero,/books/OL24911999M,La loca de la casa,,spa,8420466646,Alfaguara,2003,,12776187,1.0,1.0,0.9850000000000001,VALID_COVER,277,500,JPEG,data/audit/reconstruction-ES-candidate-covers/ES-111-OL24911999M.jpeg,USABLE_CANDIDATE,BEST_CANDIDATE_FOUND
112,ES,SPAIN_MODERN_CONTEMPORARY,2,Eduardo Mendoza,La verdad sobre el caso Savolta,TITLE_AUTHOR,/works/OL2457396W,La verdad sobre el caso Savolta,Eduardo Mendoza,/books/OL51012468M,La verdad sobre el caso Savolta,,spa,8423972860,Espasa-Calpe,1995,,14578627,1.0,1.0,0.9850000000000001,VALID_COVER,315,500,JPEG,data/audit/reconstruction-ES-candidate-covers/ES-112-OL51012468M.jpeg,USABLE_CANDIDATE,BEST_CANDIDATE_FOUND
113,ES,SPAIN_MODERN_CONTEMPORARY,2,Eduardo Mendoza,La ciudad de los prodigios,TITLE_AUTHOR,/works/OL17923935W,La ciudad de los prodigios,Eduardo Mendoza,/books/OL35724824M,La ciudad de los prodigios,,spa,9788432215407,Seix Barral,2000,,12462003,1.0,1.0,0.9850000000000001,VALID_COVER,311,500,JPEG,data/audit/reconstruction-ES-candidate-covers/ES-113-OL35724824M.jpeg,USABLE_CANDIDATE,BEST_CANDIDATE_FOUND
114,ES,SPAIN_MODERN_CONTEMPORARY,2,Manuel Vázquez Montalbán,Los mares del Sur,,,,,,,,,,,,,,,,,,,,,,,NO_USABLE_CANDIDATE
115,ES,SPAIN_MODERN_CONTEMPORARY,2,Arturo Pérez-Reverte,El club Dumas,TITLE_AUTHOR,/works/OL857568W,El Club Dumas,Arturo Pérez-Reverte,/books/OL35626625M,El club Dumas,,spa,9788466320702,Punto de Lectura,"Jan 04, 2010",,12333660,1.0,1.0,0.9850000000000001,VALID_COVER,328,500,JPEG,data/audit/reconstruction-ES-candidate-covers/ES-115-OL35626625M.jpeg,USABLE_CANDIDATE,BEST_CANDIDATE_FOUND
116,ES,LATIN_AMERICA_MODERN_CONTEMPORARY,2,Isabel Allende,La casa de los espíritus,BROAD,/works/OL1905255W,La casa de los espíritus,Isabel Allende,/books/OL58656056M,La casa de los espíritus,,spa,,,1985,,15215112,1.0,1.0,0.93,VALID_COVER,321,500,JPEG,data/audit/reconstruction-ES-candidate-covers/ES-116-OL58656056M.jpeg,USABLE_CANDIDATE,BEST_CANDIDATE_FOUND
117,ES,LATIN_AMERICA_MODERN_CONTEMPORARY,2,Isabel Allende,De amor y de sombra,,,,,,,,,,,,,,,,,,,,,,,NO_USABLE_CANDIDATE
118,ES,LATIN_AMERICA_MODERN_CONTEMPORARY,2,Roberto Bolaño,Los detectives salvajes,TITLE_AUTHOR,/works/OL712032W,Los detectives salvajes,Roberto Bolaño,/books/OL18587552M,Los detectives salvajes,,spa,9788433966636,Anagrama,2005,,15210072,1.0,1.0,0.9850000000000001,VALID_COVER,313,500,JPEG,data/audit/reconstruction-ES-candidate-covers/ES-118-OL18587552M.jpeg,USABLE_CANDIDATE,BEST_CANDIDATE_FOUND
119,ES,LATIN_AMERICA_MODERN_CONTEMPORARY,2,Roberto Bolaño,2666,,,,,,,,,,,,,,,,,,,,,,,NO_USABLE_CANDIDATE
120,ES,LATIN_AMERICA_MODERN_CONTEMPORARY,2,Laura Esquivel,Como agua para chocolate,TITLE_AUTHOR,/works/OL953162W,Como agua para chocolate,Laura Esquivel,/books/OL1677633M,Como agua para chocolate,,spa,9789684061408,Editorial Planeta Mexicana,1996-05,,12388144,1.0,1.0,0.9850000000000001,VALID_COVER,355,500,JPEG,data/audit/reconstruction-ES-candidate-covers/ES-120-OL1677633M.jpeg,USABLE_CANDIDATE,BEST_CANDIDATE_FOUND
121,ES,LATIN_AMERICA_MODERN_CONTEMPORARY,2,Elena Poniatowska,La noche de Tlatelolco,BROAD,/works/OL1871247W,La noche de Tlatelolco,Elena Poniatowska,/books/OL9174307M,La noche de Tlatelolco,,spa,9789684112209,Giron Books,September 1999,,10470526,1.0,1.0,0.9850000000000001,VALID_COVER,343,500,JPEG,data/audit/reconstruction-ES-candidate-covers/ES-121-OL9174307M.jpeg,USABLE_CANDIDATE,BEST_CANDIDATE_FOUND
122,ES,LATIN_AMERICA_MODERN_CONTEMPORARY,2,Elena Poniatowska,Hasta no verte Jesús mío,TITLE_ONLY,/works/OL9137020W,Hasta No Verte Jesus Mio,Elena Poniastowska,/books/OL13191683M,Hasta No Verte Jesus Mio,,spa,9788420631332,Alianza Editorial,June 1994,,6773035,1.0,0.9714285714285714,0.9775714285714286,VALID_COVER,343,500,JPEG,data/audit/reconstruction-ES-candidate-covers/ES-122-OL13191683M.jpeg,USABLE_CANDIDATE,BEST_CANDIDATE_FOUND
123,ES,LATIN_AMERICA_MODERN_CONTEMPORARY,2,Gioconda Belli,La mujer habitada,TITLE_AUTHOR,/works/OL676251W,Mujer habitada,Gioconda Belli,/books/OL20753943M,La mujer habitada,,spa,8478882774,Emecé Editores,1996,,4914034,1.0,1.0,0.9850000000000001,VALID_COVER,128,209,JPEG,data/audit/reconstruction-ES-candidate-covers/ES-123-OL20753943M.jpeg,USABLE_CANDIDATE,BEST_CANDIDATE_FOUND
124,ES,LATIN_AMERICA_MODERN_CONTEMPORARY,2,Gioconda Belli,El país bajo mi piel,TITLE_AUTHOR,/works/OL676250W,El país bajo mi piel,Gioconda Belli,/books/OL13186410M,El país Bajo mi piel,,spa,9788401014338,"Plaza & Janes Editores, S.A.",2000,,8063221,1.0,1.0,0.9850000000000001,VALID_COVER,146,227,JPEG,data/audit/reconstruction-ES-candidate-covers/ES-124-OL13186410M.jpeg,USABLE_CANDIDATE,BEST_CANDIDATE_FOUND
125,ES,LATIN_AMERICA_MODERN_CONTEMPORARY,2,Álvaro Mutis,La nieve del almirante,TITLE_AUTHOR,/works/OL953874W,La nieve del almirante,Alvaro Mutis,/books/OL2453953M,La nieve del almirante,,spa,8420631760,Alianza,1986,,8063655,1.0,1.0,0.9850000000000001,VALID_COVER,218,218,JPEG,data/audit/reconstruction-ES-candidate-covers/ES-125-OL2453953M.jpeg,USABLE_CANDIDATE,BEST_CANDIDATE_FOUND
126,ES,LATIN_AMERICA_MODERN_CONTEMPORARY,2,Álvaro Mutis,Ilona llega con la lluvia,TITLE_AUTHOR,/works/OL953878W,Ilona llega con la lluvia,Alvaro Mutis,/books/OL2102267M,Ilona llega con la lluvia,,spa,8439712278,Mondadori,1988,,9609366,1.0,1.0,0.9850000000000001,VALID_COVER,293,500,JPEG,data/audit/reconstruction-ES-candidate-covers/ES-126-OL2102267M.jpeg,USABLE_CANDIDATE,BEST_CANDIDATE_FOUND
127,ES,LATIN_AMERICA_MODERN_CONTEMPORARY,2,Sergio Ramírez,"Margarita, está linda la mar",TITLE_AUTHOR,/works/OL2186718W,"Margarita, está linda la mar",Sergio Ramírez,/books/OL452774M,"Margarita, está linda la mar",,spa,8420483818,Santillana,1998,,1046760,1.0,1.0,0.9850000000000001,VALID_COVER,301,500,JPEG,data/audit/reconstruction-ES-candidate-covers/ES-127-OL452774M.jpeg,USABLE_CANDIDATE,BEST_CANDIDATE_FOUND
128,ES,LATIN_AMERICA_MODERN_CONTEMPORARY,2,Fernando Vallejo,La virgen de los sicarios,TITLE_AUTHOR,/works/OL2421156W,La Virgen de los Sicarios / Our Lady of the Assassins,Fernando Vallejo | Fernando Vallejo,/books/OL9544837M,La Virgen de Los Sicarios/ Our Lady of the Assassins,,spa,9788466368506,Punto de Lectura,"January 1, 2001",,2270966,0.95,1.0,0.9590000000000001,VALID_COVER,329,500,JPEG,data/audit/reconstruction-ES-candidate-covers/ES-128-OL9544837M.jpeg,USABLE_CANDIDATE,BEST_CANDIDATE_FOUND
129,ES,LATIN_AMERICA_MODERN_CONTEMPORARY,2,Laura Restrepo,Delirio,,,,,,,,,,,,,,,,,,,,,,,NO_USABLE_CANDIDATE
130,ES,LATIN_AMERICA_MODERN_CONTEMPORARY,2,Juan Gabriel Vásquez,El ruido de las cosas al caer,TITLE_AUTHOR,/works/OL16421046W,El ruido de las cosas al caer,Juan Gabriel Vásquez,/books/OL25155486M,El ruido de las cosas al caer,,spa,8420475076,Alfaguara,2011,,7363148,1.0,1.0,0.9850000000000001,VALID_COVER,235,377,JPEG,data/audit/reconstruction-ES-candidate-covers/ES-130-OL25155486M.jpeg,USABLE_CANDIDATE,BEST_CANDIDATE_FOUND
131,ES,LATIN_AMERICA_MODERN_CONTEMPORARY,2,Juan Gabriel Vásquez,La forma de las ruinas,TITLE_AUTHOR,/works/OL20029688W,La forma de las ruinas,Juan Gabriel Vásquez,/books/OL27209736M,La forma de las ruinas,,spa,9786073139687,,2016,,13019617,1.0,1.0,0.9600000000000001,VALID_COVER,285,500,JPEG,data/audit/reconstruction-ES-candidate-covers/ES-131-OL27209736M.jpeg,USABLE_CANDIDATE,BEST_CANDIDATE_FOUND
132,ES,LATIN_AMERICA_MODERN_CONTEMPORARY,2,Samanta Schweblin,Distancia de rescate,,,,,,,,,,,,,,,,,,,,,,,NO_USABLE_CANDIDATE
133,ES,LATIN_AMERICA_MODERN_CONTEMPORARY,2,Mariana Enríquez,Las cosas que perdimos en el fuego,TITLE_AUTHOR,/works/OL17319533W,Las cosas que perdimos en el fuego,Mariana Enríquez,/books/OL25894501M,Las cosas que perdimos en el fuego,,spa,9788433998064,Anagrama,2016,,14430190,1.0,1.0,0.9850000000000001,VALID_COVER,318,500,JPEG,data/audit/reconstruction-ES-candidate-covers/ES-133-OL25894501M.jpeg,USABLE_CANDIDATE,BEST_CANDIDATE_FOUND
134,ES,LATIN_AMERICA_MODERN_CONTEMPORARY,2,Valeria Luiselli,Los ingrávidos,,,,,,,,,,,,,,,,,,,,,,,NO_USABLE_CANDIDATE
135,ES,LATIN_AMERICA_MODERN_CONTEMPORARY,2,Alejandro Zambra,Bonsái,TITLE_AUTHOR,/works/OL11877394W,Bonsái,Alejandro Zambra,/books/OL22664261M,Bonsái,,spa,8433971298,Editorial Anagrama,2006,,8083076,1.0,1.0,0.9850000000000001,VALID_COVER,218,218,JPEG,data/audit/reconstruction-ES-candidate-covers/ES-135-OL22664261M.jpeg,USABLE_CANDIDATE,BEST_CANDIDATE_FOUND
136,ES,LATIN_AMERICA_MODERN_CONTEMPORARY,2,Alejandro Zambra,Formas de volver a casa,TITLE_AUTHOR,/works/OL16609694W,Formas de volver a casa,Alejandro Zambra,/books/OL25292672M,Formas de volver a casa,,spa,9788433972279,Anagrama,2011,,8083078,1.0,1.0,0.9850000000000001,VALID_COVER,218,218,JPEG,data/audit/reconstruction-ES-candidate-covers/ES-136-OL25292672M.jpeg,USABLE_CANDIDATE,BEST_CANDIDATE_FOUND
137,ES,LATIN_AMERICA_MODERN_CONTEMPORARY,2,Juan Villoro,El testigo,TITLE_AUTHOR,/works/OL700379W,El testigo,Juan Villoro,/books/OL3460761M,El testigo,,spa,8433968688,Editorial Anagrama,2004,,2270224,1.0,1.0,0.9850000000000001,VALID_COVER,317,500,JPEG,data/audit/reconstruction-ES-candidate-covers/ES-137-OL3460761M.jpeg,USABLE_CANDIDATE,BEST_CANDIDATE_FOUND
138,ES,LATIN_AMERICA_MODERN_CONTEMPORARY,2,Cristina Rivera Garza,Nadie me verá llorar,TITLE_AUTHOR,/works/OL845487W,Nadie Me Vera Llorar,Cristina Rivera Garza,/books/OL9144163M,Nadie Me Vera Llorar,,spa,9788483102480,TusQuets,"September 1, 2004",,12181178,1.0,1.0,0.9850000000000001,VALID_COVER,334,500,JPEG,data/audit/reconstruction-ES-candidate-covers/ES-138-OL9144163M.jpeg,USABLE_CANDIDATE,BEST_CANDIDATE_FOUND
139,ES,LATIN_AMERICA_MODERN_CONTEMPORARY,2,Fernanda Melchor,Temporada de huracanes,TITLE_AUTHOR,/works/OL17792692W,Temporada de huracanes,Fernanda Melchor,/books/OL58462895M,Temporada de huracanes,,spa,9786073810586,Debolsillo,2022,,15253620,1.0,1.0,0.9850000000000001,VALID_COVER,328,500,JPEG,data/audit/reconstruction-ES-candidate-covers/ES-139-OL58462895M.jpeg,USABLE_CANDIDATE,BEST_CANDIDATE_FOUND
140,ES,LATIN_AMERICA_MODERN_CONTEMPORARY,2,Guadalupe Nettel,El cuerpo en que nací,TITLE_ONLY,/works/OL16573946W,El cuerpo en que nací,Guadalupe Nettel,/books/OL25261608M,El cuerpo en que nací,,spa,9788433972316,Editorial Anagrama,2011,,11461842,1.0,1.0,0.9850000000000001,VALID_COVER,297,500,JPEG,data/audit/reconstruction-ES-candidate-covers/ES-140-OL25261608M.jpeg,USABLE_CANDIDATE,BEST_CANDIDATE_FOUND
141,ES,ESSAYS_PHILOSOPHY,2,José Ortega y Gasset,La rebelión de las masas,BROAD,/works/OL504349W,La rebelión de las masas,José Ortega y Gasset,/books/OL445176M,La rebelión de las masas,,spa,8470397885,Editorial Castalia,1998,,1047940,1.0,1.0,0.9850000000000001,VALID_COVER,286,500,JPEG,data/audit/reconstruction-ES-candidate-covers/ES-141-OL445176M.jpeg,USABLE_CANDIDATE,BEST_CANDIDATE_FOUND
142,ES,ESSAYS_PHILOSOPHY,2,José Ortega y Gasset,Meditaciones del Quijote,BROAD,/works/OL504313W,Meditaciones del Quijote,José Ortega y Gasset,/books/OL1998353M,Meditaciones del Quijote,,spa,8437604818,Cátedra,1984,,13165017,1.0,1.0,0.9850000000000001,VALID_COVER,299,500,JPEG,data/audit/reconstruction-ES-candidate-covers/ES-142-OL1998353M.jpeg,USABLE_CANDIDATE,BEST_CANDIDATE_FOUND
143,ES,ESSAYS_PHILOSOPHY,2,María Zambrano,Claros del bosque,TITLE_AUTHOR,/works/OL938939W,Claros del bosque,María Zambrano,/books/OL4496766M,Claros del bosque,,spa,8432203394,Seix Barral,1977,,4409878,1.0,1.0,0.9850000000000001,VALID_COVER,128,201,JPEG,data/audit/reconstruction-ES-candidate-covers/ES-143-OL4496766M.jpeg,USABLE_CANDIDATE,BEST_CANDIDATE_FOUND
144,ES,ESSAYS_PHILOSOPHY,2,María Zambrano,El hombre y lo divino,,,,,,,,,,,,,,,,,,,,,,,NO_USABLE_CANDIDATE
145,ES,ESSAYS_PHILOSOPHY,2,Miguel de Unamuno,Del sentimiento trágico de la vida,BROAD,/works/OL503529W,Del sentimiento trágico de la vida en los hombres y en los pueblos,Miguel de Unamuno,/books/OL25587297M,Del sentimiento tragico de la vida,,spa,,Renacimiento,1930,,9750523,1.0,1.0,0.9550000000000001,VALID_COVER,324,500,JPEG,data/audit/reconstruction-ES-candidate-covers/ES-145-OL25587297M.jpeg,USABLE_CANDIDATE,BEST_CANDIDATE_FOUND
146,ES,ESSAYS_PHILOSOPHY,2,Octavio Paz,El arco y la lira,TITLE_AUTHOR,/works/OL743213W,Arco y la lira,Octavio Paz,/books/OL18327308M,The bow and the lyre (El arco y la lira),"the poem, the poetic revelation, poetry and history.",eng | spa,0292707096,University of Texas Press,1973,,10046924,0.95,1.0,0.9590000000000001,VALID_COVER,324,500,JPEG,data/audit/reconstruction-ES-candidate-covers/ES-146-OL18327308M.jpeg,USABLE_CANDIDATE,BEST_CANDIDATE_FOUND
147,ES,ESSAYS_PHILOSOPHY,2,Jorge Luis Borges,Otras inquisiciones,TITLE_AUTHOR,/works/OL26390878W,INQUISICIONES/ OTRAS INQUISICIONES,Jorge Luis Borges,/books/OL26320969M,Inquisiciones / Otras inquisiciones,,spa,9788499089546,Debolsillo,2013-07,,13403332,0.95,1.0,0.9590000000000001,VALID_COVER,328,500,JPEG,data/audit/reconstruction-ES-candidate-covers/ES-147-OL26320969M.jpeg,USABLE_CANDIDATE,BEST_CANDIDATE_FOUND
148,ES,ESSAYS_PHILOSOPHY,2,Carlos Fuentes,La nueva novela hispanoamericana,,,,,,,,,,,,,,,,,,,,,,,NO_USABLE_CANDIDATE
149,ES,ESSAYS_PHILOSOPHY,2,Mario Vargas Llosa,La verdad de las mentiras,BROAD,/works/OL857566W,La verdad de las mentiras,Mario Vargas Llosa,/books/OL16141002M,La verdad de las mentiras,,spa,9788466369398,"Santillana Ediciones Generales, S.L. (Punto de Lectura)",2007,,8145364,1.0,1.0,0.9850000000000001,VALID_COVER,350,500,JPEG,data/audit/reconstruction-ES-candidate-covers/ES-149-OL16141002M.jpeg,USABLE_CANDIDATE,BEST_CANDIDATE_FOUND
150,ES,ESSAYS_PHILOSOPHY,2,Fernando Savater,Ética para Amador,TITLE_AUTHOR,/works/OL2184619W,Ethique à l'usage de mon fils - Politique à l'usage de mon fils,Fernando Savater | Portuguese,/books/OL30530119M,Ética para Amador,,spa,9789686640373,Ariel,"Sep 30, 1991",,10463612,1.0,1.0,0.9850000000000001,VALID_COVER,312,500,JPEG,data/audit/reconstruction-ES-candidate-covers/ES-150-OL30530119M.jpeg,USABLE_CANDIDATE,BEST_CANDIDATE_FOUND
151,ES,ESSAYS_PHILOSOPHY,2,Eduardo Galeano,Las venas abiertas de América Latina,TITLE_AUTHOR,/works/OL698173W,Las venas abiertas de América Latina,Eduardo Galeano,/books/OL15462897M,Las venas abiertas de América Latina,,spa,9682319005,Siglo Veintiuno,1999,,14828515,1.0,1.0,0.9850000000000001,VALID_COVER,304,500,JPEG,data/audit/reconstruction-ES-candidate-covers/ES-151-OL15462897M.jpeg,USABLE_CANDIDATE,BEST_CANDIDATE_FOUND
152,ES,ESSAYS_PHILOSOPHY,2,José Carlos Mariátegui,Siete ensayos de interpretación de la realidad peruana,TITLE_AUTHOR,/works/OL9234668W,Siete Ensayos de Interpretacion de La Realidad Peruana,Jose Carlos Mariategui,/books/OL13198757M,Siete Ensayos de Interpretacion de La Realidad Peruana,,spa,9789872238438,Ediciones El Andariego,August 2006,,3360575,1.0,1.0,0.9850000000000001,VALID_COVER,333,500,JPEG,data/audit/reconstruction-ES-candidate-covers/ES-152-OL13198757M.jpeg,USABLE_CANDIDATE,BEST_CANDIDATE_FOUND
153,ES,HISTORY_SOCIETY,2,Bartolomé de las Casas,Brevísima relación de la destrucción de las Indias,BROAD,/works/OL957329W,"An account, much abbreviated, of the destruction of the Indies, with related texts",Bartolomé de las Casas | Franklin W. Knight | Andrew Hurley,/books/OL9153810M,Brevisima relacion de la destruccion de las Indias,,spa,9788496290099,Linkgua US,"February 22, 2006",,2273040,1.0,1.0,0.9850000000000001,VALID_COVER,323,500,JPEG,data/audit/reconstruction-ES-candidate-covers/ES-153-OL9153810M.jpeg,USABLE_CANDIDATE,BEST_CANDIDATE_FOUND
154,ES,HISTORY_SOCIETY,2,Bernal Díaz del Castillo,Historia verdadera de la conquista de la Nueva España,TITLE_AUTHOR,/works/OL24494192W,Historia verdadera de la conquista de la Nueva España,Bernal Díaz del Castillo,/books/OL43433050M,Historia verdadera de la conquista de la Nueva España,,spa,8423912744,Espasa Calpe,1968,,13029022,1.0,1.0,0.9850000000000001,VALID_COVER,313,500,JPEG,data/audit/reconstruction-ES-candidate-covers/ES-154-OL43433050M.jpeg,USABLE_CANDIDATE,BEST_CANDIDATE_FOUND
155,ES,HISTORY_SOCIETY,2,Domingo Faustino Sarmiento,Facundo,TITLE_AUTHOR,/works/OL27707852W,Facundo,Domingo Faustino Sarmiento | Juan Carlos Casas,/books/OL9199465M,Facundo,Civilizacion y Barbarie en Las Pampas Argentinas,spa,9789871136001,Stockcero,May 2003,,1055680,1.0,1.0,0.9850000000000001,VALID_COVER,333,500,JPEG,data/audit/reconstruction-ES-candidate-covers/ES-155-OL9199465M.jpeg,USABLE_CANDIDATE,BEST_CANDIDATE_FOUND
156,ES,HISTORY_SOCIETY,2,Rodolfo Walsh,Operación Masacre,TITLE_ONLY,/works/OL952656W,Operación masacre,Rodolfo J. Walsh,/books/OL22164350M,Operación masacre,,spa,950515352X,Ediciones de La Flor,1986,,5407661,1.0,0.9285714285714286,0.9664285714285715,VALID_COVER,128,182,JPEG,data/audit/reconstruction-ES-candidate-covers/ES-156-OL22164350M.jpeg,USABLE_CANDIDATE,BEST_CANDIDATE_FOUND
157,ES,HISTORY_SOCIETY,2,Manuel Chaves Nogales,A sangre y fuego,TITLE_AUTHOR,/works/OL3051151W,A sangre y fuego,Manuel Chaves Nogales,/books/OL62086421M,A sangre y fuego,,spa,8467020660,Espasa-Calpe,2006,,15229803,1.0,1.0,0.9850000000000001,VALID_COVER,261,391,JPEG,data/audit/reconstruction-ES-candidate-covers/ES-157-OL62086421M.jpeg,USABLE_CANDIDATE,BEST_CANDIDATE_FOUND
158,ES,HISTORY_SOCIETY,2,Arturo Barea,La forja de un rebelde,TITLE_AUTHOR,/works/OL1202287W,La llama,Arturo Barea,/books/OL21856126M,La forja de un rebelde,La llama,spa,9788485137633,Turner,1977,,12858510,1.0,1.0,0.9850000000000001,VALID_COVER,313,500,JPEG,data/audit/reconstruction-ES-candidate-covers/ES-158-OL21856126M.jpeg,USABLE_CANDIDATE,BEST_CANDIDATE_FOUND
159,ES,HISTORY_SOCIETY,2,Javier Cercas,Anatomía de un instante,,,,,,,,,,,,,,,,,,,,,,,NO_USABLE_CANDIDATE
160,ES,HISTORY_SOCIETY,2,Manuel Azaña,La velada en Benicarló,TITLE_AUTHOR,/works/OL1430242W,La velada en Benicarló,Manuel Azaña,/books/OL26695238M,La velada en Benicarló,Diálogo de la guerra de España,spa,9788470391842,Castalia,1974,,12840791,1.0,1.0,0.9850000000000001,VALID_COVER,326,500,JPEG,data/audit/reconstruction-ES-candidate-covers/ES-160-OL26695238M.jpeg,USABLE_CANDIDATE,BEST_CANDIDATE_FOUND
161,ES,YOUTH,3,Ana María Matute,Paulina,TITLE_AUTHOR,/works/OL979955W,Paulina,Ana María Matute,/books/OL136333M,Paulina,,spa,8426430279,Editorial Lumen,1998,,12888356,1.0,1.0,0.9850000000000001,VALID_COVER,431,500,JPEG,data/audit/reconstruction-ES-candidate-covers/ES-161-OL136333M.jpeg,USABLE_CANDIDATE,BEST_CANDIDATE_FOUND
162,ES,YOUTH,3,Ana María Matute,El polizón del Ulises,TITLE_AUTHOR,/works/OL979932W,"El polizón del ""Ulises""",Ana María Matute,/books/OL9415073M,El Polizon Del Ulises,,spa,9788426430229,Lumeneditorial,April 1998,,14320245,1.0,1.0,0.9850000000000001,VALID_COVER,436,500,JPEG,data/audit/reconstruction-ES-candidate-covers/ES-162-OL9415073M.jpeg,USABLE_CANDIDATE,BEST_CANDIDATE_FOUND
163,ES,YOUTH,3,Juan Muñoz Martín,Fray Perico y su borrico,BROAD,/works/OL9114663W,Fray Perico y su borrico,Juan Muñoz Martín,/books/OL9129564M,Fray Perico y su borrico,,spa,9788434894099,Ediciones SM,2005,,12739890,1.0,1.0,0.9850000000000001,VALID_COVER,303,500,JPEG,data/audit/reconstruction-ES-candidate-covers/ES-163-OL9129564M.jpeg,USABLE_CANDIDATE,BEST_CANDIDATE_FOUND
164,ES,YOUTH,3,Elvira Lindo,Manolito Gafotas,TITLE_AUTHOR,/works/OL16295477W,Manolito Gafotas,Elvira Lindo,/books/OL24044957M,Manolito Gafotas,,spa,9788422657101,Círculo de Lectores,1995,,8086918,1.0,1.0,0.9850000000000001,VALID_COVER,350,500,JPEG,data/audit/reconstruction-ES-candidate-covers/ES-164-OL24044957M.jpeg,USABLE_CANDIDATE,BEST_CANDIDATE_FOUND
165,ES,YOUTH,3,Jordi Sierra i Fabra,Kafka y la muñeca viajera,TITLE_AUTHOR,/works/OL707255W,Kafka y la muneca viajera / Kafka And the Traveling Doll (Las Tres Edades / the Three Ages),Jordi Sierra i Fabra,/books/OL13311452M,Kafka y la muñeca viajera,,spa,9788478449859,Siruela,"February 28, 2006",,12717018,1.0,1.0,0.9850000000000001,VALID_COVER,319,500,JPEG,data/audit/reconstruction-ES-candidate-covers/ES-165-OL13311452M.jpeg,USABLE_CANDIDATE,BEST_CANDIDATE_FOUND
166,ES,YOUTH,3,Laura Gallego García,Finis Mundi,BROAD,/works/OL8120687W,Finis Mundi,Laura Gallego,/books/OL27103205M,Finis Mundi,,spa,9788434870116,SM,2002,,14624010,1.0,0.95,0.9720000000000001,VALID_COVER,310,500,JPEG,data/audit/reconstruction-ES-candidate-covers/ES-166-OL27103205M.jpeg,USABLE_CANDIDATE,BEST_CANDIDATE_FOUND
167,ES,YOUTH,3,María Isabel Molina,El señor del cero,TITLE_AUTHOR,/works/OL9058616W,El Señor Del Cero,Maria Isabel Molina,/books/OL13118044M,El Señor Del Cero,,spa,9789681903886,Santillana USA Publishing Company,November 2002,,3353789,1.0,1.0,0.9850000000000001,VALID_COVER,302,500,JPEG,data/audit/reconstruction-ES-candidate-covers/ES-167-OL13118044M.jpeg,USABLE_CANDIDATE,BEST_CANDIDATE_FOUND
168,ES,YOUTH,3,María Elena Walsh,Cuentopos de Gulubú,,,,,,,,,,,,,,,,,,,,,,,NO_USABLE_CANDIDATE
169,ES,GRAPHIC,3,Quino,Mafalda,BROAD,/works/OL27715892W,Mafalda,Quino,/books/OL37812886M,Mafalda,todas las tiras,spa,9786074213034,Tusquets editores,2012,,12716890,1.0,1.0,0.9850000000000001,VALID_COVER,500,404,JPEG,data/audit/reconstruction-ES-candidate-covers/ES-169-OL37812886M.jpeg,USABLE_CANDIDATE,BEST_CANDIDATE_FOUND
170,ES,GRAPHIC,3,Héctor Germán Oesterheld,El Eternauta,BROAD,/works/OL20450588W,El Eternauta,H. G. Oesterheld | Francisco Solano Lopez,/books/OL27675189M,The Eternaut,,spa,9781978701984,Fantagraphics,2019,,9116932,1.0,0.7368421052631579,0.9165789473684212,VALID_COVER,500,386,JPEG,data/audit/reconstruction-ES-candidate-covers/ES-170-OL27675189M.jpeg,USABLE_CANDIDATE,BEST_CANDIDATE_FOUND
171,ES,GRAPHIC,3,Paco Roca,Arrugas,,,,,,,,,,,,,,,,,,,,,,,NO_USABLE_CANDIDATE
172,ES,GRAPHIC,3,Paco Roca,Los surcos del azar,TITLE_AUTHOR,/works/OL16812961W,Los surcos del azar,Paco Roca,/books/OL25438593M,Los surcos del azar,,spa,9788415685364,Astiberri,2013,,7272392,1.0,1.0,0.9850000000000001,VALID_COVER,351,500,JPEG,data/audit/reconstruction-ES-candidate-covers/ES-172-OL25438593M.jpeg,USABLE_CANDIDATE,BEST_CANDIDATE_FOUND
173,ES,GRAPHIC,3,Miguelanxo Prado,Trazo de tiza,TITLE_AUTHOR,/works/OL2206759W,Streak of Chalk (ComicsLit),Miguelanxo Prado,/books/OL25380027M,Trazo de Tiza,,spa,9788467908053,Norma,2012,,7152150,1.0,1.0,0.9850000000000001,VALID_COVER,385,500,JPEG,data/audit/reconstruction-ES-candidate-covers/ES-173-OL25380027M.jpeg,USABLE_CANDIDATE,BEST_CANDIDATE_FOUND
